use bookdb;

INSERT INTO catalog(code, name, sort_order, active) VALUES ('NOVEL', '소설', 0, 1) ON DUPLICATE KEY UPDATE name=VALUES(name), active=VALUES(active);
INSERT INTO catalog(code, name, sort_order, active) VALUES ('SCIENCE_TECH', '과학/기술', 0, 1) ON DUPLICATE KEY UPDATE name=VALUES(name), active=VALUES(active);
INSERT INTO catalog(code, name, sort_order, active) VALUES ('COMPUTER_IT', '컴퓨터/IT', 0, 1) ON DUPLICATE KEY UPDATE name=VALUES(name), active=VALUES(active);
INSERT INTO catalog(code, name, sort_order, active) VALUES ('BUSINESS_SELFHELP', '경제/경영/자기계발', 0, 1) ON DUPLICATE KEY UPDATE name=VALUES(name), active=VALUES(active);

-- Upsert 700 books and details
INSERT INTO book (isbn, title, subtitle, author, image_url, published_date, publisher) VALUES ('9791134890940', '약사의 혼잣말 8', NULL, '네코쿠라게 (지은이)', 'https://image.aladin.co.kr/product/28010/57/cover/k322734931_1.jpg', '2021-09-27', '학산문화사(만화)') ON DUPLICATE KEY UPDATE title=VALUES(title), subtitle=VALUES(subtitle), author=VALUES(author), image_url=VALUES(image_url), published_date=VALUES(published_date), publisher=VALUES(publisher);
INSERT INTO book_detail (isbn, sold_out, free_shipping, list_price, sale_price, author_bio, book_description) VALUES ('9791134890940', 0, 0, 5500, 5500, '네코쿠라게 (지은이)에 대한 간단 소개입니다.', '한 차례 후궁에서 해고되었으나 진시에게 직접 고용되는 형태로 외정 근무를 하게 된 마오마오. 그런 마오마오에게 이전보다 더욱 호기심을 자극하는 수수께끼 풀이 상담과 그 외에도 귀찮은 의뢰가 자꾸만 들어옵니다. 명탐정 마오마오 탄생…?') ON DUPLICATE KEY UPDATE sold_out=VALUES(sold_out), free_shipping=VALUES(free_shipping), list_price=VALUES(list_price), sale_price=VALUES(sale_price), author_bio=VALUES(author_bio), book_description=VALUES(book_description);
INSERT INTO book (isbn, title, subtitle, author, image_url, published_date, publisher) VALUES ('9788954682527', '2021 김승옥문학상 수상작품집', NULL, '문진영', 'https://image.aladin.co.kr/product/28055/72/cover/8954682529_1.jpg', '2021-10-05', '문학동네') ON DUPLICATE KEY UPDATE title=VALUES(title), subtitle=VALUES(subtitle), author=VALUES(author), image_url=VALUES(image_url), published_date=VALUES(published_date), publisher=VALUES(publisher);
INSERT INTO book_detail (isbn, sold_out, free_shipping, list_price, sale_price, author_bio, book_description) VALUES ('9788954682527', 0, 0, 10000, 10000, '문진영에 대한 간단 소개입니다.', '2020 김승옥문학상 수상 작가는 김금희, 은희경, 권여선, 황정은, 정한아, 최은미, 기준영이다. 누구도 의심할 수 없을 문학적 성과를 이뤄오며 한국문학의 중추가 된 이들 중 ''''소설'' 장르가 아니고선 결코 도달할 수 없는 자리라고 판단''(신수정)된 김금희 작가에게 대상의 영예가 주어졌다.') ON DUPLICATE KEY UPDATE sold_out=VALUES(sold_out), free_shipping=VALUES(free_shipping), list_price=VALUES(list_price), sale_price=VALUES(sale_price), author_bio=VALUES(author_bio), book_description=VALUES(book_description);
INSERT INTO book (isbn, title, subtitle, author, image_url, published_date, publisher) VALUES ('9788936459574', '나나 (양장)', NULL, '이희영 (지은이)', 'https://image.aladin.co.kr/product/28053/58/cover/8936459570_1.jpg', '2021-10-01', '창비') ON DUPLICATE KEY UPDATE title=VALUES(title), subtitle=VALUES(subtitle), author=VALUES(author), image_url=VALUES(image_url), published_date=VALUES(published_date), publisher=VALUES(publisher);
INSERT INTO book_detail (isbn, sold_out, free_shipping, list_price, sale_price, author_bio, book_description) VALUES ('9788936459574', 0, 0, 13000, 13000, '이희영 (지은이)에 대한 간단 소개입니다.', '한국형 영어덜트 소설의 지평을 넓히는 소설Y 시리즈 첫 권. ‘영혼이 몸을 빠져나온다면’이라는 흥미로운 설정에서 출발한 이번 작품은 재기 넘치는 문장으로 오늘을 사는 현대인의 영혼을 속속들이 들여다본다.') ON DUPLICATE KEY UPDATE sold_out=VALUES(sold_out), free_shipping=VALUES(free_shipping), list_price=VALUES(list_price), sale_price=VALUES(sale_price), author_bio=VALUES(author_bio), book_description=VALUES(book_description);
INSERT INTO book (isbn, title, subtitle, author, image_url, published_date, publisher) VALUES ('9791191496055', '설민석의 세계사 대모험 10 - 영국 산업 혁명 편 : 멋진 신세계', NULL, '설민석', 'https://image.aladin.co.kr/product/28053/49/cover/k352734532_1.jpg', '2021-09-30', '단꿈아이') ON DUPLICATE KEY UPDATE title=VALUES(title), subtitle=VALUES(subtitle), author=VALUES(author), image_url=VALUES(image_url), published_date=VALUES(published_date), publisher=VALUES(publisher);
INSERT INTO book_detail (isbn, sold_out, free_shipping, list_price, sale_price, author_bio, book_description) VALUES ('9791191496055', 0, 0, 12000, 12000, '설민석에 대한 간단 소개입니다.', '세계사 현장으로 시간 여행을 떠나, 설쌤이 들려주는 재미있는 세계사 이야기. 마치 여행을 떠난 듯, 세계의 역사를 생생하게 경험하고, 그 속에서 다양한 사람을 만나며 리더가 지녀야 할 덕목을 배워 보자.') ON DUPLICATE KEY UPDATE sold_out=VALUES(sold_out), free_shipping=VALUES(free_shipping), list_price=VALUES(list_price), sale_price=VALUES(sale_price), author_bio=VALUES(author_bio), book_description=VALUES(book_description);
INSERT INTO book (isbn, title, subtitle, author, image_url, published_date, publisher) VALUES ('9791165217006', '반죽부터 다시 시작하는 스콘', NULL, '하영아 (지은이)', 'https://image.aladin.co.kr/product/28053/47/cover/k152734532_2.jpg', '2021-10-04', '길벗') ON DUPLICATE KEY UPDATE title=VALUES(title), subtitle=VALUES(subtitle), author=VALUES(author), image_url=VALUES(image_url), published_date=VALUES(published_date), publisher=VALUES(publisher);
INSERT INTO book_detail (isbn, sold_out, free_shipping, list_price, sale_price, author_bio, book_description) VALUES ('9791165217006', 0, 0, 17000, 17000, '하영아 (지은이)에 대한 간단 소개입니다.', '〈반죽부터 다시 시작하는 베이킹 시리즈〉 1탄카페 사장님들이 열광하는 사월의 물고기 베이킹 클래스를 책으로 만난다 연남동 인기 카페 ‘사월의 물고기’의 스콘 레시피 20당신의 베이킹이 실패하는 이유는 바로 반죽에 있다! 지금까지 알고 있던 잘못된 반죽법은 모두 잊어버리고 이제 기초부터 다시...') ON DUPLICATE KEY UPDATE sold_out=VALUES(sold_out), free_shipping=VALUES(free_shipping), list_price=VALUES(list_price), sale_price=VALUES(sale_price), author_bio=VALUES(author_bio), book_description=VALUES(book_description);
INSERT INTO book (isbn, title, subtitle, author, image_url, published_date, publisher) VALUES ('9791165217020', '반죽부터 다시 시작하는 파운드 케이크', NULL, '하영아 (지은이)', 'https://image.aladin.co.kr/product/28053/47/cover/k002734532_2.jpg', '2021-10-04', '길벗') ON DUPLICATE KEY UPDATE title=VALUES(title), subtitle=VALUES(subtitle), author=VALUES(author), image_url=VALUES(image_url), published_date=VALUES(published_date), publisher=VALUES(publisher);
INSERT INTO book_detail (isbn, sold_out, free_shipping, list_price, sale_price, author_bio, book_description) VALUES ('9791165217020', 0, 0, 17000, 17000, '하영아 (지은이)에 대한 간단 소개입니다.', '반죽을 만드는 기본 과정, 도구, 재료 설명, 포인트까지 누구나 맛있게 만들 수 있는 반죽의 비결을 알려준다. 비싼 클래스를 가지 않아도 이 책 하나만 있으면 실패 없는 완벽한 베이킹이 가능하다. 인기 베이킹 클래스 ‘사월의물고기’가 수많은 테스트를 거쳐 엄선한 20개의 스콘 레시피를 공개한다.') ON DUPLICATE KEY UPDATE sold_out=VALUES(sold_out), free_shipping=VALUES(free_shipping), list_price=VALUES(list_price), sale_price=VALUES(sale_price), author_bio=VALUES(author_bio), book_description=VALUES(book_description);
INSERT INTO book (isbn, title, subtitle, author, image_url, published_date, publisher) VALUES ('9791165217013', '반죽부터 다시 시작하는 피낭시에 & 마들렌', NULL, '하영아 (지은이)', 'https://image.aladin.co.kr/product/28053/46/cover/k932734532_2.jpg', '2021-10-04', '길벗') ON DUPLICATE KEY UPDATE title=VALUES(title), subtitle=VALUES(subtitle), author=VALUES(author), image_url=VALUES(image_url), published_date=VALUES(published_date), publisher=VALUES(publisher);
INSERT INTO book_detail (isbn, sold_out, free_shipping, list_price, sale_price, author_bio, book_description) VALUES ('9791165217013', 0, 0, 17000, 17000, '하영아 (지은이)에 대한 간단 소개입니다.', '〈반죽부터 다시 시작하는 베이킹 시리즈〉 2탄카페 사장님들이 열광하는 사월의 물고기 베이킹 클래스를 책으로 만난다 연남동 인기 카페 ‘사월의 물고기’의 피낭시에&마들렌 레시피 20당신의 베이킹이 실패하는 이유는 바로 반죽에 있다! 지금까지 알고 있던 잘못된 반죽법은 모두 잊어버리고 이제...') ON DUPLICATE KEY UPDATE sold_out=VALUES(sold_out), free_shipping=VALUES(free_shipping), list_price=VALUES(list_price), sale_price=VALUES(sale_price), author_bio=VALUES(author_bio), book_description=VALUES(book_description);
INSERT INTO book (isbn, title, subtitle, author, image_url, published_date, publisher) VALUES ('9791188073818', '20212022 V-리그 스카우팅리포트 - V-리그 관전을 위한 가장 쉽고도 완벽한 준비', NULL, '신승준', 'https://image.aladin.co.kr/product/28053/45/cover/k972734532_1.jpg', '2021-10-23', '브레인스토어') ON DUPLICATE KEY UPDATE title=VALUES(title), subtitle=VALUES(subtitle), author=VALUES(author), image_url=VALUES(image_url), published_date=VALUES(published_date), publisher=VALUES(publisher);
INSERT INTO book_detail (isbn, sold_out, free_shipping, list_price, sale_price, author_bio, book_description) VALUES ('9791188073818', 0, 1, 22000, 22000, '신승준에 대한 간단 소개입니다.', '남자부, 여자부 각 팀의 새 시즌 전망부터, 선수들의 스토리와 자세한 기록, 발전해야 할 점, Best3 스탯과 더불어 일상 모습이 담긴 특별사진과 친필 각오가 담겼고, 배구 덕후 브이툰 작가의 느낌이 살아있는 선수 캐리커처까지 포함된 선수소개 스카우팅리포트 페이지까지 알차게 구성했다.') ON DUPLICATE KEY UPDATE sold_out=VALUES(sold_out), free_shipping=VALUES(free_shipping), list_price=VALUES(list_price), sale_price=VALUES(sale_price), author_bio=VALUES(author_bio), book_description=VALUES(book_description);
INSERT INTO book (isbn, title, subtitle, author, image_url, published_date, publisher) VALUES ('9788969024022', '가릉빈가', NULL, '김희숙 (지은이)', 'https://image.aladin.co.kr/product/28050/95/cover/8969024026_1.jpg', '2021-09-30', '틴틴북스(가문비)') ON DUPLICATE KEY UPDATE title=VALUES(title), subtitle=VALUES(subtitle), author=VALUES(author), image_url=VALUES(image_url), published_date=VALUES(published_date), publisher=VALUES(publisher);
INSERT INTO book_detail (isbn, sold_out, free_shipping, list_price, sale_price, author_bio, book_description) VALUES ('9788969024022', 0, 0, 11000, 11000, '김희숙 (지은이)에 대한 간단 소개입니다.', '가릉은 종 만드는 법을 배우기 위해 당나라로 떠난다. 그때 아내는 임신 중이었는데, 빈가라는 이름을 아기에게 미리 지어 준다. 가릉은 훗날 빈가와 함께 가장 아름다운 소리를 내는 종을 제작하겠노라고 아내에게 말하는데….') ON DUPLICATE KEY UPDATE sold_out=VALUES(sold_out), free_shipping=VALUES(free_shipping), list_price=VALUES(list_price), sale_price=VALUES(sale_price), author_bio=VALUES(author_bio), book_description=VALUES(book_description);
INSERT INTO book (isbn, title, subtitle, author, image_url, published_date, publisher) VALUES ('9791130641263', '파괴자들', NULL, '정혁용 (지은이)', 'https://image.aladin.co.kr/product/28050/64/cover/k342734432_1.jpg', '2021-10-01', '다산책방') ON DUPLICATE KEY UPDATE title=VALUES(title), subtitle=VALUES(subtitle), author=VALUES(author), image_url=VALUES(image_url), published_date=VALUES(published_date), publisher=VALUES(publisher);
INSERT INTO book_detail (isbn, sold_out, free_shipping, list_price, sale_price, author_bio, book_description) VALUES ('9791130641263', 0, 0, 14000, 14000, '정혁용 (지은이)에 대한 간단 소개입니다.', '색다른 스토리 전개와 감각적인 문장으로 독자들의 기대를 한 몸에 받았던 정혁용 소설가의 두 번째 장편소설. 전작 『침입자들』이 한국형 하드보일드 누아르의 신세계를 개척했다면, 『파괴자들』은 그 매력을 최대한 끌어올려 독자들에게 장르소설 읽기의 즐거움을 선사한다.') ON DUPLICATE KEY UPDATE sold_out=VALUES(sold_out), free_shipping=VALUES(free_shipping), list_price=VALUES(list_price), sale_price=VALUES(sale_price), author_bio=VALUES(author_bio), book_description=VALUES(book_description);
INSERT INTO book (isbn, title, subtitle, author, image_url, published_date, publisher) VALUES ('9791161728131', '부동산 쫌 아는 10대 - 땀이 땅을 이기는 법', NULL, '오승현 (지은이)', 'https://image.aladin.co.kr/product/28050/48/cover/k142734432_1.jpg', '2021-10-15', '풀빛') ON DUPLICATE KEY UPDATE title=VALUES(title), subtitle=VALUES(subtitle), author=VALUES(author), image_url=VALUES(image_url), published_date=VALUES(published_date), publisher=VALUES(publisher);
INSERT INTO book_detail (isbn, sold_out, free_shipping, list_price, sale_price, author_bio, book_description) VALUES ('9791161728131', 0, 0, 13000, 13000, '오승현 (지은이)에 대한 간단 소개입니다.', '사회 쫌 아는 십대 13권. 청소년의 눈높이에 맞춰 부동산이란 개념이 무엇인지, 인간에게 땅과 집이 얼마나 큰 의미인지, 그리고 토지는 언제부터 거래가 시작되었으며 어떻게 재산으로 축적되고, 인권의 문제와 연결되는지를 이해하게 해 준다.') ON DUPLICATE KEY UPDATE sold_out=VALUES(sold_out), free_shipping=VALUES(free_shipping), list_price=VALUES(list_price), sale_price=VALUES(sale_price), author_bio=VALUES(author_bio), book_description=VALUES(book_description);
INSERT INTO book (isbn, title, subtitle, author, image_url, published_date, publisher) VALUES ('9788995710395', '오늘도 합니다 - 노동조합하는 그들이 오늘을 말하다', NULL, '박완순', 'https://image.aladin.co.kr/product/28050/40/cover/899571039x_1.jpg', '2021-09-17', '레이버플러스') ON DUPLICATE KEY UPDATE title=VALUES(title), subtitle=VALUES(subtitle), author=VALUES(author), image_url=VALUES(image_url), published_date=VALUES(published_date), publisher=VALUES(publisher);
INSERT INTO book_detail (isbn, sold_out, free_shipping, list_price, sale_price, author_bio, book_description) VALUES ('9788995710395', 0, 0, 18000, 18000, '박완순에 대한 간단 소개입니다.', '월간  기자들이 현장에서 노동조합의 목소리를 듣고 기록한 인터뷰를 묶은 책이다. 의료현장부터 은행, 철도, 공장, 서비스산업 등 16곳에서 만난 노동조합의 생생한 현장 이야기를 담았다.') ON DUPLICATE KEY UPDATE sold_out=VALUES(sold_out), free_shipping=VALUES(free_shipping), list_price=VALUES(list_price), sale_price=VALUES(sale_price), author_bio=VALUES(author_bio), book_description=VALUES(book_description);
INSERT INTO book (isbn, title, subtitle, author, image_url, published_date, publisher) VALUES ('9791191842043', '나만 모른다, 내가 잘하고 있다는 걸 - 나의 자존감을 보살피는 심리학', NULL, '슈테파니 슈탈 (지은이)', 'https://image.aladin.co.kr/product/28050/31/cover/k442734431_1.jpg', '2021-09-30', '갈매나무') ON DUPLICATE KEY UPDATE title=VALUES(title), subtitle=VALUES(subtitle), author=VALUES(author), image_url=VALUES(image_url), published_date=VALUES(published_date), publisher=VALUES(publisher);
INSERT INTO book_detail (isbn, sold_out, free_shipping, list_price, sale_price, author_bio, book_description) VALUES ('9791191842043', 0, 0, 15000, 15000, '슈테파니 슈탈 (지은이)에 대한 간단 소개입니다.', '복잡한 시대 현대인을 지치게 하는 수많은 딜레마의 밑바닥에는 자존감 문제가 깔려 있다. 심리 치료사인 저자 슈테파니 슈탈은 모든 심리의 진원지인 자존감을 튼튼하게 키워 의식적으로 ''자기 자신''이 되는 법, 곧 나를 있는 그대로 인정하고 나답게 사는 삶의 방식을 일러준다.') ON DUPLICATE KEY UPDATE sold_out=VALUES(sold_out), free_shipping=VALUES(free_shipping), list_price=VALUES(list_price), sale_price=VALUES(sale_price), author_bio=VALUES(author_bio), book_description=VALUES(book_description);
INSERT INTO book (isbn, title, subtitle, author, image_url, published_date, publisher) VALUES ('9791197172311', '난임타파 - 불임 난임 치료 20년차 한의사의 임신한의원', NULL, '이병삼 (지은이)', 'https://image.aladin.co.kr/product/28046/87/cover/k512734438_1.jpg', '2021-10-10', '무진장') ON DUPLICATE KEY UPDATE title=VALUES(title), subtitle=VALUES(subtitle), author=VALUES(author), image_url=VALUES(image_url), published_date=VALUES(published_date), publisher=VALUES(publisher);
INSERT INTO book_detail (isbn, sold_out, free_shipping, list_price, sale_price, author_bio, book_description) VALUES ('9791197172311', 0, 0, NULL, NULL, '이병삼 (지은이)에 대한 간단 소개입니다.', '불임, 난임, 유산으로 고통받는 부부들과 함께 울고, 웃고, 아파한 20년 난임치료 기간 동안의 다양하고 생생한 임신성공 사례들이 담겨있다. 특히 서양의학적으로 원인불명이라고 판정된 불임에 대하여도 한의학적인 진단과 해법을 제시하고 있다.') ON DUPLICATE KEY UPDATE sold_out=VALUES(sold_out), free_shipping=VALUES(free_shipping), list_price=VALUES(list_price), sale_price=VALUES(sale_price), author_bio=VALUES(author_bio), book_description=VALUES(book_description);
INSERT INTO book (isbn, title, subtitle, author, image_url, published_date, publisher) VALUES ('9791164139118', '설민석의 역사 고민 상담소 4 - 조선 시대', NULL, '설민석', 'https://image.aladin.co.kr/product/28046/83/cover/k552734438_1.jpg', '2021-09-30', '미래엔아이세움') ON DUPLICATE KEY UPDATE title=VALUES(title), subtitle=VALUES(subtitle), author=VALUES(author), image_url=VALUES(image_url), published_date=VALUES(published_date), publisher=VALUES(publisher);
INSERT INTO book_detail (isbn, sold_out, free_shipping, list_price, sale_price, author_bio, book_description) VALUES ('9791164139118', 0, 0, 13000, 13000, '설민석에 대한 간단 소개입니다.', '역사 속 인물과 사건에 얽힌 이야기로 어린이들의 고민을 시원하게 해결해 주는 ‘신개념 한국사 읽기물’ 시리즈이다. 고민도 싹 해결하고, 한국사 지식도 쏙 담아 가는 새로운 형식의 참신한 역사 동화이다.') ON DUPLICATE KEY UPDATE sold_out=VALUES(sold_out), free_shipping=VALUES(free_shipping), list_price=VALUES(list_price), sale_price=VALUES(sale_price), author_bio=VALUES(author_bio), book_description=VALUES(book_description);
INSERT INTO book (isbn, title, subtitle, author, image_url, published_date, publisher) VALUES ('9791191426182', 'SUPER SCIENCE 초등 필수 과학 실험 세트 - 전4권', NULL, '엘리자베스 스노크 해리스 (지은이)', 'https://image.aladin.co.kr/product/28046/62/cover/k152734438_1.jpg', '2022-01-02', '블루무스어린이') ON DUPLICATE KEY UPDATE title=VALUES(title), subtitle=VALUES(subtitle), author=VALUES(author), image_url=VALUES(image_url), published_date=VALUES(published_date), publisher=VALUES(publisher);
INSERT INTO book_detail (isbn, sold_out, free_shipping, list_price, sale_price, author_bio, book_description) VALUES ('9791191426182', 0, 1, 38000, 38000, '엘리자베스 스노크 해리스 (지은이)에 대한 간단 소개입니다.', 'STEAM 교육은 과학, 기술, 공학, 예술, 수학을 통합해 융합적 사고력과 실생활 문제 해결력을 키우는 것을 목표로 하는 교육이다. STEAM 교육에 맞는 초등 필수 과학 실험들을 모은 책. 아이가 책 속 어떤 실험을 고르더라도 다양한 영역으로 지식과 호기심을 확장해 줄 것이다.') ON DUPLICATE KEY UPDATE sold_out=VALUES(sold_out), free_shipping=VALUES(free_shipping), list_price=VALUES(list_price), sale_price=VALUES(sale_price), author_bio=VALUES(author_bio), book_description=VALUES(book_description);
INSERT INTO book (isbn, title, subtitle, author, image_url, published_date, publisher) VALUES ('9791191749014', '밥보다 진심 - 내 마음 모를 때, 네 마음 안 보일 때 52개 진짜 마음 사용 설명서', NULL, '김재원 (지은이)', 'https://image.aladin.co.kr/product/28046/14/cover/k752734337_1.jpg', '2021-10-05', '책밥상') ON DUPLICATE KEY UPDATE title=VALUES(title), subtitle=VALUES(subtitle), author=VALUES(author), image_url=VALUES(image_url), published_date=VALUES(published_date), publisher=VALUES(publisher);
INSERT INTO book_detail (isbn, sold_out, free_shipping, list_price, sale_price, author_bio, book_description) VALUES ('9791191749014', 0, 0, 15000, 15000, '김재원 (지은이)에 대한 간단 소개입니다.', '양날의 검처럼, 한 끗 차이로 쓰임이 달라지고동전의 양면처럼, 장점과 단점이 함께하는일상 속 변화무쌍한 내 마음의 스펙트럼!같은 듯 다른 52개의 알쏭달쏭한 감정에 이름표를 붙이고 그 수위와 방향을 조절해, 내 감정을 삶의 무기로 만들 수 있는서울대 정신과 교수의 비법이 담긴 진짜 마음 사용 설명서!내...') ON DUPLICATE KEY UPDATE sold_out=VALUES(sold_out), free_shipping=VALUES(free_shipping), list_price=VALUES(list_price), sale_price=VALUES(sale_price), author_bio=VALUES(author_bio), book_description=VALUES(book_description);
INSERT INTO book (isbn, title, subtitle, author, image_url, published_date, publisher) VALUES ('9791156758969', '뇌 과학의 모든 역사 - 인간의 가장 깊은 비밀, 뇌를 이해하기 위한 눈부신 시도들', NULL, '매튜 코브 (지은이)', 'https://image.aladin.co.kr/product/27509/15/cover/k432734337_1.jpg', '2021-09-30', '심심') ON DUPLICATE KEY UPDATE title=VALUES(title), subtitle=VALUES(subtitle), author=VALUES(author), image_url=VALUES(image_url), published_date=VALUES(published_date), publisher=VALUES(publisher);
INSERT INTO book_detail (isbn, sold_out, free_shipping, list_price, sale_price, author_bio, book_description) VALUES ('9791156758969', 0, 1, 33000, 33000, '매튜 코브 (지은이)에 대한 간단 소개입니다.', '지금은 잊힌 이들을 포함하여 당대 뛰어난 과학자들의 치열한 논쟁과 기발한 실험 들을 살펴봄으로써 이들이 어떠한 과정을 거쳐 뇌가 생각을 만들어내는 기관이라는 사실을 규명하고, 뇌의 기능을 증명했는지에 관해 이야기한다.') ON DUPLICATE KEY UPDATE sold_out=VALUES(sold_out), free_shipping=VALUES(free_shipping), list_price=VALUES(list_price), sale_price=VALUES(sale_price), author_bio=VALUES(author_bio), book_description=VALUES(book_description);
INSERT INTO book (isbn, title, subtitle, author, image_url, published_date, publisher) VALUES ('9791170370352', '보스토크 VOSTOK 매거진 29호 - 비주얼 ASMR : 지금 여기의 이미지들', NULL, '보스토크 프레스 편집부 (엮은이)', 'https://image.aladin.co.kr/product/28046/3/cover/k572734337_1.jpg', '2021-09-27', '보스토크프레스') ON DUPLICATE KEY UPDATE title=VALUES(title), subtitle=VALUES(subtitle), author=VALUES(author), image_url=VALUES(image_url), published_date=VALUES(published_date), publisher=VALUES(publisher);
INSERT INTO book_detail (isbn, sold_out, free_shipping, list_price, sale_price, author_bio, book_description) VALUES ('9791170370352', 0, 0, 18000, 18000, '보스토크 프레스 편집부 (엮은이)에 대한 간단 소개입니다.', '보스토크 매거진. 사진과 사진을 닮은 그래픽, 그리고 그래픽을 닮은 사진까지 오늘날 시각적 풍경을 탐사하는 특집호다. 요즘 온라인과 SNS에서 사진과 그래픽의 구분이 모호한 이미지들을 일상적으로 마주하게 된다.') ON DUPLICATE KEY UPDATE sold_out=VALUES(sold_out), free_shipping=VALUES(free_shipping), list_price=VALUES(list_price), sale_price=VALUES(sale_price), author_bio=VALUES(author_bio), book_description=VALUES(book_description);
INSERT INTO book (isbn, title, subtitle, author, image_url, published_date, publisher) VALUES ('9788963653846', '꿈의 해석 - 하', NULL, '지크문트 프로이트 (지은이)', 'https://image.aladin.co.kr/product/28045/77/cover/8963653846_1.jpg', '2021-09-30', '종합출판범우') ON DUPLICATE KEY UPDATE title=VALUES(title), subtitle=VALUES(subtitle), author=VALUES(author), image_url=VALUES(image_url), published_date=VALUES(published_date), publisher=VALUES(publisher);
INSERT INTO book_detail (isbn, sold_out, free_shipping, list_price, sale_price, author_bio, book_description) VALUES ('9788963653846', 0, 0, 11000, 11000, '지크문트 프로이트 (지은이)에 대한 간단 소개입니다.', '정신분석의 창시자 프로이트의 역작 《꿈의 해석》다윈의 《종의 기원》에 비견할 만한 저서로서,프로이트는 심리학, 정신의학뿐 아니라 사회·교육·범죄학, 문예비평에 이르기까지 20세기 전반에 큰 영향을 끼쳤다.저자 프로이트의 초판부터 제8판까지의 머리말과 제1장 〈꿈의 문제에 관한 학문적 문헌〉...') ON DUPLICATE KEY UPDATE sold_out=VALUES(sold_out), free_shipping=VALUES(free_shipping), list_price=VALUES(list_price), sale_price=VALUES(sale_price), author_bio=VALUES(author_bio), book_description=VALUES(book_description);
INSERT INTO book (isbn, title, subtitle, author, image_url, published_date, publisher) VALUES ('9788934911036', '말이야와 친구들 3 - 본격 가족 명랑 시트콤 만화', NULL, '말이야와 친구들 (지은이)', 'https://image.aladin.co.kr/product/28045/66/cover/8934911034_1.jpg', '2021-09-30', '주니어김영사') ON DUPLICATE KEY UPDATE title=VALUES(title), subtitle=VALUES(subtitle), author=VALUES(author), image_url=VALUES(image_url), published_date=VALUES(published_date), publisher=VALUES(publisher);
INSERT INTO book_detail (isbn, sold_out, free_shipping, list_price, sale_price, author_bio, book_description) VALUES ('9788934911036', 0, 0, 12500, 12500, '말이야와 친구들 (지은이)에 대한 간단 소개입니다.', '유튜브 채널 ‘말이야와 친구들’의 인기 에피소드 중에서도 가장 재미있는 콘텐츠를 선별하여 유쾌한 가족 명랑 만화로 각색한 책이다. 실제 유튜브 콘텐츠를 기반으로 새롭게 창작한 스토리는 크리에이터의 적극적인 참여와 꼼꼼한 검수를 통해 만화의 재미를 극대화하였다.') ON DUPLICATE KEY UPDATE sold_out=VALUES(sold_out), free_shipping=VALUES(free_shipping), list_price=VALUES(list_price), sale_price=VALUES(sale_price), author_bio=VALUES(author_bio), book_description=VALUES(book_description);
INSERT INTO book (isbn, title, subtitle, author, image_url, published_date, publisher) VALUES ('9788961963985', '완전한 이름 - 미술사의 구석진 자리를 박차고 나온 여성 예술가들', NULL, '권근영 (지은이)', 'https://image.aladin.co.kr/product/28045/62/cover/8961963988_1.jpg', '2021-09-30', '아트북스') ON DUPLICATE KEY UPDATE title=VALUES(title), subtitle=VALUES(subtitle), author=VALUES(author), image_url=VALUES(image_url), published_date=VALUES(published_date), publisher=VALUES(publisher);
INSERT INTO book_detail (isbn, sold_out, free_shipping, list_price, sale_price, author_bio, book_description) VALUES ('9788961963985', 0, 0, 16000, 16000, '권근영 (지은이)에 대한 간단 소개입니다.', '기자이기에 앞서 미학자, 여성인 저자가 앞선 시대를 살아낸 여성 예술가들을 자신 혹은 현대사회 여성과 연결시켜 풀어내는 방식은 미술사라는 바탕 위에 써내려간 자기 고백 에세이라고 할 수 있다. 저자가 직접 만나 인터뷰한 내용을 담아내어 더욱 생생하게 전달된다.') ON DUPLICATE KEY UPDATE sold_out=VALUES(sold_out), free_shipping=VALUES(free_shipping), list_price=VALUES(list_price), sale_price=VALUES(sale_price), author_bio=VALUES(author_bio), book_description=VALUES(book_description);
INSERT INTO book (isbn, title, subtitle, author, image_url, published_date, publisher) VALUES ('9788963653839', '꿈의 해석 - 상', NULL, '지크문트 프로이트 (지은이)', 'https://image.aladin.co.kr/product/28045/57/cover/8963653838_1.jpg', '2021-09-30', '종합출판범우') ON DUPLICATE KEY UPDATE title=VALUES(title), subtitle=VALUES(subtitle), author=VALUES(author), image_url=VALUES(image_url), published_date=VALUES(published_date), publisher=VALUES(publisher);
INSERT INTO book_detail (isbn, sold_out, free_shipping, list_price, sale_price, author_bio, book_description) VALUES ('9788963653839', 0, 0, 11000, 11000, '지크문트 프로이트 (지은이)에 대한 간단 소개입니다.', '저자 프로이트의 초판부터 제8판까지의 머리말을 모두 수록하고 있으며, 제1장 〈꿈의 문제에 관한 학문적 문헌〉으로 시작해서, 제2장 〈꿈 해석의 방법〉 제3장 〈꿈은 소망의 충족이다〉 제4장 〈꿈의 왜곡〉 제5장 〈꿈의 재료와 원천〉을 다루고 있다.') ON DUPLICATE KEY UPDATE sold_out=VALUES(sold_out), free_shipping=VALUES(free_shipping), list_price=VALUES(list_price), sale_price=VALUES(sale_price), author_bio=VALUES(author_bio), book_description=VALUES(book_description);
INSERT INTO book (isbn, title, subtitle, author, image_url, published_date, publisher) VALUES ('9788927747710', '하루 딱 한 장으로 맞춤법 천재 되기', NULL, '김남미 (지은이)', 'https://image.aladin.co.kr/product/28045/33/cover/8927747712_1.jpg', '2021-10-11', '다락원') ON DUPLICATE KEY UPDATE title=VALUES(title), subtitle=VALUES(subtitle), author=VALUES(author), image_url=VALUES(image_url), published_date=VALUES(published_date), publisher=VALUES(publisher);
INSERT INTO book_detail (isbn, sold_out, free_shipping, list_price, sale_price, author_bio, book_description) VALUES ('9788927747710', 0, 0, 13000, 13000, '김남미 (지은이)에 대한 간단 소개입니다.', '맞춤법을 어려워하는 초등 아이에게 안성맞춤인 맞춤법 워크북이다. 아이들이 ''하루 딱 한 장씩 60일 동안'' 문제를 풀어내면, 그동안 자주 헷갈렸던 맞춤법과 띄어쓰기를 더는 틀리지 않을 수 있다.') ON DUPLICATE KEY UPDATE sold_out=VALUES(sold_out), free_shipping=VALUES(free_shipping), list_price=VALUES(list_price), sale_price=VALUES(sale_price), author_bio=VALUES(author_bio), book_description=VALUES(book_description);
INSERT INTO book (isbn, title, subtitle, author, image_url, published_date, publisher) VALUES ('9788932321714', '실패에 대하여 - 아무도 말하지 않은 인생의 다른 이름', NULL, '베벌리 클락 (지은이)', 'https://image.aladin.co.kr/product/25967/86/cover/893232171x_1.jpg', '2021-10-05', '현암사') ON DUPLICATE KEY UPDATE title=VALUES(title), subtitle=VALUES(subtitle), author=VALUES(author), image_url=VALUES(image_url), published_date=VALUES(published_date), publisher=VALUES(publisher);
INSERT INTO book_detail (isbn, sold_out, free_shipping, list_price, sale_price, author_bio, book_description) VALUES ('9788932321714', 0, 0, 16000, 16000, '베벌리 클락 (지은이)에 대한 간단 소개입니다.', '현대 사회에서 말하는 성취의 반대, 모두가 소홀히 여기는 바로 실패라는 대상에 대해 탐구한다. 실패는 성공의 디딤돌이라고 말하는 성취중심주의의 관점이 아니라 삶의 과정의 하나로써, 순간적이고 인간적인 경험의 일부분으로써 말이다.') ON DUPLICATE KEY UPDATE sold_out=VALUES(sold_out), free_shipping=VALUES(free_shipping), list_price=VALUES(list_price), sale_price=VALUES(sale_price), author_bio=VALUES(author_bio), book_description=VALUES(book_description);
INSERT INTO book (isbn, title, subtitle, author, image_url, published_date, publisher) VALUES ('9788934971849', '몸 교과서 - 청소년들의 인생수업을 위한 첫걸음', NULL, '강준호', 'https://image.aladin.co.kr/product/28045/1/cover/8934971843_1.jpg', '2021-09-27', '김영사') ON DUPLICATE KEY UPDATE title=VALUES(title), subtitle=VALUES(subtitle), author=VALUES(author), image_url=VALUES(image_url), published_date=VALUES(published_date), publisher=VALUES(publisher);
INSERT INTO book_detail (isbn, sold_out, free_shipping, list_price, sale_price, author_bio, book_description) VALUES ('9788934971849', 0, 0, 12000, 12000, '강준호에 대한 간단 소개입니다.', '≪청소년들의 인생수업을 위한 첫걸음, 몸 교과서≫의 목적은 인간과 삶을 몸의 관점에서 바라보자는 것이다. 그래서 몸이란 무엇인지, 몸이 어떻게 작동하는지, 몸이 우리 삶에 어떻게 관여하는지, 행복한 삶의 기반으로서 몸을 어떻게 다루어야 하는지 소개하고 있다.') ON DUPLICATE KEY UPDATE sold_out=VALUES(sold_out), free_shipping=VALUES(free_shipping), list_price=VALUES(list_price), sale_price=VALUES(sale_price), author_bio=VALUES(author_bio), book_description=VALUES(book_description);
INSERT INTO book (isbn, title, subtitle, author, image_url, published_date, publisher) VALUES ('9791160807141', '스포츠로 만나는 지리 - 축구에서 서핑까지, 스포츠 속에 숨은 지리 이야기', NULL, '최재희 (지은이)', 'https://image.aladin.co.kr/product/28042/62/cover/k632734331_1.jpg', '2021-10-04', '휴머니스트') ON DUPLICATE KEY UPDATE title=VALUES(title), subtitle=VALUES(subtitle), author=VALUES(author), image_url=VALUES(image_url), published_date=VALUES(published_date), publisher=VALUES(publisher);
INSERT INTO book_detail (isbn, sold_out, free_shipping, list_price, sale_price, author_bio, book_description) VALUES ('9791160807141', 0, 0, 13500, 13500, '최재희 (지은이)에 대한 간단 소개입니다.', '친숙한 스포츠를 매개로 다양한 지리학 지식을 만나는 지리 교양서이다. 축구, 서핑, 암벽등반, 패러글라이딩, 마라톤… 우리에게 익숙한 이 스포츠들이 지금의 형태를 갖추기까지 지구의 땅, 물, 바람이 어떤 역할을 해 왔는지 지리학의 눈으로 들여다본다.') ON DUPLICATE KEY UPDATE sold_out=VALUES(sold_out), free_shipping=VALUES(free_shipping), list_price=VALUES(list_price), sale_price=VALUES(sale_price), author_bio=VALUES(author_bio), book_description=VALUES(book_description);
INSERT INTO book (isbn, title, subtitle, author, image_url, published_date, publisher) VALUES ('9788965823148', '한국단편소설 50 - 중고생이 꼭 읽어야 할', NULL, '김동인 (지은이)', 'https://image.aladin.co.kr/product/28039/72/cover/8965823145_1.jpg', '2021-10-01', '리베르스쿨') ON DUPLICATE KEY UPDATE title=VALUES(title), subtitle=VALUES(subtitle), author=VALUES(author), image_url=VALUES(image_url), published_date=VALUES(published_date), publisher=VALUES(publisher);
INSERT INTO book_detail (isbn, sold_out, free_shipping, list_price, sale_price, author_bio, book_description) VALUES ('9788965823148', 0, 0, 18800, 18800, '김동인 (지은이)에 대한 간단 소개입니다.', '중고등학교 교과서와 교육 과정에 꼭 포함되는 필독 작품을 선정했고, 수능·논술·내신을 위해 충실한 작품 해설을 실었다. 한 권에 가장 많은 50편의 작품을 수록하면서도 전문을 실어 완전한 감상을 할 수 있도록 했다.') ON DUPLICATE KEY UPDATE sold_out=VALUES(sold_out), free_shipping=VALUES(free_shipping), list_price=VALUES(list_price), sale_price=VALUES(sale_price), author_bio=VALUES(author_bio), book_description=VALUES(book_description);
INSERT INTO book (isbn, title, subtitle, author, image_url, published_date, publisher) VALUES ('9791189799588', '식탁은 에피쿠로스처럼 - 탐식이 괴로운 이들을 위한 음식 철학', NULL, '안광복 (지은이)', 'https://image.aladin.co.kr/product/24790/63/cover/k452734136_1.jpg', '2021-10-01', '북트리거') ON DUPLICATE KEY UPDATE title=VALUES(title), subtitle=VALUES(subtitle), author=VALUES(author), image_url=VALUES(image_url), published_date=VALUES(published_date), publisher=VALUES(publisher);
INSERT INTO book_detail (isbn, sold_out, free_shipping, list_price, sale_price, author_bio, book_description) VALUES ('9791189799588', 0, 0, 13500, 13500, '안광복 (지은이)에 대한 간단 소개입니다.', '의식주 에세이''의 첫 편으로, 음식에 탐닉하면서 어떤 단계를 거쳐 인간의 욕망이 변화하는지를 철학적으로 탐구한다. 처음 미식의 빠진 사람들은 무조건 비싸고 맛이 강한 것, 화려한 것, 비싸고 좋은 것만 찾게 된다. 하지만 시간이 지나면서 그 모든 것이 얼마나 허망한지 알아차리게 마련이다. 철학자들이 고뇌 끝에 알게 된 삶의 진실, ‘나’만의 입맛과 멋을 찾아 깊이 고민하는 과정에서 알아차린 ‘나’만의 독특함, ‘나’다움에 대한 이야기가 담겨 있는 책이다.') ON DUPLICATE KEY UPDATE sold_out=VALUES(sold_out), free_shipping=VALUES(free_shipping), list_price=VALUES(list_price), sale_price=VALUES(sale_price), author_bio=VALUES(author_bio), book_description=VALUES(book_description);
INSERT INTO book (isbn, title, subtitle, author, image_url, published_date, publisher) VALUES ('9788925229546', '충사 2', '충사2', '우루시바라 유키 (지은이)', 'https://image.aladin.co.kr/product/37/62/cover/8952897188_1.jpg', '2005-07-18', '대원씨아이(만화)') ON DUPLICATE KEY UPDATE title=VALUES(title), subtitle=VALUES(subtitle), author=VALUES(author), image_url=VALUES(image_url), published_date=VALUES(published_date), publisher=VALUES(publisher);
INSERT INTO book_detail (isbn, sold_out, free_shipping, list_price, sale_price, author_bio, book_description) VALUES ('9788925229546', 0, 0, 4200, 4200, '우루시바라 유키 (지은이)에 대한 간단 소개입니다.', '충사(蟲師)는 이 작품의 제목임과 동시에 주인공 깅코의 직업을 가리키는 말이다. 문자 그대로 ''벌레 선생''. 이 작품에서의 ''벌레''란 우리가 흔히 알고 있는 그것이 아니라, 동식물과는 전혀 틀린 기괴하고 하등한 이형(異形)의 무리들을 일컫는 말이다.') ON DUPLICATE KEY UPDATE sold_out=VALUES(sold_out), free_shipping=VALUES(free_shipping), list_price=VALUES(list_price), sale_price=VALUES(sale_price), author_bio=VALUES(author_bio), book_description=VALUES(book_description);
INSERT INTO book (isbn, title, subtitle, author, image_url, published_date, publisher) VALUES ('9788953232525', 'KISS 2', 'kiss2', '마츠모토 토모 (지은이)', 'https://image.aladin.co.kr/product/18/6/cover/5000180667_1.gif', '1998-05-09', '서울미디어코믹스(서울문화사)') ON DUPLICATE KEY UPDATE title=VALUES(title), subtitle=VALUES(subtitle), author=VALUES(author), image_url=VALUES(image_url), published_date=VALUES(published_date), publisher=VALUES(publisher);
INSERT INTO book_detail (isbn, sold_out, free_shipping, list_price, sale_price, author_bio, book_description) VALUES ('9788953232525', 0, 0, 3000, 3000, '마츠모토 토모 (지은이)에 대한 간단 소개입니다.', '피아노 레슨을 통해 조금씩 조금씩 싹이 커가는 고시마 선생님과 카에의 사랑. 절제된 대사와 깔끔하고 모던한 영상, 전편에 흐르는 아름다운 피아노 선율이 독자를 사로잡는다.') ON DUPLICATE KEY UPDATE sold_out=VALUES(sold_out), free_shipping=VALUES(free_shipping), list_price=VALUES(list_price), sale_price=VALUES(sale_price), author_bio=VALUES(author_bio), book_description=VALUES(book_description);
INSERT INTO book (isbn, title, subtitle, author, image_url, published_date, publisher) VALUES ('9788953232532', 'KISS 3', 'kiss3', '마츠모토 토모 (지은이)', 'https://image.aladin.co.kr/product/21/72/cover/6000006668_1.gif', '1999-12-01', '서울미디어코믹스(서울문화사)') ON DUPLICATE KEY UPDATE title=VALUES(title), subtitle=VALUES(subtitle), author=VALUES(author), image_url=VALUES(image_url), published_date=VALUES(published_date), publisher=VALUES(publisher);
INSERT INTO book_detail (isbn, sold_out, free_shipping, list_price, sale_price, author_bio, book_description) VALUES ('9788953232532', 0, 0, 3000, 3000, '마츠모토 토모 (지은이)에 대한 간단 소개입니다.', '피아노 레슨을 통해 조금씩 조금씩 싹이 커가는 고시마 선생님과 카에의 사랑. 절제된 대사와 깔끔하고 모던한 영상, 전편에 흐르는 아름다운 피아노 선율이 독자를 사로잡는다.') ON DUPLICATE KEY UPDATE sold_out=VALUES(sold_out), free_shipping=VALUES(free_shipping), list_price=VALUES(list_price), sale_price=VALUES(sale_price), author_bio=VALUES(author_bio), book_description=VALUES(book_description);
INSERT INTO book (isbn, title, subtitle, author, image_url, published_date, publisher) VALUES ('9788953232549', 'KISS 4', 'kiss4', '마츠모토 토모 (지은이)', 'https://image.aladin.co.kr/product/21/34/cover/6000005419_1.gif', '1999-11-27', '서울미디어코믹스(서울문화사)') ON DUPLICATE KEY UPDATE title=VALUES(title), subtitle=VALUES(subtitle), author=VALUES(author), image_url=VALUES(image_url), published_date=VALUES(published_date), publisher=VALUES(publisher);
INSERT INTO book_detail (isbn, sold_out, free_shipping, list_price, sale_price, author_bio, book_description) VALUES ('9788953232549', 0, 0, 3000, 3000, '마츠모토 토모 (지은이)에 대한 간단 소개입니다.', '피아노 레슨을 통해 조금씩 조금씩 싹이 커가는 고시마 선생님과 카에의 사랑. 절제된 대사와 깔끔하고 모던한 영상, 전편에 흐르는 아름다운 피아노 선율이 독자를 사로잡는다.') ON DUPLICATE KEY UPDATE sold_out=VALUES(sold_out), free_shipping=VALUES(free_shipping), list_price=VALUES(list_price), sale_price=VALUES(sale_price), author_bio=VALUES(author_bio), book_description=VALUES(book_description);
INSERT INTO book (isbn, title, subtitle, author, image_url, published_date, publisher) VALUES ('9788953232563', 'KISS 6', 'kiss6', '마츠모토 토모 (지은이)', 'https://image.aladin.co.kr/product/28/1/cover/6000029063_1.gif', '2001-05-31', '서울미디어코믹스(서울문화사)') ON DUPLICATE KEY UPDATE title=VALUES(title), subtitle=VALUES(subtitle), author=VALUES(author), image_url=VALUES(image_url), published_date=VALUES(published_date), publisher=VALUES(publisher);
INSERT INTO book_detail (isbn, sold_out, free_shipping, list_price, sale_price, author_bio, book_description) VALUES ('9788953232563', 0, 0, 3000, 3000, '마츠모토 토모 (지은이)에 대한 간단 소개입니다.', '가느다란 그림체와 섬세한 심리 묘사로 사랑 받고 있는 순정물. 피아노를 매개로 한 선생님과 10대 소녀의 사랑이 잔잔히 배어 있다. 음악을 소재로 한 만화 답게 리드미컬한 전개가 돋보이는 최고의 인기작. 작가는 독자의 눈물샘을 자극하기도 하고 웃음보를 터뜨리게도 하는 탁월한 감각을 지닌 듯하다.') ON DUPLICATE KEY UPDATE sold_out=VALUES(sold_out), free_shipping=VALUES(free_shipping), list_price=VALUES(list_price), sale_price=VALUES(sale_price), author_bio=VALUES(author_bio), book_description=VALUES(book_description);
INSERT INTO book (isbn, title, subtitle, author, image_url, published_date, publisher) VALUES ('9788935232581', 'Kiss', 'kiss', 'Tomo Matsumoto', NULL, '2025-08-08', NULL) ON DUPLICATE KEY UPDATE title=VALUES(title), subtitle=VALUES(subtitle), author=VALUES(author), image_url=VALUES(image_url), published_date=VALUES(published_date), publisher=VALUES(publisher);
INSERT INTO book_detail (isbn, sold_out, free_shipping, list_price, sale_price, author_bio, book_description) VALUES ('9788935232581', 0, 0, NULL, NULL, 'Tomo Matsumoto에 대한 간단 소개입니다.', 'Kiss — kiss에 대한 자동 생성 소개입니다.') ON DUPLICATE KEY UPDATE sold_out=VALUES(sold_out), free_shipping=VALUES(free_shipping), list_price=VALUES(list_price), sale_price=VALUES(sale_price), author_bio=VALUES(author_bio), book_description=VALUES(book_description);
INSERT INTO book (isbn, title, subtitle, author, image_url, published_date, publisher) VALUES ('9788953253470', '디어= dear', '디어dear', 'Cocoa Fujiwara 글·그림', NULL, '2023-03-10', NULL) ON DUPLICATE KEY UPDATE title=VALUES(title), subtitle=VALUES(subtitle), author=VALUES(author), image_url=VALUES(image_url), published_date=VALUES(published_date), publisher=VALUES(publisher);
INSERT INTO book_detail (isbn, sold_out, free_shipping, list_price, sale_price, author_bio, book_description) VALUES ('9788953253470', 0, 0, NULL, NULL, 'Cocoa Fujiwara 글·그림에 대한 간단 소개입니다.', '디어= dear — 디어dear에 대한 자동 생성 소개입니다.') ON DUPLICATE KEY UPDATE sold_out=VALUES(sold_out), free_shipping=VALUES(free_shipping), list_price=VALUES(list_price), sale_price=VALUES(sale_price), author_bio=VALUES(author_bio), book_description=VALUES(book_description);
INSERT INTO book (isbn, title, subtitle, author, image_url, published_date, publisher) VALUES ('9788953268729', '디어= dear', '디어dear', 'Cocoa Fujiwara 글·그림', NULL, '2023-07-20', NULL) ON DUPLICATE KEY UPDATE title=VALUES(title), subtitle=VALUES(subtitle), author=VALUES(author), image_url=VALUES(image_url), published_date=VALUES(published_date), publisher=VALUES(publisher);
INSERT INTO book_detail (isbn, sold_out, free_shipping, list_price, sale_price, author_bio, book_description) VALUES ('9788953268729', 0, 0, NULL, NULL, 'Cocoa Fujiwara 글·그림에 대한 간단 소개입니다.', '디어= dear — 디어dear에 대한 자동 생성 소개입니다.') ON DUPLICATE KEY UPDATE sold_out=VALUES(sold_out), free_shipping=VALUES(free_shipping), list_price=VALUES(list_price), sale_price=VALUES(sale_price), author_bio=VALUES(author_bio), book_description=VALUES(book_description);
INSERT INTO book (isbn, title, subtitle, author, image_url, published_date, publisher) VALUES ('9788953272939', '디어= dear', '디어dear', 'Cocoa Fujiwara 글·그림', NULL, '2024-08-16', NULL) ON DUPLICATE KEY UPDATE title=VALUES(title), subtitle=VALUES(subtitle), author=VALUES(author), image_url=VALUES(image_url), published_date=VALUES(published_date), publisher=VALUES(publisher);
INSERT INTO book_detail (isbn, sold_out, free_shipping, list_price, sale_price, author_bio, book_description) VALUES ('9788953272939', 0, 0, NULL, NULL, 'Cocoa Fujiwara 글·그림에 대한 간단 소개입니다.', '디어= dear — 디어dear에 대한 자동 생성 소개입니다.') ON DUPLICATE KEY UPDATE sold_out=VALUES(sold_out), free_shipping=VALUES(free_shipping), list_price=VALUES(list_price), sale_price=VALUES(sale_price), author_bio=VALUES(author_bio), book_description=VALUES(book_description);
INSERT INTO book (isbn, title, subtitle, author, image_url, published_date, publisher) VALUES ('9788952981251', '지그★재그', '지그재그', '저자: Yuki Nakaji', NULL, '2025-03-17', NULL) ON DUPLICATE KEY UPDATE title=VALUES(title), subtitle=VALUES(subtitle), author=VALUES(author), image_url=VALUES(image_url), published_date=VALUES(published_date), publisher=VALUES(publisher);
INSERT INTO book_detail (isbn, sold_out, free_shipping, list_price, sale_price, author_bio, book_description) VALUES ('9788952981251', 0, 0, NULL, NULL, '저자: Yuki Nakaji에 대한 간단 소개입니다.', '지그★재그 — 지그재그에 대한 자동 생성 소개입니다.') ON DUPLICATE KEY UPDATE sold_out=VALUES(sold_out), free_shipping=VALUES(free_shipping), list_price=VALUES(list_price), sale_price=VALUES(sale_price), author_bio=VALUES(author_bio), book_description=VALUES(book_description);
INSERT INTO book (isbn, title, subtitle, author, image_url, published_date, publisher) VALUES ('9788952986598', '지그★재그', '지그재그', '저자: Yuki Nakaji', NULL, '2023-01-01', NULL) ON DUPLICATE KEY UPDATE title=VALUES(title), subtitle=VALUES(subtitle), author=VALUES(author), image_url=VALUES(image_url), published_date=VALUES(published_date), publisher=VALUES(publisher);
INSERT INTO book_detail (isbn, sold_out, free_shipping, list_price, sale_price, author_bio, book_description) VALUES ('9788952986598', 0, 0, NULL, NULL, '저자: Yuki Nakaji에 대한 간단 소개입니다.', '지그★재그 — 지그재그에 대한 자동 생성 소개입니다.') ON DUPLICATE KEY UPDATE sold_out=VALUES(sold_out), free_shipping=VALUES(free_shipping), list_price=VALUES(list_price), sale_price=VALUES(sale_price), author_bio=VALUES(author_bio), book_description=VALUES(book_description);
INSERT INTO book (isbn, title, subtitle, author, image_url, published_date, publisher) VALUES ('9788993330618', 'it''s real!:KimHoon photogaph collection', 'itsrealkimhoonphotogaphcollection', '김훈 사진', NULL, '2024-07-28', NULL) ON DUPLICATE KEY UPDATE title=VALUES(title), subtitle=VALUES(subtitle), author=VALUES(author), image_url=VALUES(image_url), published_date=VALUES(published_date), publisher=VALUES(publisher);
INSERT INTO book_detail (isbn, sold_out, free_shipping, list_price, sale_price, author_bio, book_description) VALUES ('9788993330618', 0, 0, NULL, NULL, '김훈 사진에 대한 간단 소개입니다.', 'it''s real!:KimHoon photogaph collection — itsrealkimhoonphotogaphcollection에 대한 자동 생성 소개입니다.') ON DUPLICATE KEY UPDATE sold_out=VALUES(sold_out), free_shipping=VALUES(free_shipping), list_price=VALUES(list_price), sale_price=VALUES(sale_price), author_bio=VALUES(author_bio), book_description=VALUES(book_description);
INSERT INTO book (isbn, title, subtitle, author, image_url, published_date, publisher) VALUES ('9781646430185', 'The Camel''s Lament (Hardcover)', 'thecamelslamenthardcover', 'Charles E. Carryl (지은이)', 'https://image.aladin.co.kr/product/23874/65/cover/1646430182_2.jpg', '2021-04-20', 'Applesauce Press') ON DUPLICATE KEY UPDATE title=VALUES(title), subtitle=VALUES(subtitle), author=VALUES(author), image_url=VALUES(image_url), published_date=VALUES(published_date), publisher=VALUES(publisher);
INSERT INTO book_detail (isbn, sold_out, free_shipping, list_price, sale_price, author_bio, book_description) VALUES ('9781646430185', 0, 1, 29420, 29420, 'Charles E. Carryl (지은이)에 대한 간단 소개입니다.', 'The Camel''s Lament (Hardcover) — thecamelslamenthardcover에 대한 자동 생성 소개입니다.') ON DUPLICATE KEY UPDATE sold_out=VALUES(sold_out), free_shipping=VALUES(free_shipping), list_price=VALUES(list_price), sale_price=VALUES(sale_price), author_bio=VALUES(author_bio), book_description=VALUES(book_description);
INSERT INTO book (isbn, title, subtitle, author, image_url, published_date, publisher) VALUES ('9788994071206', 'Smart city top agenda :', 'smartcitytopagenda', '김아bin', NULL, '2024-12-13', NULL) ON DUPLICATE KEY UPDATE title=VALUES(title), subtitle=VALUES(subtitle), author=VALUES(author), image_url=VALUES(image_url), published_date=VALUES(published_date), publisher=VALUES(publisher);
INSERT INTO book_detail (isbn, sold_out, free_shipping, list_price, sale_price, author_bio, book_description) VALUES ('9788994071206', 0, 0, NULL, NULL, '김아bin에 대한 간단 소개입니다.', 'Smart city top agenda : — smartcitytopagenda에 대한 자동 생성 소개입니다.') ON DUPLICATE KEY UPDATE sold_out=VALUES(sold_out), free_shipping=VALUES(free_shipping), list_price=VALUES(list_price), sale_price=VALUES(sale_price), author_bio=VALUES(author_bio), book_description=VALUES(book_description);
INSERT INTO book (isbn, title, subtitle, author, image_url, published_date, publisher) VALUES ('9788962902259', '정신전력의 이해와 실천 =', '정신전력의이해와실천', '손윤곤', NULL, '2024-07-24', '영진전문대학교 출판부') ON DUPLICATE KEY UPDATE title=VALUES(title), subtitle=VALUES(subtitle), author=VALUES(author), image_url=VALUES(image_url), published_date=VALUES(published_date), publisher=VALUES(publisher);
INSERT INTO book_detail (isbn, sold_out, free_shipping, list_price, sale_price, author_bio, book_description) VALUES ('9788962902259', 0, 0, NULL, NULL, '손윤곤에 대한 간단 소개입니다.', '정신전력의 이해와 실천 = — 정신전력의이해와실천에 대한 자동 생성 소개입니다.') ON DUPLICATE KEY UPDATE sold_out=VALUES(sold_out), free_shipping=VALUES(free_shipping), list_price=VALUES(list_price), sale_price=VALUES(sale_price), author_bio=VALUES(author_bio), book_description=VALUES(book_description);
INSERT INTO book (isbn, title, subtitle, author, image_url, published_date, publisher) VALUES ('9788962902150', '사회복지조사론', '사회복지조사론', '이경희 저', NULL, '2024-11-09', '영진전문대학교 출판부') ON DUPLICATE KEY UPDATE title=VALUES(title), subtitle=VALUES(subtitle), author=VALUES(author), image_url=VALUES(image_url), published_date=VALUES(published_date), publisher=VALUES(publisher);
INSERT INTO book_detail (isbn, sold_out, free_shipping, list_price, sale_price, author_bio, book_description) VALUES ('9788962902150', 0, 0, NULL, NULL, '이경희 저에 대한 간단 소개입니다.', '사회복지조사론 — 사회복지조사론에 대한 자동 생성 소개입니다.') ON DUPLICATE KEY UPDATE sold_out=VALUES(sold_out), free_shipping=VALUES(free_shipping), list_price=VALUES(list_price), sale_price=VALUES(sale_price), author_bio=VALUES(author_bio), book_description=VALUES(book_description);
INSERT INTO book (isbn, title, subtitle, author, image_url, published_date, publisher) VALUES ('9788962902242', 'Creo Parametric CAE 활용', 'creoparametriccae활용', '오재춘', NULL, '2022-02-18', '영진전문대학교 출판부') ON DUPLICATE KEY UPDATE title=VALUES(title), subtitle=VALUES(subtitle), author=VALUES(author), image_url=VALUES(image_url), published_date=VALUES(published_date), publisher=VALUES(publisher);
INSERT INTO book_detail (isbn, sold_out, free_shipping, list_price, sale_price, author_bio, book_description) VALUES ('9788962902242', 0, 0, NULL, NULL, '오재춘에 대한 간단 소개입니다.', 'Creo Parametric CAE 활용 — creoparametriccae활용에 대한 자동 생성 소개입니다.') ON DUPLICATE KEY UPDATE sold_out=VALUES(sold_out), free_shipping=VALUES(free_shipping), list_price=VALUES(list_price), sale_price=VALUES(sale_price), author_bio=VALUES(author_bio), book_description=VALUES(book_description);
INSERT INTO book (isbn, title, subtitle, author, image_url, published_date, publisher) VALUES ('9791134878443', '종말의 세라프 22', '종말의세라프22', '야마모토 야마토 (지은이)', 'https://image.aladin.co.kr/product/27210/35/cover/k192732195_1.jpg', '2021-05-25', '학산문화사(만화)') ON DUPLICATE KEY UPDATE title=VALUES(title), subtitle=VALUES(subtitle), author=VALUES(author), image_url=VALUES(image_url), published_date=VALUES(published_date), publisher=VALUES(publisher);
INSERT INTO book_detail (isbn, sold_out, free_shipping, list_price, sale_price, author_bio, book_description) VALUES ('9791134878443', 0, 0, 5000, 5000, '야마모토 야마토 (지은이)에 대한 간단 소개입니다.', '미지의 바이러스에 의해 인류는 괴멸하고, 아이들만이 살아남아 지하 도시에서 뱀파이어의 지배를 받고 있었다. 지기 싫어하는 기 센 소년, 햐쿠야 유이치로는 동료들의 희생으로 홀로 탈출에 성공, 복수를 맹세한다. 유이치로가 본 새로운 지상 세계란?!한편, 흡혈귀에게 친구를 잃은 유이치로는 복수를 위해...') ON DUPLICATE KEY UPDATE sold_out=VALUES(sold_out), free_shipping=VALUES(free_shipping), list_price=VALUES(list_price), sale_price=VALUES(sale_price), author_bio=VALUES(author_bio), book_description=VALUES(book_description);
INSERT INTO book (isbn, title, subtitle, author, image_url, published_date, publisher) VALUES ('9791163283317', '보육학개론 (권미량 외)', '보육학개론권미량외', '권미량', 'https://image.aladin.co.kr/product/27855/77/cover/k502734790_1.jpg', '2021-08-20', '동문사(교재)') ON DUPLICATE KEY UPDATE title=VALUES(title), subtitle=VALUES(subtitle), author=VALUES(author), image_url=VALUES(image_url), published_date=VALUES(published_date), publisher=VALUES(publisher);
INSERT INTO book_detail (isbn, sold_out, free_shipping, list_price, sale_price, author_bio, book_description) VALUES ('9791163283317', 0, 1, 21000, 21000, '권미량에 대한 간단 소개입니다.', '행복한 아이의 미래를 위해 교사와 유아교육현장이 교육관을 정립하고, 교육의 실제를 어떻게 열어갈 것인지에 관한 고민을 담아낸 책이다. 기존의 보육학개론이 가지는 이론적 접근을 뛰어넘어 예비보육교사와 현직보육교사가 보육의 실천적 업무를 구체적으로 이해할 수 있도록 구성하였다.') ON DUPLICATE KEY UPDATE sold_out=VALUES(sold_out), free_shipping=VALUES(free_shipping), list_price=VALUES(list_price), sale_price=VALUES(sale_price), author_bio=VALUES(author_bio), book_description=VALUES(book_description);
INSERT INTO book (isbn, title, subtitle, author, image_url, published_date, publisher) VALUES ('9791134879389', '갬블러즈 퍼레이드 2', '갬블러즈퍼레이드2', '나카야마 아츠시 (지은이)', 'https://image.aladin.co.kr/product/27210/40/cover/k672732195_1.jpg', '2021-05-25', '학산문화사(만화)') ON DUPLICATE KEY UPDATE title=VALUES(title), subtitle=VALUES(subtitle), author=VALUES(author), image_url=VALUES(image_url), published_date=VALUES(published_date), publisher=VALUES(publisher);
INSERT INTO book_detail (isbn, sold_out, free_shipping, list_price, sale_price, author_bio, book_description) VALUES ('9791134879389', 0, 0, 5000, 5000, '나카야마 아츠시 (지은이)에 대한 간단 소개입니다.', '&lt;태엽감기 카규&gt; 작가 나카야마 아츠시 그리고 &lt;단간론파&gt; 작가 코다카 카즈타카의 만남. 세상을 바로잡기 위해, 도박을 증오하는 교사와 불운체질 여고생이 만났다. 지금 여기서 죽고 죽이는 도박꾼들의 이야기가 시작된다.') ON DUPLICATE KEY UPDATE sold_out=VALUES(sold_out), free_shipping=VALUES(free_shipping), list_price=VALUES(list_price), sale_price=VALUES(sale_price), author_bio=VALUES(author_bio), book_description=VALUES(book_description);
INSERT INTO book (isbn, title, subtitle, author, image_url, published_date, publisher) VALUES ('9791163283089', '보육교사론 (윤혜경)', '보육교사론윤혜경', '윤혜경 (지은이)', 'https://image.aladin.co.kr/product/27855/66/cover/k472734790_1.jpg', '2021-08-25', '동문사(교재)') ON DUPLICATE KEY UPDATE title=VALUES(title), subtitle=VALUES(subtitle), author=VALUES(author), image_url=VALUES(image_url), published_date=VALUES(published_date), publisher=VALUES(publisher);
INSERT INTO book_detail (isbn, sold_out, free_shipping, list_price, sale_price, author_bio, book_description) VALUES ('9791163283089', 0, 0, 18000, 18000, '윤혜경 (지은이)에 대한 간단 소개입니다.', '이 책에서는 보육교사를 ‘아동과 함께 살아가려고 다짐하고 아동과 함께 성장하는 사람’이라고 포괄적으로 정의한다. 그리고 이러한 포괄적 의미의 보육교사를 중심으로 하되 아동과 관련된 일을 하는 다양한 사람들을 폭넓게 다루고자 한다.') ON DUPLICATE KEY UPDATE sold_out=VALUES(sold_out), free_shipping=VALUES(free_shipping), list_price=VALUES(list_price), sale_price=VALUES(sale_price), author_bio=VALUES(author_bio), book_description=VALUES(book_description);
INSERT INTO book (isbn, title, subtitle, author, image_url, published_date, publisher) VALUES ('9788962902235', '전시연출기법 =', '전시연출기법', '저자: 최재영', NULL, '2022-12-11', '영진전문대학교 출판부') ON DUPLICATE KEY UPDATE title=VALUES(title), subtitle=VALUES(subtitle), author=VALUES(author), image_url=VALUES(image_url), published_date=VALUES(published_date), publisher=VALUES(publisher);
INSERT INTO book_detail (isbn, sold_out, free_shipping, list_price, sale_price, author_bio, book_description) VALUES ('9788962902235', 0, 0, NULL, NULL, '저자: 최재영에 대한 간단 소개입니다.', '전시연출기법 = — 전시연출기법에 대한 자동 생성 소개입니다.') ON DUPLICATE KEY UPDATE sold_out=VALUES(sold_out), free_shipping=VALUES(free_shipping), list_price=VALUES(list_price), sale_price=VALUES(sale_price), author_bio=VALUES(author_bio), book_description=VALUES(book_description);
INSERT INTO book (isbn, title, subtitle, author, image_url, published_date, publisher) VALUES ('9791138402323', '꿈꾸는 남자는 현실주의자 4 - S Novel', '꿈꾸는남자는현실주의자4snovel', '오케마루 (지은이)', 'https://image.aladin.co.kr/product/27893/58/cover/k072734301_1.jpg', '2021-09-17', '㈜소미미디어') ON DUPLICATE KEY UPDATE title=VALUES(title), subtitle=VALUES(subtitle), author=VALUES(author), image_url=VALUES(image_url), published_date=VALUES(published_date), publisher=VALUES(publisher);
INSERT INTO book_detail (isbn, sold_out, free_shipping, list_price, sale_price, author_bio, book_description) VALUES ('9791138402323', 0, 0, 7500, 7500, '오케마루 (지은이)에 대한 간단 소개입니다.', '사사키 씨와의 바닷가 데이트(?)를 그린 풍성한 분량의 신작 에피소드도 더해진 대망의 4권! 작은 동물 같은 동급생&청초한 누나(중학생)와 급접근?!') ON DUPLICATE KEY UPDATE sold_out=VALUES(sold_out), free_shipping=VALUES(free_shipping), list_price=VALUES(list_price), sale_price=VALUES(sale_price), author_bio=VALUES(author_bio), book_description=VALUES(book_description);
INSERT INTO book (isbn, title, subtitle, author, image_url, published_date, publisher) VALUES ('9788962902228', '서비스마케팅 =', '서비스마케팅', '김세호', NULL, '2025-06-10', '영진전문대학교 출판부') ON DUPLICATE KEY UPDATE title=VALUES(title), subtitle=VALUES(subtitle), author=VALUES(author), image_url=VALUES(image_url), published_date=VALUES(published_date), publisher=VALUES(publisher);
INSERT INTO book_detail (isbn, sold_out, free_shipping, list_price, sale_price, author_bio, book_description) VALUES ('9788962902228', 0, 0, NULL, NULL, '김세호에 대한 간단 소개입니다.', '서비스마케팅 = — 서비스마케팅에 대한 자동 생성 소개입니다.') ON DUPLICATE KEY UPDATE sold_out=VALUES(sold_out), free_shipping=VALUES(free_shipping), list_price=VALUES(list_price), sale_price=VALUES(sale_price), author_bio=VALUES(author_bio), book_description=VALUES(book_description);
INSERT INTO book (isbn, title, subtitle, author, image_url, published_date, publisher) VALUES ('9791138402347', '독설소녀는 심술쟁이 2 - S Novel', '독설소녀는심술쟁이2snovel', '우에무라 나츠키 (지은이)', 'https://image.aladin.co.kr/product/27893/63/cover/k162734301_1.jpg', '2021-09-17', '㈜소미미디어') ON DUPLICATE KEY UPDATE title=VALUES(title), subtitle=VALUES(subtitle), author=VALUES(author), image_url=VALUES(image_url), published_date=VALUES(published_date), publisher=VALUES(publisher);
INSERT INTO book_detail (isbn, sold_out, free_shipping, list_price, sale_price, author_bio, book_description) VALUES ('9791138402347', 0, 0, 7500, 7500, '우에무라 나츠키 (지은이)에 대한 간단 소개입니다.', '옆집 벽 너머가 아니어도 진심 작렬. 두근두근 청춘 러브 코미디 제2권. 라이벌 출현에 ‘독설소녀’소녀의 호감표현도 점점 더 가속되는데….') ON DUPLICATE KEY UPDATE sold_out=VALUES(sold_out), free_shipping=VALUES(free_shipping), list_price=VALUES(list_price), sale_price=VALUES(sale_price), author_bio=VALUES(author_bio), book_description=VALUES(book_description);
INSERT INTO book (isbn, title, subtitle, author, image_url, published_date, publisher) VALUES ('9791163283102', '2022 EOS 교육학논술 All In One 1 : 이론 마스터 편 - 교원 임용고시 대비', '2022eos교육학논술allinone1이론마스터편교원임용고시대비', '이지원 (지은이)', 'https://image.aladin.co.kr/product/27466/33/cover/k102733689_1.jpg', '2021-06-05', '동문사(교재)') ON DUPLICATE KEY UPDATE title=VALUES(title), subtitle=VALUES(subtitle), author=VALUES(author), image_url=VALUES(image_url), published_date=VALUES(published_date), publisher=VALUES(publisher);
INSERT INTO book_detail (isbn, sold_out, free_shipping, list_price, sale_price, author_bio, book_description) VALUES ('9791163283102', 0, 1, 27000, 27000, '이지원 (지은이)에 대한 간단 소개입니다.', 'All In One의 구성과 활용법, 중등교원 임용고시의 이해, 교육학논술의 이해와 모범답안 레시피 익히기를 수록하였고, 교육학논술 핵심이론 8개 파트 정리와 필수 형성평가 156문제를 담고 있다.') ON DUPLICATE KEY UPDATE sold_out=VALUES(sold_out), free_shipping=VALUES(free_shipping), list_price=VALUES(list_price), sale_price=VALUES(sale_price), author_bio=VALUES(author_bio), book_description=VALUES(book_description);
INSERT INTO book (isbn, title, subtitle, author, image_url, published_date, publisher) VALUES ('9788962902204', '인테리어 실시설계 도면의 이해 =', '인테리어실시설계도면의이해', '이지훈', NULL, '2023-12-12', '영진전문대학교 출판부') ON DUPLICATE KEY UPDATE title=VALUES(title), subtitle=VALUES(subtitle), author=VALUES(author), image_url=VALUES(image_url), published_date=VALUES(published_date), publisher=VALUES(publisher);
INSERT INTO book_detail (isbn, sold_out, free_shipping, list_price, sale_price, author_bio, book_description) VALUES ('9788962902204', 0, 0, NULL, NULL, '이지훈에 대한 간단 소개입니다.', '인테리어 실시설계 도면의 이해 = — 인테리어실시설계도면의이해에 대한 자동 생성 소개입니다.') ON DUPLICATE KEY UPDATE sold_out=VALUES(sold_out), free_shipping=VALUES(free_shipping), list_price=VALUES(list_price), sale_price=VALUES(sale_price), author_bio=VALUES(author_bio), book_description=VALUES(book_description);
INSERT INTO book (isbn, title, subtitle, author, image_url, published_date, publisher) VALUES ('9788962902198', '사출성형 해석 =', '사출성형해석', '윤갑석', NULL, '2022-03-27', '영진전문대학교 출판부') ON DUPLICATE KEY UPDATE title=VALUES(title), subtitle=VALUES(subtitle), author=VALUES(author), image_url=VALUES(image_url), published_date=VALUES(published_date), publisher=VALUES(publisher);
INSERT INTO book_detail (isbn, sold_out, free_shipping, list_price, sale_price, author_bio, book_description) VALUES ('9788962902198', 0, 0, NULL, NULL, '윤갑석에 대한 간단 소개입니다.', '사출성형 해석 = — 사출성형해석에 대한 자동 생성 소개입니다.') ON DUPLICATE KEY UPDATE sold_out=VALUES(sold_out), free_shipping=VALUES(free_shipping), list_price=VALUES(list_price), sale_price=VALUES(sale_price), author_bio=VALUES(author_bio), book_description=VALUES(book_description);
INSERT INTO book (isbn, title, subtitle, author, image_url, published_date, publisher) VALUES ('9791163283263', '보육과정 (윤매자 외)', '보육과정윤매자외', '윤매자', 'https://image.aladin.co.kr/product/27849/32/cover/k352734680_1.jpg', '2021-08-20', '동문사(교재)') ON DUPLICATE KEY UPDATE title=VALUES(title), subtitle=VALUES(subtitle), author=VALUES(author), image_url=VALUES(image_url), published_date=VALUES(published_date), publisher=VALUES(publisher);
INSERT INTO book_detail (isbn, sold_out, free_shipping, list_price, sale_price, author_bio, book_description) VALUES ('9791163283263', 0, 1, 21000, 21000, '윤매자에 대한 간단 소개입니다.', '영유아기는 인간발달의 기초가 형성되는 결정적인 시기로서 이 시기의 전인적인 발달은 이후의 삶에 지대한 영향을 미치므로, 개별 영유아의 다양한 특성이 발현될 수 있는 보육을 필요로 한다.') ON DUPLICATE KEY UPDATE sold_out=VALUES(sold_out), free_shipping=VALUES(free_shipping), list_price=VALUES(list_price), sale_price=VALUES(sale_price), author_bio=VALUES(author_bio), book_description=VALUES(book_description);
INSERT INTO book (isbn, title, subtitle, author, image_url, published_date, publisher) VALUES ('9791138402064', '여자끼리라니 말도 안 된다고 주장하는 여자애를 백일동안 철저하게 함락시키는 백합 이야기 1 - S Novel+', '여자끼리라니말도안된다고주장하는여자애를백일동안철저하게함락시키는백합이야기1snovel', '미카미 테렌 (지은이)', 'https://image.aladin.co.kr/product/27848/61/cover/k472734689_1.jpg', '2021-09-10', '㈜소미미디어') ON DUPLICATE KEY UPDATE title=VALUES(title), subtitle=VALUES(subtitle), author=VALUES(author), image_url=VALUES(image_url), published_date=VALUES(published_date), publisher=VALUES(publisher);
INSERT INTO book_detail (isbn, sold_out, free_shipping, list_price, sale_price, author_bio, book_description) VALUES ('9791138402064', 0, 0, 9800, 9800, '미카미 테렌 (지은이)에 대한 간단 소개입니다.', '잘 나가는 여고생 사카키바라 마리카를 향해 어느 날, 같은 반인 쿨한 미소녀 ? 후와 아야가 갑작스레 100만 엔을 내밀었다. “사카키바라 양. 하루에 1만 엔씩, 백일동안 당신을 사겠어. 여자끼리는 정말로 안 되는 건지 내가 시험해줄게.”') ON DUPLICATE KEY UPDATE sold_out=VALUES(sold_out), free_shipping=VALUES(free_shipping), list_price=VALUES(list_price), sale_price=VALUES(sale_price), author_bio=VALUES(author_bio), book_description=VALUES(book_description);
INSERT INTO book (isbn, title, subtitle, author, image_url, published_date, publisher) VALUES ('9791163283362', '청소년육성제도론 - 개정판', '청소년육성제도론개정판', '기은광 (지은이)', 'https://image.aladin.co.kr/product/27855/92/cover/k692734790_1.jpg', '2021-08-25', '동문사(교재)') ON DUPLICATE KEY UPDATE title=VALUES(title), subtitle=VALUES(subtitle), author=VALUES(author), image_url=VALUES(image_url), published_date=VALUES(published_date), publisher=VALUES(publisher);
INSERT INTO book_detail (isbn, sold_out, free_shipping, list_price, sale_price, author_bio, book_description) VALUES ('9791163283362', 0, 1, 20000, 20000, '기은광 (지은이)에 대한 간단 소개입니다.', '청소년전문가는 청소년육성제도를 이용하여 청소년들이 능동적으로 자신의 삶의 주인이 되도록 해야 하는 사명과 역할을 담당해야 한다. 청소년전문가가 되려고 하는 학부 학생들에게 청소년육성 관련 핵심제도를 법률을 중심으로 소개하는 책이다.') ON DUPLICATE KEY UPDATE sold_out=VALUES(sold_out), free_shipping=VALUES(free_shipping), list_price=VALUES(list_price), sale_price=VALUES(sale_price), author_bio=VALUES(author_bio), book_description=VALUES(book_description);
INSERT INTO book (isbn, title, subtitle, author, image_url, published_date, publisher) VALUES ('9791163283140', '최신 교육학의 이해 - 4판', '최신교육학의이해4판', '박영진', 'https://image.aladin.co.kr/product/27846/36/cover/k452734583_1.jpg', '2021-08-25', '동문사(교재)') ON DUPLICATE KEY UPDATE title=VALUES(title), subtitle=VALUES(subtitle), author=VALUES(author), image_url=VALUES(image_url), published_date=VALUES(published_date), publisher=VALUES(publisher);
INSERT INTO book_detail (isbn, sold_out, free_shipping, list_price, sale_price, author_bio, book_description) VALUES ('9791163283140', 0, 1, 23000, 23000, '박영진에 대한 간단 소개입니다.', '기존에 수업을 진행하면서 학습자들에게 부족했던 부분과 매 학기마다 교재 선정에 어려움을 느끼는 교수자를 생각하여 새로운 방향과 내용 등으로 교재를 재구성하였다.') ON DUPLICATE KEY UPDATE sold_out=VALUES(sold_out), free_shipping=VALUES(free_shipping), list_price=VALUES(list_price), sale_price=VALUES(sale_price), author_bio=VALUES(author_bio), book_description=VALUES(book_description);
INSERT INTO book (isbn, title, subtitle, author, image_url, published_date, publisher) VALUES ('9788948069013', '2020 Horticultural and Herbal Research annual report', '2020horticulturalandherbalresearchannualreport', '[editors: Seong-ryeol Ryu', NULL, '2025-05-12', NULL) ON DUPLICATE KEY UPDATE title=VALUES(title), subtitle=VALUES(subtitle), author=VALUES(author), image_url=VALUES(image_url), published_date=VALUES(published_date), publisher=VALUES(publisher);
INSERT INTO book_detail (isbn, sold_out, free_shipping, list_price, sale_price, author_bio, book_description) VALUES ('9788948069013', 0, 0, NULL, NULL, '[editors: Seong-ryeol Ryu에 대한 간단 소개입니다.', '2020 Horticultural and Herbal Research annual report — 2020horticulturalandherbalresearchannualreport에 대한 자동 생성 소개입니다.') ON DUPLICATE KEY UPDATE sold_out=VALUES(sold_out), free_shipping=VALUES(free_shipping), list_price=VALUES(list_price), sale_price=VALUES(sale_price), author_bio=VALUES(author_bio), book_description=VALUES(book_description);
INSERT INTO book (isbn, title, subtitle, author, image_url, published_date, publisher) VALUES ('9791196818722', '빅 아이즈 =', '빅아이즈', '마이아트뮤지엄 [편]', NULL, '2023-06-15', '마이아트뮤지엄') ON DUPLICATE KEY UPDATE title=VALUES(title), subtitle=VALUES(subtitle), author=VALUES(author), image_url=VALUES(image_url), published_date=VALUES(published_date), publisher=VALUES(publisher);
INSERT INTO book_detail (isbn, sold_out, free_shipping, list_price, sale_price, author_bio, book_description) VALUES ('9791196818722', 0, 0, NULL, NULL, '마이아트뮤지엄 [편]에 대한 간단 소개입니다.', '빅 아이즈 = — 빅아이즈에 대한 자동 생성 소개입니다.') ON DUPLICATE KEY UPDATE sold_out=VALUES(sold_out), free_shipping=VALUES(free_shipping), list_price=VALUES(list_price), sale_price=VALUES(sale_price), author_bio=VALUES(author_bio), book_description=VALUES(book_description);
INSERT INTO book (isbn, title, subtitle, author, image_url, published_date, publisher) VALUES ('9791138401906', '티어문 제국 이야기 6 - S Novel+', '티어문제국이야기6snovel', '모치츠키 노조무 (지은이)', 'https://image.aladin.co.kr/product/27848/61/cover/k492734689_2.jpg', '2021-09-10', '㈜소미미디어') ON DUPLICATE KEY UPDATE title=VALUES(title), subtitle=VALUES(subtitle), author=VALUES(author), image_url=VALUES(image_url), published_date=VALUES(published_date), publisher=VALUES(publisher);
INSERT INTO book_detail (isbn, sold_out, free_shipping, list_price, sale_price, author_bio, book_description) VALUES ('9791138401906', 0, 0, 10500, 10500, '모치츠키 노조무 (지은이)에 대한 간단 소개입니다.', '철부지 황녀였던 미아는 신음했다. 레드문 가의 군사력을 장악하긴 했지만, 황녀전에 적혀있는 성야제의 황녀암살 사건은 아직 수수께끼. 고민 끝에 도달한 결론은 냄비 요리 파티 개최! 미련을 남기지 않기 위해 요리(?)며 버섯 채집 등 전력을 다해 가을을 만끽한다.') ON DUPLICATE KEY UPDATE sold_out=VALUES(sold_out), free_shipping=VALUES(free_shipping), list_price=VALUES(list_price), sale_price=VALUES(sale_price), author_bio=VALUES(author_bio), book_description=VALUES(book_description);
INSERT INTO book (isbn, title, subtitle, author, image_url, published_date, publisher) VALUES ('9788929919962', '경복궁 향원정 권역 조경정비공사 :', '경복궁향원정권역조경정비공사', '문화재청 궁능유적본부 [편]', NULL, '2025-04-05', '문화재청 궁능유적본부') ON DUPLICATE KEY UPDATE title=VALUES(title), subtitle=VALUES(subtitle), author=VALUES(author), image_url=VALUES(image_url), published_date=VALUES(published_date), publisher=VALUES(publisher);
INSERT INTO book_detail (isbn, sold_out, free_shipping, list_price, sale_price, author_bio, book_description) VALUES ('9788929919962', 0, 0, NULL, NULL, '문화재청 궁능유적본부 [편]에 대한 간단 소개입니다.', '경복궁 향원정 권역 조경정비공사 : — 경복궁향원정권역조경정비공사에 대한 자동 생성 소개입니다.') ON DUPLICATE KEY UPDATE sold_out=VALUES(sold_out), free_shipping=VALUES(free_shipping), list_price=VALUES(list_price), sale_price=VALUES(sale_price), author_bio=VALUES(author_bio), book_description=VALUES(book_description);
INSERT INTO book (isbn, title, subtitle, author, image_url, published_date, publisher) VALUES ('9791163283393', '보육교사를 위한 6주 보육실습 - 개정판', '보육교사를위한6주보육실습개정판', '한혜경', 'https://image.aladin.co.kr/product/27849/47/cover/k552734680_1.jpg', '2021-08-25', '동문사(교재)') ON DUPLICATE KEY UPDATE title=VALUES(title), subtitle=VALUES(subtitle), author=VALUES(author), image_url=VALUES(image_url), published_date=VALUES(published_date), publisher=VALUES(publisher);
INSERT INTO book_detail (isbn, sold_out, free_shipping, list_price, sale_price, author_bio, book_description) VALUES ('9791163283393', 0, 0, 12000, 12000, '한혜경에 대한 간단 소개입니다.', '2020년 새롭게 편성된 ‘제4차 표준보육과정(개정 누리과정)’과 ‘2020년 보육교사 2급 자격취득 교과목 표준교과개요’를 바탕으로 구성한 교재다. 1장 보육실습의 기초에서는 실습에 구체적으로 도움이 될 내용과 준비해야 할 것을 다루었다.') ON DUPLICATE KEY UPDATE sold_out=VALUES(sold_out), free_shipping=VALUES(free_shipping), list_price=VALUES(list_price), sale_price=VALUES(sale_price), author_bio=VALUES(author_bio), book_description=VALUES(book_description);
INSERT INTO book (isbn, title, subtitle, author, image_url, published_date, publisher) VALUES ('9791134882501', '러브 미 퐁포코 1', '러브미퐁포코1', '아카가와라 모도무 (지은이)', 'https://image.aladin.co.kr/product/27232/72/cover/k932732496_1.jpg', '2021-05-28', '학산문화사(만화)') ON DUPLICATE KEY UPDATE title=VALUES(title), subtitle=VALUES(subtitle), author=VALUES(author), image_url=VALUES(image_url), published_date=VALUES(published_date), publisher=VALUES(publisher);
INSERT INTO book_detail (isbn, sold_out, free_shipping, list_price, sale_price, author_bio, book_description) VALUES ('9791134882501', 0, 0, 5000, 5000, '아카가와라 모도무 (지은이)에 대한 간단 소개입니다.', '종족의 생존을 걸고, 인간 남자와 결혼하기 위해 산에서 내려온 너구리 요괴 퐁코(♀). 훌륭한 수컷을 물색하기 위해 부자 학교에 입학했으나, 너구리 모습으로 어떤 쌍둥이의 집에 머물게 된다.') ON DUPLICATE KEY UPDATE sold_out=VALUES(sold_out), free_shipping=VALUES(free_shipping), list_price=VALUES(list_price), sale_price=VALUES(sale_price), author_bio=VALUES(author_bio), book_description=VALUES(book_description);
INSERT INTO book (isbn, title, subtitle, author, image_url, published_date, publisher) VALUES ('9788929921033', '덕수궁 돈덕전 재건 기반조성공사 수리보고서', '덕수궁돈덕전재건기반조성공사수리보고서', '문화재청 궁능유적본부 [편]', NULL, '2024-09-29', '문화재청 궁능유적본부') ON DUPLICATE KEY UPDATE title=VALUES(title), subtitle=VALUES(subtitle), author=VALUES(author), image_url=VALUES(image_url), published_date=VALUES(published_date), publisher=VALUES(publisher);
INSERT INTO book_detail (isbn, sold_out, free_shipping, list_price, sale_price, author_bio, book_description) VALUES ('9788929921033', 0, 0, NULL, NULL, '문화재청 궁능유적본부 [편]에 대한 간단 소개입니다.', '덕수궁 돈덕전 재건 기반조성공사 수리보고서 — 덕수궁돈덕전재건기반조성공사수리보고서에 대한 자동 생성 소개입니다.') ON DUPLICATE KEY UPDATE sold_out=VALUES(sold_out), free_shipping=VALUES(free_shipping), list_price=VALUES(list_price), sale_price=VALUES(sale_price), author_bio=VALUES(author_bio), book_description=VALUES(book_description);
INSERT INTO book (isbn, title, subtitle, author, image_url, published_date, publisher) VALUES ('9788977426672', '보건의료인을 위한 보건의약 관계법규 - 2021. 8', '보건의료인을위한보건의약관계법규20218', '한국 치과대학 치의학전문대학원 법규교육 교수협의회 (지은이)', 'https://image.aladin.co.kr/product/27839/35/cover/8977426677_1.jpg', '2021-08-20', '정문각(JMK)') ON DUPLICATE KEY UPDATE title=VALUES(title), subtitle=VALUES(subtitle), author=VALUES(author), image_url=VALUES(image_url), published_date=VALUES(published_date), publisher=VALUES(publisher);
INSERT INTO book_detail (isbn, sold_out, free_shipping, list_price, sale_price, author_bio, book_description) VALUES ('9788977426672', 0, 1, 37000, 37000, '한국 치과대학 치의학전문대학원 법규교육 교수협의회 (지은이)에 대한 간단 소개입니다.', '보건의료인을 위한 보건의약 관계법규 - 2021. 8 — 보건의료인을위한보건의약관계법규20218에 대한 자동 생성 소개입니다.') ON DUPLICATE KEY UPDATE sold_out=VALUES(sold_out), free_shipping=VALUES(free_shipping), list_price=VALUES(list_price), sale_price=VALUES(sale_price), author_bio=VALUES(author_bio), book_description=VALUES(book_description);
INSERT INTO book (isbn, title, subtitle, author, image_url, published_date, publisher) VALUES ('9788929921460', '조선왕릉 중부지구 테마형 숲길 조성공사 수리보고서  :', '조선왕릉중부지구테마형숲길조성공사수리보고서', '문화재청 궁능유적본부 [편]', NULL, '2022-08-05', '문화재청 궁능유적본부') ON DUPLICATE KEY UPDATE title=VALUES(title), subtitle=VALUES(subtitle), author=VALUES(author), image_url=VALUES(image_url), published_date=VALUES(published_date), publisher=VALUES(publisher);
INSERT INTO book_detail (isbn, sold_out, free_shipping, list_price, sale_price, author_bio, book_description) VALUES ('9788929921460', 0, 0, NULL, NULL, '문화재청 궁능유적본부 [편]에 대한 간단 소개입니다.', '조선왕릉 중부지구 테마형 숲길 조성공사 수리보고서  : — 조선왕릉중부지구테마형숲길조성공사수리보고서에 대한 자동 생성 소개입니다.') ON DUPLICATE KEY UPDATE sold_out=VALUES(sold_out), free_shipping=VALUES(free_shipping), list_price=VALUES(list_price), sale_price=VALUES(sale_price), author_bio=VALUES(author_bio), book_description=VALUES(book_description);
INSERT INTO book (isbn, title, subtitle, author, image_url, published_date, publisher) VALUES ('9791163283379', '교육행정 및 교육경영론', '교육행정및교육경영론', '최종진', 'https://image.aladin.co.kr/product/27855/60/cover/k312734790_1.jpg', '2021-08-23', '동문사(교재)') ON DUPLICATE KEY UPDATE title=VALUES(title), subtitle=VALUES(subtitle), author=VALUES(author), image_url=VALUES(image_url), published_date=VALUES(published_date), publisher=VALUES(publisher);
INSERT INTO book_detail (isbn, sold_out, free_shipping, list_price, sale_price, author_bio, book_description) VALUES ('9791163283379', 0, 1, 22000, 22000, '최종진에 대한 간단 소개입니다.', '시대적 변화에 따른 최신 정보를 최대한 빠르게 취사선택하여 수록함으로써 교수자나 학습자 모두에게 편의를 제공하기 위해 노력하였을 뿐 아니라, 교직과목을 전공하는 학부나 교육대학원에서 교육행정이나 교육경영 부분의 교재로 사용하는 데 부족함이 없도록 기획했다.') ON DUPLICATE KEY UPDATE sold_out=VALUES(sold_out), free_shipping=VALUES(free_shipping), list_price=VALUES(list_price), sale_price=VALUES(sale_price), author_bio=VALUES(author_bio), book_description=VALUES(book_description);
INSERT INTO book (isbn, title, subtitle, author, image_url, published_date, publisher) VALUES ('9788977426689', '2021 의료관계법규 (구병수 외)', '2021의료관계법규구병수외', '구병수 (지은이)', 'https://image.aladin.co.kr/product/27794/94/cover/8977426685_1.jpg', '2021-08-05', '정문각(JMK)') ON DUPLICATE KEY UPDATE title=VALUES(title), subtitle=VALUES(subtitle), author=VALUES(author), image_url=VALUES(image_url), published_date=VALUES(published_date), publisher=VALUES(publisher);
INSERT INTO book_detail (isbn, sold_out, free_shipping, list_price, sale_price, author_bio, book_description) VALUES ('9788977426689', 0, 1, 26000, 26000, '구병수 (지은이)에 대한 간단 소개입니다.', '이 책은 의료관계법규에 대해 다룬 도서입니다. 의료관계법규에 대한 기초적이고 전반적인 내용을 확인할 수 있도록 구성했습니다.') ON DUPLICATE KEY UPDATE sold_out=VALUES(sold_out), free_shipping=VALUES(free_shipping), list_price=VALUES(list_price), sale_price=VALUES(sale_price), author_bio=VALUES(author_bio), book_description=VALUES(book_description);
INSERT INTO book (isbn, title, subtitle, author, image_url, published_date, publisher) VALUES ('9791188720460', '유용자원식물의 증식 및 재배 지침서 =', '유용자원식물의증식및재배지침서', '저자: 이기철', NULL, '2022-11-18', '국립수목원 유용식물증식센터') ON DUPLICATE KEY UPDATE title=VALUES(title), subtitle=VALUES(subtitle), author=VALUES(author), image_url=VALUES(image_url), published_date=VALUES(published_date), publisher=VALUES(publisher);
INSERT INTO book_detail (isbn, sold_out, free_shipping, list_price, sale_price, author_bio, book_description) VALUES ('9791188720460', 0, 0, NULL, NULL, '저자: 이기철에 대한 간단 소개입니다.', '유용자원식물의 증식 및 재배 지침서 = — 유용자원식물의증식및재배지침서에 대한 자동 생성 소개입니다.') ON DUPLICATE KEY UPDATE sold_out=VALUES(sold_out), free_shipping=VALUES(free_shipping), list_price=VALUES(list_price), sale_price=VALUES(sale_price), author_bio=VALUES(author_bio), book_description=VALUES(book_description);
INSERT INTO book (isbn, title, subtitle, author, image_url, published_date, publisher) VALUES ('9791134882914', '산리오 남자 6 - 완결', '산리오남자6완결', '안도 마이 (지은이)', 'https://image.aladin.co.kr/product/27232/70/cover/k952732496_1.jpg', '2021-05-28', '학산문화사(만화)') ON DUPLICATE KEY UPDATE title=VALUES(title), subtitle=VALUES(subtitle), author=VALUES(author), image_url=VALUES(image_url), published_date=VALUES(published_date), publisher=VALUES(publisher);
INSERT INTO book_detail (isbn, sold_out, free_shipping, list_price, sale_price, author_bio, book_description) VALUES ('9791134882914', 0, 0, 5000, 5000, '안도 마이 (지은이)에 대한 간단 소개입니다.', '그래, 우리는 산리오 남자. 꽃미남 다섯, 하세가와 코타(고2), 미즈노 유우(고2), 요시노 슌스케(고2), 니시미야 료(고1), 미나모토 세이치로(고3)는 늘 함께하는 사이. 그들에게는 어떤 비밀이 있는데……. 그것은 각자 산리오의 캐릭터를 너무나도 좋아한다는 것.') ON DUPLICATE KEY UPDATE sold_out=VALUES(sold_out), free_shipping=VALUES(free_shipping), list_price=VALUES(list_price), sale_price=VALUES(sale_price), author_bio=VALUES(author_bio), book_description=VALUES(book_description);
INSERT INTO book (isbn, title, subtitle, author, image_url, published_date, publisher) VALUES ('9791163283386', '놀이지도', '놀이지도', '하연희 (지은이)', 'https://image.aladin.co.kr/product/27920/28/cover/k752734505_1.jpg', '2021-08-25', '동문사(교재)') ON DUPLICATE KEY UPDATE title=VALUES(title), subtitle=VALUES(subtitle), author=VALUES(author), image_url=VALUES(image_url), published_date=VALUES(published_date), publisher=VALUES(publisher);
INSERT INTO book_detail (isbn, sold_out, free_shipping, list_price, sale_price, author_bio, book_description) VALUES ('9791163283386', 0, 1, 22000, 22000, '하연희 (지은이)에 대한 간단 소개입니다.', '놀이지도 — 놀이지도에 대한 자동 생성 소개입니다.') ON DUPLICATE KEY UPDATE sold_out=VALUES(sold_out), free_shipping=VALUES(free_shipping), list_price=VALUES(list_price), sale_price=VALUES(sale_price), author_bio=VALUES(author_bio), book_description=VALUES(book_description);
INSERT INTO book (isbn, title, subtitle, author, image_url, published_date, publisher) VALUES ('9791166272257', '응급핵심간호실습 I :', '응급핵심간호실습i', '지은이: 홍인화', NULL, '2023-08-26', '포널스 출판사') ON DUPLICATE KEY UPDATE title=VALUES(title), subtitle=VALUES(subtitle), author=VALUES(author), image_url=VALUES(image_url), published_date=VALUES(published_date), publisher=VALUES(publisher);
INSERT INTO book_detail (isbn, sold_out, free_shipping, list_price, sale_price, author_bio, book_description) VALUES ('9791166272257', 0, 0, NULL, NULL, '지은이: 홍인화에 대한 간단 소개입니다.', '응급핵심간호실습 I : — 응급핵심간호실습i에 대한 자동 생성 소개입니다.') ON DUPLICATE KEY UPDATE sold_out=VALUES(sold_out), free_shipping=VALUES(free_shipping), list_price=VALUES(list_price), sale_price=VALUES(sale_price), author_bio=VALUES(author_bio), book_description=VALUES(book_description);
INSERT INTO book (isbn, title, subtitle, author, image_url, published_date, publisher) VALUES ('9791134875138', '리버스×리버스 1', '리버스리버스1', '아마노 시노부 (지은이)', 'https://image.aladin.co.kr/product/27232/74/cover/k052732496_1.jpg', '2021-05-28', '학산문화사(만화)') ON DUPLICATE KEY UPDATE title=VALUES(title), subtitle=VALUES(subtitle), author=VALUES(author), image_url=VALUES(image_url), published_date=VALUES(published_date), publisher=VALUES(publisher);
INSERT INTO book_detail (isbn, sold_out, free_shipping, list_price, sale_price, author_bio, book_description) VALUES ('9791134875138', 0, 0, 5000, 5000, '아마노 시노부 (지은이)에 대한 간단 소개입니다.', '과거의 트라우마로 남성 공포증이 생긴, 나나세 히나. 예쁘고 멋진 아가씨, 유키노 카에데. 두 사람은 여학교에서 운명적인 만남을 갖고, 기숙사 룸메이트가 된다.') ON DUPLICATE KEY UPDATE sold_out=VALUES(sold_out), free_shipping=VALUES(free_shipping), list_price=VALUES(list_price), sale_price=VALUES(sale_price), author_bio=VALUES(author_bio), book_description=VALUES(book_description);
INSERT INTO book (isbn, title, subtitle, author, image_url, published_date, publisher) VALUES ('9788929919047', '서울 헌릉 비각 주변 지반 및 배수로 정비공사 수리보고서', '서울헌릉비각주변지반및배수로정비공사수리보고서', '문화재청 궁능유적본부 [편]', NULL, '2022-05-04', '문화재청 궁능유적본부') ON DUPLICATE KEY UPDATE title=VALUES(title), subtitle=VALUES(subtitle), author=VALUES(author), image_url=VALUES(image_url), published_date=VALUES(published_date), publisher=VALUES(publisher);
INSERT INTO book_detail (isbn, sold_out, free_shipping, list_price, sale_price, author_bio, book_description) VALUES ('9788929919047', 0, 0, NULL, NULL, '문화재청 궁능유적본부 [편]에 대한 간단 소개입니다.', '서울 헌릉 비각 주변 지반 및 배수로 정비공사 수리보고서 — 서울헌릉비각주변지반및배수로정비공사수리보고서에 대한 자동 생성 소개입니다.') ON DUPLICATE KEY UPDATE sold_out=VALUES(sold_out), free_shipping=VALUES(free_shipping), list_price=VALUES(list_price), sale_price=VALUES(sale_price), author_bio=VALUES(author_bio), book_description=VALUES(book_description);
INSERT INTO book (isbn, title, subtitle, author, image_url, published_date, publisher) VALUES ('9791162601648', '학교현장실습 지침서 :', '학교현장실습지침서', '박민아 저', NULL, '2023-09-15', 'JMK(제이엠케이)') ON DUPLICATE KEY UPDATE title=VALUES(title), subtitle=VALUES(subtitle), author=VALUES(author), image_url=VALUES(image_url), published_date=VALUES(published_date), publisher=VALUES(publisher);
INSERT INTO book_detail (isbn, sold_out, free_shipping, list_price, sale_price, author_bio, book_description) VALUES ('9791162601648', 0, 0, NULL, NULL, '박민아 저에 대한 간단 소개입니다.', '학교현장실습 지침서 : — 학교현장실습지침서에 대한 자동 생성 소개입니다.') ON DUPLICATE KEY UPDATE sold_out=VALUES(sold_out), free_shipping=VALUES(free_shipping), list_price=VALUES(list_price), sale_price=VALUES(sale_price), author_bio=VALUES(author_bio), book_description=VALUES(book_description);
INSERT INTO book (isbn, title, subtitle, author, image_url, published_date, publisher) VALUES ('9791197525841', '김태윤 공중보건의 맥 BOOK (- 공중보건 기본이론 단권화 전략/차원이 다른 노하우를 전수한다)', '김태윤공중보건의맥book공중보건기본이론단권화전략차원이다른노하우를전수한다', '김태윤', 'https://bookthumb-phinf.pstatic.net/cover/209/485/20948599.jpg?type=m1&udate=20210923', '2021-09-13', '마체베트') ON DUPLICATE KEY UPDATE title=VALUES(title), subtitle=VALUES(subtitle), author=VALUES(author), image_url=VALUES(image_url), published_date=VALUES(published_date), publisher=VALUES(publisher);
INSERT INTO book_detail (isbn, sold_out, free_shipping, list_price, sale_price, author_bio, book_description) VALUES ('9791197525841', 0, 1, 25000, 25000, '김태윤에 대한 간단 소개입니다.', '&quot;차원이 다른 노하우를 전수한다&quot;김태윤 공중보건 맥BOOK- 공중보건의 논리적 흐름에 따라 합리적 이해를 기반으로 정리한 압축 기본서- 주제별로 간결, 깔끔하게 구성되었으며 공중보건의 맥을 잡고 합격을 예약하는 교재- 보건직/보건연구사/의료기술직/보건진료직/보건복지부 대비 공중보건...') ON DUPLICATE KEY UPDATE sold_out=VALUES(sold_out), free_shipping=VALUES(free_shipping), list_price=VALUES(list_price), sale_price=VALUES(sale_price), author_bio=VALUES(author_bio), book_description=VALUES(book_description);
INSERT INTO book (isbn, title, subtitle, author, image_url, published_date, publisher) VALUES ('9788929919054', '서울 헌릉과 인릉 능침 주변 역사경관림 정비 공사 수리보고서', '서울헌릉과인릉능침주변역사경관림정비공사수리보고서', '문화재청 궁능유적본부 [편]', NULL, '2022-01-02', '문화재청 궁능유적본부') ON DUPLICATE KEY UPDATE title=VALUES(title), subtitle=VALUES(subtitle), author=VALUES(author), image_url=VALUES(image_url), published_date=VALUES(published_date), publisher=VALUES(publisher);
INSERT INTO book_detail (isbn, sold_out, free_shipping, list_price, sale_price, author_bio, book_description) VALUES ('9788929919054', 0, 0, NULL, NULL, '문화재청 궁능유적본부 [편]에 대한 간단 소개입니다.', '서울 헌릉과 인릉 능침 주변 역사경관림 정비 공사 수리보고서 — 서울헌릉과인릉능침주변역사경관림정비공사수리보고서에 대한 자동 생성 소개입니다.') ON DUPLICATE KEY UPDATE sold_out=VALUES(sold_out), free_shipping=VALUES(free_shipping), list_price=VALUES(list_price), sale_price=VALUES(sale_price), author_bio=VALUES(author_bio), book_description=VALUES(book_description);
INSERT INTO book (isbn, title, subtitle, author, image_url, published_date, publisher) VALUES ('9791197530210', '(안전상태 유지를 위한) 비밀요원국 =', '안전상태유지를위한비밀요원국', '지은이: 해야', NULL, '2022-08-30', '[불온서적]') ON DUPLICATE KEY UPDATE title=VALUES(title), subtitle=VALUES(subtitle), author=VALUES(author), image_url=VALUES(image_url), published_date=VALUES(published_date), publisher=VALUES(publisher);
INSERT INTO book_detail (isbn, sold_out, free_shipping, list_price, sale_price, author_bio, book_description) VALUES ('9791197530210', 0, 0, NULL, NULL, '지은이: 해야에 대한 간단 소개입니다.', '(안전상태 유지를 위한) 비밀요원국 = — 안전상태유지를위한비밀요원국에 대한 자동 생성 소개입니다.') ON DUPLICATE KEY UPDATE sold_out=VALUES(sold_out), free_shipping=VALUES(free_shipping), list_price=VALUES(list_price), sale_price=VALUES(sale_price), author_bio=VALUES(author_bio), book_description=VALUES(book_description);
INSERT INTO book (isbn, title, subtitle, author, image_url, published_date, publisher) VALUES ('9791162601785', '지역사회간호학실습 I 지침서 :', '지역사회간호학실습i지침서', '박민아 저', NULL, '2024-08-12', '정문각') ON DUPLICATE KEY UPDATE title=VALUES(title), subtitle=VALUES(subtitle), author=VALUES(author), image_url=VALUES(image_url), published_date=VALUES(published_date), publisher=VALUES(publisher);
INSERT INTO book_detail (isbn, sold_out, free_shipping, list_price, sale_price, author_bio, book_description) VALUES ('9791162601785', 0, 0, NULL, NULL, '박민아 저에 대한 간단 소개입니다.', '지역사회간호학실습 I 지침서 : — 지역사회간호학실습i지침서에 대한 자동 생성 소개입니다.') ON DUPLICATE KEY UPDATE sold_out=VALUES(sold_out), free_shipping=VALUES(free_shipping), list_price=VALUES(list_price), sale_price=VALUES(sale_price), author_bio=VALUES(author_bio), book_description=VALUES(book_description);
INSERT INTO book (isbn, title, subtitle, author, image_url, published_date, publisher) VALUES ('9791197572517', '목적을 잊어버린 성공 - 성경 속 두 도시에서 발견하는 사업 교훈', '목적을잊어버린성공성경속두도시에서발견하는사업교훈', '바우터 드로퍼스 (지은이)', 'https://image.aladin.co.kr/product/27926/68/cover/k822734718_1.jpg', '2021-09-01', '하나(도서출판)') ON DUPLICATE KEY UPDATE title=VALUES(title), subtitle=VALUES(subtitle), author=VALUES(author), image_url=VALUES(image_url), published_date=VALUES(published_date), publisher=VALUES(publisher);
INSERT INTO book_detail (isbn, sold_out, free_shipping, list_price, sale_price, author_bio, book_description) VALUES ('9791197572517', 0, 0, 16800, 16800, '바우터 드로퍼스 (지은이)에 대한 간단 소개입니다.', '글로벌 조직을 갖추고 있는 기독 실업인과 전문인 단체인 CBMC의 유럽연합회(유로파트너스) 바우터 드로퍼스 회장이 예루살렘과 바벨론이라는 성경 속 두 도시에서 발견할 수 있는 사업 교훈을 탄탄한 이론과 다양한 사례를 들어가며 집필한 책이다.') ON DUPLICATE KEY UPDATE sold_out=VALUES(sold_out), free_shipping=VALUES(free_shipping), list_price=VALUES(list_price), sale_price=VALUES(sale_price), author_bio=VALUES(author_bio), book_description=VALUES(book_description);
INSERT INTO book (isbn, title, subtitle, author, image_url, published_date, publisher) VALUES ('9791162601938', '지역사회간호학 III 실습지침서 :', '지역사회간호학iii실습지침서', '박민아', NULL, '2024-03-28', 'JMK(제이엠케이)') ON DUPLICATE KEY UPDATE title=VALUES(title), subtitle=VALUES(subtitle), author=VALUES(author), image_url=VALUES(image_url), published_date=VALUES(published_date), publisher=VALUES(publisher);
INSERT INTO book_detail (isbn, sold_out, free_shipping, list_price, sale_price, author_bio, book_description) VALUES ('9791162601938', 0, 0, NULL, NULL, '박민아에 대한 간단 소개입니다.', '지역사회간호학 III 실습지침서 : — 지역사회간호학iii실습지침서에 대한 자동 생성 소개입니다.') ON DUPLICATE KEY UPDATE sold_out=VALUES(sold_out), free_shipping=VALUES(free_shipping), list_price=VALUES(list_price), sale_price=VALUES(sale_price), author_bio=VALUES(author_bio), book_description=VALUES(book_description);
INSERT INTO book (isbn, title, subtitle, author, image_url, published_date, publisher) VALUES ('9791188424603', '푸른시 100선(우리들이 사랑하는)(푸른문학회 시 수필선 5)', '푸른시100선우리들이사랑하는푸른문학회시수필선5', '푸른문학회', 'https://bookthumb-phinf.pstatic.net/cover/209/962/20996225.jpg?type=m1&udate=20210929', '2021-09-21', '푸른문학사') ON DUPLICATE KEY UPDATE title=VALUES(title), subtitle=VALUES(subtitle), author=VALUES(author), image_url=VALUES(image_url), published_date=VALUES(published_date), publisher=VALUES(publisher);
INSERT INTO book_detail (isbn, sold_out, free_shipping, list_price, sale_price, author_bio, book_description) VALUES ('9791188424603', 0, 0, 15000, 15000, '푸른문학회에 대한 간단 소개입니다.', '푸른시 100선(우리들이 사랑하는)(푸른문학회 시 수필선 5) — 푸른시100선우리들이사랑하는푸른문학회시수필선5에 대한 자동 생성 소개입니다.') ON DUPLICATE KEY UPDATE sold_out=VALUES(sold_out), free_shipping=VALUES(free_shipping), list_price=VALUES(list_price), sale_price=VALUES(sale_price), author_bio=VALUES(author_bio), book_description=VALUES(book_description);
INSERT INTO book (isbn, title, subtitle, author, image_url, published_date, publisher) VALUES ('9791134882204', '이누야샤 와이드판 7', '이누야샤와이드판7', '다카하시 루미코 (지은이)', 'https://image.aladin.co.kr/product/27232/71/cover/k982732496_1.jpg', '2021-05-28', '학산문화사(만화)') ON DUPLICATE KEY UPDATE title=VALUES(title), subtitle=VALUES(subtitle), author=VALUES(author), image_url=VALUES(image_url), published_date=VALUES(published_date), publisher=VALUES(publisher);
INSERT INTO book_detail (isbn, sold_out, free_shipping, list_price, sale_price, author_bio, book_description) VALUES ('9791134882204', 0, 0, 15000, 15000, '다카하시 루미코 (지은이)에 대한 간단 소개입니다.', '다카하시 루미코의 소년만화 〈이누야샤〉!!2021년, 〈이누야샤 와이드판〉으로 다시 탄생하다! !다카하시 루미코의 대표 작품중 하나인 이누야샤!!2000년대 초중반에 큰 인기를 끌었던 〈이누야샤〉가 드디어 와이드판으로 발행된다.약 300페이지 구성의 대 볼륨으로,새로운 컬러 표지와 이누야샤 해설...') ON DUPLICATE KEY UPDATE sold_out=VALUES(sold_out), free_shipping=VALUES(free_shipping), list_price=VALUES(list_price), sale_price=VALUES(sale_price), author_bio=VALUES(author_bio), book_description=VALUES(book_description);
INSERT INTO book (isbn, title, subtitle, author, image_url, published_date, publisher) VALUES ('9791134875411', '이래서 게임 만들기는 그만둘 수 없어 1', '이래서게임만들기는그만둘수없어1', '타카시 (지은이)', 'https://image.aladin.co.kr/product/27232/76/cover/k082732496_1.jpg', '2021-05-28', '학산문화사(만화)') ON DUPLICATE KEY UPDATE title=VALUES(title), subtitle=VALUES(subtitle), author=VALUES(author), image_url=VALUES(image_url), published_date=VALUES(published_date), publisher=VALUES(publisher);
INSERT INTO book_detail (isbn, sold_out, free_shipping, list_price, sale_price, author_bio, book_description) VALUES ('9791134875411', 0, 0, 8000, 8000, '타카시 (지은이)에 대한 간단 소개입니다.', '이이지마 메구미, 28세. 직업, (게임 2D 디자이너.) (앱 게임) 운영을 위해 야근을 불사하며 마감에 쫓기는 나날. (좋아)하는 일을 직업으로 삼았음에도 (퇴색되어 가는 열정.) 하지만 최근 이동해 온 (후배, 미나미 타쿠야)와 함께 일하게 되고…?') ON DUPLICATE KEY UPDATE sold_out=VALUES(sold_out), free_shipping=VALUES(free_shipping), list_price=VALUES(list_price), sale_price=VALUES(sale_price), author_bio=VALUES(author_bio), book_description=VALUES(book_description);
INSERT INTO book (isbn, title, subtitle, author, image_url, published_date, publisher) VALUES ('9791188424580', '詩 사랑 :', '사랑', '저자: 임재구', NULL, '2024-06-17', '푸른문학사') ON DUPLICATE KEY UPDATE title=VALUES(title), subtitle=VALUES(subtitle), author=VALUES(author), image_url=VALUES(image_url), published_date=VALUES(published_date), publisher=VALUES(publisher);
INSERT INTO book_detail (isbn, sold_out, free_shipping, list_price, sale_price, author_bio, book_description) VALUES ('9791188424580', 0, 0, NULL, NULL, '저자: 임재구에 대한 간단 소개입니다.', '詩 사랑 : — 사랑에 대한 자동 생성 소개입니다.') ON DUPLICATE KEY UPDATE sold_out=VALUES(sold_out), free_shipping=VALUES(free_shipping), list_price=VALUES(list_price), sale_price=VALUES(sale_price), author_bio=VALUES(author_bio), book_description=VALUES(book_description);
INSERT INTO book (isbn, title, subtitle, author, image_url, published_date, publisher) VALUES ('9791134878276', '사랑하라 기모노 소녀 4', '사랑하라기모노소녀4', '야마자키 제로 (지은이)', 'https://image.aladin.co.kr/product/27232/70/cover/k972732496_1.jpg', '2021-05-28', '시리얼(학산문화사)') ON DUPLICATE KEY UPDATE title=VALUES(title), subtitle=VALUES(subtitle), author=VALUES(author), image_url=VALUES(image_url), published_date=VALUES(published_date), publisher=VALUES(publisher);
INSERT INTO book_detail (isbn, sold_out, free_shipping, list_price, sale_price, author_bio, book_description) VALUES ('9791134878276', 0, 0, 8000, 8000, '야마자키 제로 (지은이)에 대한 간단 소개입니다.', '기모노로 매력을 뽐내는 새로운 나-.오사카에서 가족과 함께 사는 노노무라 모모. 휴일의 즐거움은 돌아가신 할머니께 물려받은 기모노를 입고 외출하는 것. 기모노 스타일리스트 사사무라 씨의 제안으로 백화점의 행사장을 방문한 모모는 코디네이트의 또 다른 재미를 깨닫는다. 그러던 중 시이나 씨, 토토와...') ON DUPLICATE KEY UPDATE sold_out=VALUES(sold_out), free_shipping=VALUES(free_shipping), list_price=VALUES(list_price), sale_price=VALUES(sale_price), author_bio=VALUES(author_bio), book_description=VALUES(book_description);
INSERT INTO book (isbn, title, subtitle, author, image_url, published_date, publisher) VALUES ('9788989511847', '아야 공부해라 훌륭한 사람이되면 효도는 절로 이루어지니라', '아야공부해라훌륭한사람이되면효도는절로이루어지니라', '嚴命涉 著', NULL, '2024-04-14', '金山書舍 明信契') ON DUPLICATE KEY UPDATE title=VALUES(title), subtitle=VALUES(subtitle), author=VALUES(author), image_url=VALUES(image_url), published_date=VALUES(published_date), publisher=VALUES(publisher);
INSERT INTO book_detail (isbn, sold_out, free_shipping, list_price, sale_price, author_bio, book_description) VALUES ('9788989511847', 0, 0, NULL, NULL, '嚴命涉 著에 대한 간단 소개입니다.', '아야 공부해라 훌륭한 사람이되면 효도는 절로 이루어지니라 — 아야공부해라훌륭한사람이되면효도는절로이루어지니라에 대한 자동 생성 소개입니다.') ON DUPLICATE KEY UPDATE sold_out=VALUES(sold_out), free_shipping=VALUES(free_shipping), list_price=VALUES(list_price), sale_price=VALUES(sale_price), author_bio=VALUES(author_bio), book_description=VALUES(book_description);
INSERT INTO book (isbn, title, subtitle, author, image_url, published_date, publisher) VALUES ('9791187583240', '전통의 美 민화 :', '전통의민화', '송창수', NULL, '2024-05-22', 'KC') ON DUPLICATE KEY UPDATE title=VALUES(title), subtitle=VALUES(subtitle), author=VALUES(author), image_url=VALUES(image_url), published_date=VALUES(published_date), publisher=VALUES(publisher);
INSERT INTO book_detail (isbn, sold_out, free_shipping, list_price, sale_price, author_bio, book_description) VALUES ('9791187583240', 0, 0, NULL, NULL, '송창수에 대한 간단 소개입니다.', '전통의 美 민화 : — 전통의민화에 대한 자동 생성 소개입니다.') ON DUPLICATE KEY UPDATE sold_out=VALUES(sold_out), free_shipping=VALUES(free_shipping), list_price=VALUES(list_price), sale_price=VALUES(sale_price), author_bio=VALUES(author_bio), book_description=VALUES(book_description);
INSERT INTO book (isbn, title, subtitle, author, image_url, published_date, publisher) VALUES ('9788996330820', 'Voice of silence', 'voiceofsilence', '지은이: 지원진', NULL, '2025-05-07', '결출판사') ON DUPLICATE KEY UPDATE title=VALUES(title), subtitle=VALUES(subtitle), author=VALUES(author), image_url=VALUES(image_url), published_date=VALUES(published_date), publisher=VALUES(publisher);
INSERT INTO book_detail (isbn, sold_out, free_shipping, list_price, sale_price, author_bio, book_description) VALUES ('9788996330820', 0, 0, NULL, NULL, '지은이: 지원진에 대한 간단 소개입니다.', 'Voice of silence — voiceofsilence에 대한 자동 생성 소개입니다.') ON DUPLICATE KEY UPDATE sold_out=VALUES(sold_out), free_shipping=VALUES(free_shipping), list_price=VALUES(list_price), sale_price=VALUES(sale_price), author_bio=VALUES(author_bio), book_description=VALUES(book_description);
INSERT INTO book (isbn, title, subtitle, author, image_url, published_date, publisher) VALUES ('9791196818753', '앨리스 달튼 브라운, 빛이 머무는 자리 =', '앨리스달튼브라운,빛이머무는자리', '에세이: 제임스 멀렌', NULL, '2022-02-18', 'My Art Museum(마이아트뮤지엄)') ON DUPLICATE KEY UPDATE title=VALUES(title), subtitle=VALUES(subtitle), author=VALUES(author), image_url=VALUES(image_url), published_date=VALUES(published_date), publisher=VALUES(publisher);
INSERT INTO book_detail (isbn, sold_out, free_shipping, list_price, sale_price, author_bio, book_description) VALUES ('9791196818753', 0, 0, NULL, NULL, '에세이: 제임스 멀렌에 대한 간단 소개입니다.', '앨리스 달튼 브라운, 빛이 머무는 자리 = — 앨리스달튼브라운,빛이머무는자리에 대한 자동 생성 소개입니다.') ON DUPLICATE KEY UPDATE sold_out=VALUES(sold_out), free_shipping=VALUES(free_shipping), list_price=VALUES(list_price), sale_price=VALUES(sale_price), author_bio=VALUES(author_bio), book_description=VALUES(book_description);
INSERT INTO book (isbn, title, subtitle, author, image_url, published_date, publisher) VALUES ('9791166117787', '유사 하렘 3 - S코믹스', '유사하렘3s코믹스', '사이토 유우 (지은이)', 'https://image.aladin.co.kr/product/27172/84/cover/k762731647_1.jpg', '2021-05-28', '㈜소미미디어') ON DUPLICATE KEY UPDATE title=VALUES(title), subtitle=VALUES(subtitle), author=VALUES(author), image_url=VALUES(image_url), published_date=VALUES(published_date), publisher=VALUES(publisher);
INSERT INTO book_detail (isbn, sold_out, free_shipping, list_price, sale_price, author_bio, book_description) VALUES ('9791166117787', 0, 0, 5500, 5500, '사이토 유우 (지은이)에 대한 간단 소개입니다.', '정말로 좋아하는 선배, 에이지 앞에서는 ‘캐릭터’를 ‘연기’하고 마는 소녀 나나하라 린. 드디어 대담한 행동에 나서는데…?!') ON DUPLICATE KEY UPDATE sold_out=VALUES(sold_out), free_shipping=VALUES(free_shipping), list_price=VALUES(list_price), sale_price=VALUES(sale_price), author_bio=VALUES(author_bio), book_description=VALUES(book_description);
INSERT INTO book (isbn, title, subtitle, author, image_url, published_date, publisher) VALUES ('9788961035163', '(성경의) 숲과 나무 :', '성경의숲과나무', '엮은이: 윤복현', NULL, '2025-05-21', '지성계') ON DUPLICATE KEY UPDATE title=VALUES(title), subtitle=VALUES(subtitle), author=VALUES(author), image_url=VALUES(image_url), published_date=VALUES(published_date), publisher=VALUES(publisher);
INSERT INTO book_detail (isbn, sold_out, free_shipping, list_price, sale_price, author_bio, book_description) VALUES ('9788961035163', 0, 0, NULL, NULL, '엮은이: 윤복현에 대한 간단 소개입니다.', '(성경의) 숲과 나무 : — 성경의숲과나무에 대한 자동 생성 소개입니다.') ON DUPLICATE KEY UPDATE sold_out=VALUES(sold_out), free_shipping=VALUES(free_shipping), list_price=VALUES(list_price), sale_price=VALUES(sale_price), author_bio=VALUES(author_bio), book_description=VALUES(book_description);
INSERT INTO book (isbn, title, subtitle, author, image_url, published_date, publisher) VALUES ('9788996330899', '외국인과 함께 배우는 수묵화 정신 =', '외국인과함께배우는수묵화정신', '지원진 지음', NULL, '2025-03-11', '아트게이트') ON DUPLICATE KEY UPDATE title=VALUES(title), subtitle=VALUES(subtitle), author=VALUES(author), image_url=VALUES(image_url), published_date=VALUES(published_date), publisher=VALUES(publisher);
INSERT INTO book_detail (isbn, sold_out, free_shipping, list_price, sale_price, author_bio, book_description) VALUES ('9788996330899', 0, 0, NULL, NULL, '지원진 지음에 대한 간단 소개입니다.', '외국인과 함께 배우는 수묵화 정신 = — 외국인과함께배우는수묵화정신에 대한 자동 생성 소개입니다.') ON DUPLICATE KEY UPDATE sold_out=VALUES(sold_out), free_shipping=VALUES(free_shipping), list_price=VALUES(list_price), sale_price=VALUES(sale_price), author_bio=VALUES(author_bio), book_description=VALUES(book_description);
INSERT INTO book (isbn, title, subtitle, author, image_url, published_date, publisher) VALUES ('9791188150526', '공중보건학', '공중보건학', '지은이: 김은숙', NULL, '2022-03-03', '위북스') ON DUPLICATE KEY UPDATE title=VALUES(title), subtitle=VALUES(subtitle), author=VALUES(author), image_url=VALUES(image_url), published_date=VALUES(published_date), publisher=VALUES(publisher);
INSERT INTO book_detail (isbn, sold_out, free_shipping, list_price, sale_price, author_bio, book_description) VALUES ('9791188150526', 0, 0, NULL, NULL, '지은이: 김은숙에 대한 간단 소개입니다.', '공중보건학 — 공중보건학에 대한 자동 생성 소개입니다.') ON DUPLICATE KEY UPDATE sold_out=VALUES(sold_out), free_shipping=VALUES(free_shipping), list_price=VALUES(list_price), sale_price=VALUES(sale_price), author_bio=VALUES(author_bio), book_description=VALUES(book_description);
INSERT INTO book (isbn, title, subtitle, author, image_url, published_date, publisher) VALUES ('9791166110252', '아내, 초등학생이 되다 5 - S코믹스', '아내,초등학생이되다5s코믹스', '무라타 야유 (지은이)', 'https://image.aladin.co.kr/product/27172/94/cover/k712731647_1.jpg', '2021-05-28', '㈜소미미디어') ON DUPLICATE KEY UPDATE title=VALUES(title), subtitle=VALUES(subtitle), author=VALUES(author), image_url=VALUES(image_url), published_date=VALUES(published_date), publisher=VALUES(publisher);
INSERT INTO book_detail (isbn, sold_out, free_shipping, list_price, sale_price, author_bio, book_description) VALUES ('9791166110252', 0, 0, 5500, 5500, '무라타 야유 (지은이)에 대한 간단 소개입니다.', '새로운 남자와 행복한 나날을 보내던 마리카의 엄마. 하지만 그 남자와의 관계가 삐걱이게 되면서 다시 좌절하고 주변을 원망하기 시작한다. 방황하는 마리카의 엄마는 결국 마리카와 케이스케가 함께 있는 모습을 발견하게 되고, 크게 동요하기 시작하는데….') ON DUPLICATE KEY UPDATE sold_out=VALUES(sold_out), free_shipping=VALUES(free_shipping), list_price=VALUES(list_price), sale_price=VALUES(sale_price), author_bio=VALUES(author_bio), book_description=VALUES(book_description);
INSERT INTO book (isbn, title, subtitle, author, image_url, published_date, publisher) VALUES ('9791189066260', '삶과 죽음은 다르지 않다 :', '삶과죽음은다르지않다', '지은이: 박종수', NULL, '2023-11-02', '고향') ON DUPLICATE KEY UPDATE title=VALUES(title), subtitle=VALUES(subtitle), author=VALUES(author), image_url=VALUES(image_url), published_date=VALUES(published_date), publisher=VALUES(publisher);
INSERT INTO book_detail (isbn, sold_out, free_shipping, list_price, sale_price, author_bio, book_description) VALUES ('9791189066260', 0, 0, NULL, NULL, '지은이: 박종수에 대한 간단 소개입니다.', '삶과 죽음은 다르지 않다 : — 삶과죽음은다르지않다에 대한 자동 생성 소개입니다.') ON DUPLICATE KEY UPDATE sold_out=VALUES(sold_out), free_shipping=VALUES(free_shipping), list_price=VALUES(list_price), sale_price=VALUES(sale_price), author_bio=VALUES(author_bio), book_description=VALUES(book_description);
INSERT INTO book (isbn, title, subtitle, author, image_url, published_date, publisher) VALUES ('9791166117077', '여장 여왕님과 백설공주 2 - 루나 코믹스', '여장여왕님과백설공주2루나코믹스', '아즈사 키나 (지은이)', 'https://image.aladin.co.kr/product/27172/91/cover/k702731647_1.jpg', '2021-05-28', '㈜소미미디어') ON DUPLICATE KEY UPDATE title=VALUES(title), subtitle=VALUES(subtitle), author=VALUES(author), image_url=VALUES(image_url), published_date=VALUES(published_date), publisher=VALUES(publisher);
INSERT INTO book_detail (isbn, sold_out, free_shipping, list_price, sale_price, author_bio, book_description) VALUES ('9791166117077', 0, 0, 5000, 5000, '아즈사 키나 (지은이)에 대한 간단 소개입니다.', '독사과로 만들어진 애플파이를 먹고선, 쓰러진 백설공주. 그 독사과를 넣은 건 무려 제국의 경박한 왕자 루카였다!? 그 일을 눈치채고 왕자를 힐문하는 여장 여왕 유리에게 루카는 서슴없이 “독을 넣은 건 자신”이라고 수긍함과 동시에 유리에게 「백설공주한테 반했나」 라고 묻는데...') ON DUPLICATE KEY UPDATE sold_out=VALUES(sold_out), free_shipping=VALUES(free_shipping), list_price=VALUES(list_price), sale_price=VALUES(sale_price), author_bio=VALUES(author_bio), book_description=VALUES(book_description);
INSERT INTO book (isbn, title, subtitle, author, image_url, published_date, publisher) VALUES ('9791186982747', '2015년 경상남도 성별영향분석평가 종합 분석 :', '2015년경상남도성별영향분석평가종합분석', '연구책임: 권희경', NULL, '2022-02-19', '경상남도 성별영향분석평가센터') ON DUPLICATE KEY UPDATE title=VALUES(title), subtitle=VALUES(subtitle), author=VALUES(author), image_url=VALUES(image_url), published_date=VALUES(published_date), publisher=VALUES(publisher);
INSERT INTO book_detail (isbn, sold_out, free_shipping, list_price, sale_price, author_bio, book_description) VALUES ('9791186982747', 0, 0, NULL, NULL, '연구책임: 권희경에 대한 간단 소개입니다.', '2015년 경상남도 성별영향분석평가 종합 분석 : — 2015년경상남도성별영향분석평가종합분석에 대한 자동 생성 소개입니다.') ON DUPLICATE KEY UPDATE sold_out=VALUES(sold_out), free_shipping=VALUES(free_shipping), list_price=VALUES(list_price), sale_price=VALUES(sale_price), author_bio=VALUES(author_bio), book_description=VALUES(book_description);
INSERT INTO book (isbn, title, subtitle, author, image_url, published_date, publisher) VALUES ('9791185979632', '일본유학시험(EJU) 대비 완전마스터 종합과목', '일본유학시험eju대비완전마스터종합과목', '코치학원 (지은이)', 'https://image.aladin.co.kr/product/27981/52/cover/k292734125_1.jpg', '2021-09-10', '해외교육사업단') ON DUPLICATE KEY UPDATE title=VALUES(title), subtitle=VALUES(subtitle), author=VALUES(author), image_url=VALUES(image_url), published_date=VALUES(published_date), publisher=VALUES(publisher);
INSERT INTO book_detail (isbn, sold_out, free_shipping, list_price, sale_price, author_bio, book_description) VALUES ('9791185979632', 0, 1, 28000, 28000, '코치학원 (지은이)에 대한 간단 소개입니다.', '과거에 출제된 문제를 철저하게 연구·분석하여 작성된, 일본유학시험을 수험하는 유학생을 위한 교과서다.') ON DUPLICATE KEY UPDATE sold_out=VALUES(sold_out), free_shipping=VALUES(free_shipping), list_price=VALUES(list_price), sale_price=VALUES(sale_price), author_bio=VALUES(author_bio), book_description=VALUES(book_description);
INSERT INTO book (isbn, title, subtitle, author, image_url, published_date, publisher) VALUES ('9788968326929', '전국 영어/수학 학력 경시대회 수학 기출문제집(후기) 고등1(전2권)', '전국영어수학학력경시대회수학기출문제집후기고등1전2권', '편집부', 'https://bookthumb-phinf.pstatic.net/cover/207/118/20711821.jpg?type=m1&udate=20210723', '2021-07-02', '종로학원하늘교육') ON DUPLICATE KEY UPDATE title=VALUES(title), subtitle=VALUES(subtitle), author=VALUES(author), image_url=VALUES(image_url), published_date=VALUES(published_date), publisher=VALUES(publisher);
INSERT INTO book_detail (isbn, sold_out, free_shipping, list_price, sale_price, author_bio, book_description) VALUES ('9788968326929', 0, 0, 16000, 16000, '편집부에 대한 간단 소개입니다.', '전국 수학학력경시대회는 초ㆍ중ㆍ고교 학생들을 대상으로 기초과학의 근간이 되는 수학에 대한 자질을 확인하고 계발시키고자 하는 전국단위 수학경시대회로 시기에 따라 전기와 후기로 구분됩니다.본 기출문제집은 최근 10개년도 후기 시험의 기출문제가 통계자료와 함께 수록되어 있습니다. 본...') ON DUPLICATE KEY UPDATE sold_out=VALUES(sold_out), free_shipping=VALUES(free_shipping), list_price=VALUES(list_price), sale_price=VALUES(sale_price), author_bio=VALUES(author_bio), book_description=VALUES(book_description);
INSERT INTO book (isbn, title, subtitle, author, image_url, published_date, publisher) VALUES ('9791197568305', '미리내 :', '미리내', '지은이: 윤용태', NULL, '2025-07-27', '백제의 소리') ON DUPLICATE KEY UPDATE title=VALUES(title), subtitle=VALUES(subtitle), author=VALUES(author), image_url=VALUES(image_url), published_date=VALUES(published_date), publisher=VALUES(publisher);
INSERT INTO book_detail (isbn, sold_out, free_shipping, list_price, sale_price, author_bio, book_description) VALUES ('9791197568305', 0, 0, NULL, NULL, '지은이: 윤용태에 대한 간단 소개입니다.', '미리내 : — 미리내에 대한 자동 생성 소개입니다.') ON DUPLICATE KEY UPDATE sold_out=VALUES(sold_out), free_shipping=VALUES(free_shipping), list_price=VALUES(list_price), sale_price=VALUES(sale_price), author_bio=VALUES(author_bio), book_description=VALUES(book_description);
INSERT INTO book (isbn, title, subtitle, author, image_url, published_date, publisher) VALUES ('9791197532917', '달의 우체부', '달의우체부', '한정희 (지은이)', 'https://image.aladin.co.kr/product/28050/84/cover/k872734432_1.jpg', '2021-09-05', '아일랜드픽') ON DUPLICATE KEY UPDATE title=VALUES(title), subtitle=VALUES(subtitle), author=VALUES(author), image_url=VALUES(image_url), published_date=VALUES(published_date), publisher=VALUES(publisher);
INSERT INTO book_detail (isbn, sold_out, free_shipping, list_price, sale_price, author_bio, book_description) VALUES ('9791197532917', 0, 0, 13800, 13800, '한정희 (지은이)에 대한 간단 소개입니다.', '후회 없는 삶을 살기 위해서 꼭 읽어봐야 할 ‘어른을 위한 판타지 동화’‘소울 트래블’ 진짜 내 모습을 찾는 시간, 삶의 이유를 찾기 위한 토토의 여정이 시작된다. 달의 우체부를 만나야만 했던 ‘토토’의 모험은 어린 시절의 꿈과 낭만이 가득했던 세상으로 돌아가 새롭게 삶을 시작할 용기를 전해주는 한...') ON DUPLICATE KEY UPDATE sold_out=VALUES(sold_out), free_shipping=VALUES(free_shipping), list_price=VALUES(list_price), sale_price=VALUES(sale_price), author_bio=VALUES(author_bio), book_description=VALUES(book_description);
INSERT INTO book (isbn, title, subtitle, author, image_url, published_date, publisher) VALUES ('9791125496410', '안쌤의 STEAM+ 창의사고력 수학 100제 초등 5~6학년 - 교육청ㆍ대학ㆍ과학고 부설 영재교육원 영재성검사, 창의적 문제해결력 평가 완벽 대비', '안쌤의steam창의사고력수학100제초등56학년교육청대학과학고부설영재교육원영재성검사,창의적문제해결력평가완벽대비', '안쌤 영재교육연구소 (지은이)', 'https://image.aladin.co.kr/product/27479/47/cover/k092733891_1.jpg', '2021-08-05', '(주)시대교육') ON DUPLICATE KEY UPDATE title=VALUES(title), subtitle=VALUES(subtitle), author=VALUES(author), image_url=VALUES(image_url), published_date=VALUES(published_date), publisher=VALUES(publisher);
INSERT INTO book_detail (isbn, sold_out, free_shipping, list_price, sale_price, author_bio, book_description) VALUES ('9791125496410', 0, 1, 21000, 21000, '안쌤 영재교육연구소 (지은이)에 대한 간단 소개입니다.', '실생활과 관련된 기사 또는 수학사를 통하여 흥미를 유발시킨 후 수학적 지식을 향상시킬 수 있는 교과사고력 문제와 수학적 사고력을 넓혀 문제해결력을 키울 수 있는 융합사고력 문제로 교과학습과 심화,영재학습이 동시에 가능하도록 구성하였다.') ON DUPLICATE KEY UPDATE sold_out=VALUES(sold_out), free_shipping=VALUES(free_shipping), list_price=VALUES(list_price), sale_price=VALUES(sale_price), author_bio=VALUES(author_bio), book_description=VALUES(book_description);
INSERT INTO book (isbn, title, subtitle, author, image_url, published_date, publisher) VALUES ('9791138300308', '안쌤의 STEAM+ 창의사고력 과학 100제 초등 1~2학년 - 교육청ㆍ대학ㆍ과학고 부설 영재교육원 영재성검사, 창의적 문제해결력 평가 완벽 대비', '안쌤의steam창의사고력과학100제초등12학년교육청대학과학고부설영재교육원영재성검사,창의적문제해결력평가완벽대비', '안쌤 영재교육연구소 (지은이)', 'https://image.aladin.co.kr/product/27503/31/cover/k882733095_1.jpg', '2021-08-05', '(주)시대교육') ON DUPLICATE KEY UPDATE title=VALUES(title), subtitle=VALUES(subtitle), author=VALUES(author), image_url=VALUES(image_url), published_date=VALUES(published_date), publisher=VALUES(publisher);
INSERT INTO book_detail (isbn, sold_out, free_shipping, list_price, sale_price, author_bio, book_description) VALUES ('9791138300308', 0, 1, 21000, 21000, '안쌤 영재교육연구소 (지은이)에 대한 간단 소개입니다.', '최신 과학기사와 웹툰 작가 서랍천사의 재미있는 그림을 통해 알기 쉽게 배우는 영재성검사ㆍ창의적 문제해결력 평가 유형 문제와 문제별 핵심이론 특강을 담았다. 재미있는 주제를 통해 교과 융합 문항을 선별해 다양한 방식으로 사고할 수 있도록 구성하였다.') ON DUPLICATE KEY UPDATE sold_out=VALUES(sold_out), free_shipping=VALUES(free_shipping), list_price=VALUES(list_price), sale_price=VALUES(sale_price), author_bio=VALUES(author_bio), book_description=VALUES(book_description);
INSERT INTO book (isbn, title, subtitle, author, image_url, published_date, publisher) VALUES ('9791165260965', '초등 국어 문법이 쓰기다 2  - 직접 쓰면서 완성하는 초등 고학년 예비 중학 국어 문법 학습 프로그램', '초등국어문법이쓰기다2직접쓰면서완성하는초등고학년예비중학국어문법학습프로그램', '키 초등학습방법연구소 (지은이)', 'https://image.aladin.co.kr/product/27616/34/cover/k662733128_1.jpg', '2021-08-02', '키출판사') ON DUPLICATE KEY UPDATE title=VALUES(title), subtitle=VALUES(subtitle), author=VALUES(author), image_url=VALUES(image_url), published_date=VALUES(published_date), publisher=VALUES(publisher);
INSERT INTO book_detail (isbn, sold_out, free_shipping, list_price, sale_price, author_bio, book_description) VALUES ('9791165260965', 0, 0, 13000, 13000, '키 초등학습방법연구소 (지은이)에 대한 간단 소개입니다.', '초등학교 5~6학년 국어 교과서에 나오는 문법 내용을 총정리하고, 중학교 1학년 국어 교과서의 문법 내용을 예습할 수 있는 교재다. 초등 5~6학년 국어 교과서 어휘를 다수 수록하였으며, 단어의 뜻풀이는 &lt;표준국어대사전&gt;을 참고하였다.') ON DUPLICATE KEY UPDATE sold_out=VALUES(sold_out), free_shipping=VALUES(free_shipping), list_price=VALUES(list_price), sale_price=VALUES(sale_price), author_bio=VALUES(author_bio), book_description=VALUES(book_description);
INSERT INTO book (isbn, title, subtitle, author, image_url, published_date, publisher) VALUES ('9791195208746', 'Mourning :', 'mourning', '사진.글: 신동열', NULL, '2024-12-17', '대천기획') ON DUPLICATE KEY UPDATE title=VALUES(title), subtitle=VALUES(subtitle), author=VALUES(author), image_url=VALUES(image_url), published_date=VALUES(published_date), publisher=VALUES(publisher);
INSERT INTO book_detail (isbn, sold_out, free_shipping, list_price, sale_price, author_bio, book_description) VALUES ('9791195208746', 0, 0, NULL, NULL, '사진.글: 신동열에 대한 간단 소개입니다.', 'Mourning : — mourning에 대한 자동 생성 소개입니다.') ON DUPLICATE KEY UPDATE sold_out=VALUES(sold_out), free_shipping=VALUES(free_shipping), list_price=VALUES(list_price), sale_price=VALUES(sale_price), author_bio=VALUES(author_bio), book_description=VALUES(book_description);
INSERT INTO book (isbn, title, subtitle, author, image_url, published_date, publisher) VALUES ('9791195208753', 'Pure garden :', 'puregarden', '사진.글: 신동열', NULL, '2022-12-21', '대천기획') ON DUPLICATE KEY UPDATE title=VALUES(title), subtitle=VALUES(subtitle), author=VALUES(author), image_url=VALUES(image_url), published_date=VALUES(published_date), publisher=VALUES(publisher);
INSERT INTO book_detail (isbn, sold_out, free_shipping, list_price, sale_price, author_bio, book_description) VALUES ('9791195208753', 0, 0, NULL, NULL, '사진.글: 신동열에 대한 간단 소개입니다.', 'Pure garden : — puregarden에 대한 자동 생성 소개입니다.') ON DUPLICATE KEY UPDATE sold_out=VALUES(sold_out), free_shipping=VALUES(free_shipping), list_price=VALUES(list_price), sale_price=VALUES(sale_price), author_bio=VALUES(author_bio), book_description=VALUES(book_description);
INSERT INTO book (isbn, title, subtitle, author, image_url, published_date, publisher) VALUES ('9791125961338', '시작은 하루 국어 중학 수필 (2021년) - 중학 바탕 학습', '시작은하루국어중학수필2021년중학바탕학습', '천재교육(참고서) 편집부 (지은이)', 'https://image.aladin.co.kr/product/27004/2/cover/k682730320_1.jpg', '2021-04-23', '천재교육') ON DUPLICATE KEY UPDATE title=VALUES(title), subtitle=VALUES(subtitle), author=VALUES(author), image_url=VALUES(image_url), published_date=VALUES(published_date), publisher=VALUES(publisher);
INSERT INTO book_detail (isbn, sold_out, free_shipping, list_price, sale_price, author_bio, book_description) VALUES ('9791125961338', 0, 0, 15000, 15000, '천재교육(참고서) 편집부 (지은이)에 대한 간단 소개입니다.', '꼭 알아야 할 수필의 주요 개념과 작품을 누구나 이해하기 쉽게 구성한 교재다. 하루 6쪽, 주 5일 4주 학습 구성으로 쉽고 빠르게 중학 국어의 기초를 완성할 수 있다. 다양한 만화, 그림, 퀴즈 등으로 단순하면서도 재미있게 학습할 수 있다.') ON DUPLICATE KEY UPDATE sold_out=VALUES(sold_out), free_shipping=VALUES(free_shipping), list_price=VALUES(list_price), sale_price=VALUES(sale_price), author_bio=VALUES(author_bio), book_description=VALUES(book_description);
INSERT INTO book (isbn, title, subtitle, author, image_url, published_date, publisher) VALUES ('9791125961369', '수능기초 10일 격파 영어영역 독해 (2021년) - 수능 final 기초 course', '수능기초10일격파영어영역독해2021년수능final기초course', '천재교육 편집부 (엮은이)', 'https://image.aladin.co.kr/product/27108/77/cover/k482731149_1.jpg', '2021-05-07', '천재교육') ON DUPLICATE KEY UPDATE title=VALUES(title), subtitle=VALUES(subtitle), author=VALUES(author), image_url=VALUES(image_url), published_date=VALUES(published_date), publisher=VALUES(publisher);
INSERT INTO book_detail (isbn, sold_out, free_shipping, list_price, sale_price, author_bio, book_description) VALUES ('9791125961369', 0, 0, 15000, 15000, '천재교육 편집부 (엮은이)에 대한 간단 소개입니다.', '수능 영어 독해 기초를 다지고 싶어 하는 학생들을 위한 교재다. 수능 영어 독해 유형을 소개하고 풀이 전략을 제공하여 수능 영어에 대한 이해도를 높일 수 있도록 구성했다.') ON DUPLICATE KEY UPDATE sold_out=VALUES(sold_out), free_shipping=VALUES(free_shipping), list_price=VALUES(list_price), sale_price=VALUES(sale_price), author_bio=VALUES(author_bio), book_description=VALUES(book_description);
INSERT INTO book (isbn, title, subtitle, author, image_url, published_date, publisher) VALUES ('9791161270814', '심플 미생물학', '심플미생물학', '저자: Oguma Keiji', NULL, '2023-03-11', '의학교육') ON DUPLICATE KEY UPDATE title=VALUES(title), subtitle=VALUES(subtitle), author=VALUES(author), image_url=VALUES(image_url), published_date=VALUES(published_date), publisher=VALUES(publisher);
INSERT INTO book_detail (isbn, sold_out, free_shipping, list_price, sale_price, author_bio, book_description) VALUES ('9791161270814', 0, 0, NULL, NULL, '저자: Oguma Keiji에 대한 간단 소개입니다.', '심플 미생물학 — 심플미생물학에 대한 자동 생성 소개입니다.') ON DUPLICATE KEY UPDATE sold_out=VALUES(sold_out), free_shipping=VALUES(free_shipping), list_price=VALUES(list_price), sale_price=VALUES(sale_price), author_bio=VALUES(author_bio), book_description=VALUES(book_description);
INSERT INTO book (isbn, title, subtitle, author, image_url, published_date, publisher) VALUES ('9791190232616', '(2022학년도) 북한이탈주민 특별전형 입시자료집(전문대학)', '2022학년도북한이탈주민특별전형입시자료집전문대학', '협력기관: 한국전문대학교육협의회', NULL, '2023-01-12', '북한이탈주민지원재단') ON DUPLICATE KEY UPDATE title=VALUES(title), subtitle=VALUES(subtitle), author=VALUES(author), image_url=VALUES(image_url), published_date=VALUES(published_date), publisher=VALUES(publisher);
INSERT INTO book_detail (isbn, sold_out, free_shipping, list_price, sale_price, author_bio, book_description) VALUES ('9791190232616', 0, 0, NULL, NULL, '협력기관: 한국전문대학교육협의회에 대한 간단 소개입니다.', '(2022학년도) 북한이탈주민 특별전형 입시자료집(전문대학) — 2022학년도북한이탈주민특별전형입시자료집전문대학에 대한 자동 생성 소개입니다.') ON DUPLICATE KEY UPDATE sold_out=VALUES(sold_out), free_shipping=VALUES(free_shipping), list_price=VALUES(list_price), sale_price=VALUES(sale_price), author_bio=VALUES(author_bio), book_description=VALUES(book_description);
INSERT INTO book (isbn, title, subtitle, author, image_url, published_date, publisher) VALUES ('9791197567421', '믿음의 영웅들 :', '믿음의영웅들', '저자: 최병묵', NULL, '2024-03-18', '상지출판사') ON DUPLICATE KEY UPDATE title=VALUES(title), subtitle=VALUES(subtitle), author=VALUES(author), image_url=VALUES(image_url), published_date=VALUES(published_date), publisher=VALUES(publisher);
INSERT INTO book_detail (isbn, sold_out, free_shipping, list_price, sale_price, author_bio, book_description) VALUES ('9791197567421', 0, 0, NULL, NULL, '저자: 최병묵에 대한 간단 소개입니다.', '믿음의 영웅들 : — 믿음의영웅들에 대한 자동 생성 소개입니다.') ON DUPLICATE KEY UPDATE sold_out=VALUES(sold_out), free_shipping=VALUES(free_shipping), list_price=VALUES(list_price), sale_price=VALUES(sale_price), author_bio=VALUES(author_bio), book_description=VALUES(book_description);
INSERT INTO book (isbn, title, subtitle, author, image_url, published_date, publisher) VALUES ('9791125961376', '수능기초 10일 격파 사탐영역 한국사 (2021년) - 수능 final 기초 course', '수능기초10일격파사탐영역한국사2021년수능final기초course', '천재교육 편집부 (엮은이)', 'https://image.aladin.co.kr/product/27108/95/cover/k592731149_1.jpg', '2021-05-07', '천재교육') ON DUPLICATE KEY UPDATE title=VALUES(title), subtitle=VALUES(subtitle), author=VALUES(author), image_url=VALUES(image_url), published_date=VALUES(published_date), publisher=VALUES(publisher);
INSERT INTO book_detail (isbn, sold_out, free_shipping, list_price, sale_price, author_bio, book_description) VALUES ('9791125961376', 0, 0, 14000, 14000, '천재교육 편집부 (엮은이)에 대한 간단 소개입니다.', '수능 문제의 감각을 기를 수 있는 수능 입문 교재로 수능에 반드시 출제될 문제를 예상하여 핵심 개념과 기출 문제, 유사 문제로 구성하였다. 또 수능에 출제되었던 빈출 자료 44개를 정리한 수능 기초 체크 44선을 권두 부록으로 제공한다.') ON DUPLICATE KEY UPDATE sold_out=VALUES(sold_out), free_shipping=VALUES(free_shipping), list_price=VALUES(list_price), sale_price=VALUES(sale_price), author_bio=VALUES(author_bio), book_description=VALUES(book_description);
INSERT INTO book (isbn, title, subtitle, author, image_url, published_date, publisher) VALUES ('9791197567414', '다시 새겨야 할 민족의 잠언 :', '다시새겨야할민족의잠언', '저자: 나명환', NULL, '2024-04-23', '상지출판사') ON DUPLICATE KEY UPDATE title=VALUES(title), subtitle=VALUES(subtitle), author=VALUES(author), image_url=VALUES(image_url), published_date=VALUES(published_date), publisher=VALUES(publisher);
INSERT INTO book_detail (isbn, sold_out, free_shipping, list_price, sale_price, author_bio, book_description) VALUES ('9791197567414', 0, 0, NULL, NULL, '저자: 나명환에 대한 간단 소개입니다.', '다시 새겨야 할 민족의 잠언 : — 다시새겨야할민족의잠언에 대한 자동 생성 소개입니다.') ON DUPLICATE KEY UPDATE sold_out=VALUES(sold_out), free_shipping=VALUES(free_shipping), list_price=VALUES(list_price), sale_price=VALUES(sale_price), author_bio=VALUES(author_bio), book_description=VALUES(book_description);
INSERT INTO book (isbn, title, subtitle, author, image_url, published_date, publisher) VALUES ('9791125961383', '수능기초 10일 격파 사탐영역 한국지리 (2021년) - 수능 final 기초 course', '수능기초10일격파사탐영역한국지리2021년수능final기초course', '천재교육 편집부 (엮은이)', 'https://image.aladin.co.kr/product/27108/96/cover/k522731149_1.jpg', '2021-05-07', '천재교육') ON DUPLICATE KEY UPDATE title=VALUES(title), subtitle=VALUES(subtitle), author=VALUES(author), image_url=VALUES(image_url), published_date=VALUES(published_date), publisher=VALUES(publisher);
INSERT INTO book_detail (isbn, sold_out, free_shipping, list_price, sale_price, author_bio, book_description) VALUES ('9791125961383', 0, 0, 14000, 14000, '천재교육 편집부 (엮은이)에 대한 간단 소개입니다.', '수능 문제의 감각을 기를 수 있는 수능 입문 교재로 수능에 반드시 출제될 문제를 예상하여 핵심 개념과 기출 문제, 유사 문제로 구성하였다. 또 수능에 출제되었던 빈출 자료 44개를 정리한 수능 기초 체크 44선을 권두 부록으로 제공한다.') ON DUPLICATE KEY UPDATE sold_out=VALUES(sold_out), free_shipping=VALUES(free_shipping), list_price=VALUES(list_price), sale_price=VALUES(sale_price), author_bio=VALUES(author_bio), book_description=VALUES(book_description);
INSERT INTO book (isbn, title, subtitle, author, image_url, published_date, publisher) VALUES ('9791126004591', '일터혁신과 근로자의 참여 및 역량 - 정책자료 20-06', '일터혁신과근로자의참여및역량정책자료2006', '장홍근', 'https://image.aladin.co.kr/product/27124/84/cover/k382731146_1.jpg', '2020-12-30', '한국노동연구원') ON DUPLICATE KEY UPDATE title=VALUES(title), subtitle=VALUES(subtitle), author=VALUES(author), image_url=VALUES(image_url), published_date=VALUES(published_date), publisher=VALUES(publisher);
INSERT INTO book_detail (isbn, sold_out, free_shipping, list_price, sale_price, author_bio, book_description) VALUES ('9791126004591', 0, 0, 5000, 5000, '장홍근에 대한 간단 소개입니다.', '이 책은 한국노동연구원의 일터혁신과 근로자의 참여 및 역량을 다룬 정부간행물입니다.') ON DUPLICATE KEY UPDATE sold_out=VALUES(sold_out), free_shipping=VALUES(free_shipping), list_price=VALUES(list_price), sale_price=VALUES(sale_price), author_bio=VALUES(author_bio), book_description=VALUES(book_description);
INSERT INTO book (isbn, title, subtitle, author, image_url, published_date, publisher) VALUES ('9788982224263', '한국의 언론중재제도', '한국의언론중재제도', '임병국 지음', NULL, '2022-01-01', '경희대학교 출판문화원') ON DUPLICATE KEY UPDATE title=VALUES(title), subtitle=VALUES(subtitle), author=VALUES(author), image_url=VALUES(image_url), published_date=VALUES(published_date), publisher=VALUES(publisher);
INSERT INTO book_detail (isbn, sold_out, free_shipping, list_price, sale_price, author_bio, book_description) VALUES ('9788982224263', 0, 0, NULL, NULL, '임병국 지음에 대한 간단 소개입니다.', '한국의 언론중재제도 — 한국의언론중재제도에 대한 자동 생성 소개입니다.') ON DUPLICATE KEY UPDATE sold_out=VALUES(sold_out), free_shipping=VALUES(free_shipping), list_price=VALUES(list_price), sale_price=VALUES(sale_price), author_bio=VALUES(author_bio), book_description=VALUES(book_description);
INSERT INTO book (isbn, title, subtitle, author, image_url, published_date, publisher) VALUES ('9791197365126', '오디오북 산업동향 분석 및 활성화 방안 조사연구.', '오디오북산업동향분석및활성화방안조사연구', '연구기관: 비욘드리서치', NULL, '2022-03-18', '한국출판문화산업진흥원') ON DUPLICATE KEY UPDATE title=VALUES(title), subtitle=VALUES(subtitle), author=VALUES(author), image_url=VALUES(image_url), published_date=VALUES(published_date), publisher=VALUES(publisher);
INSERT INTO book_detail (isbn, sold_out, free_shipping, list_price, sale_price, author_bio, book_description) VALUES ('9791197365126', 0, 0, NULL, NULL, '연구기관: 비욘드리서치에 대한 간단 소개입니다.', '오디오북 산업동향 분석 및 활성화 방안 조사연구. — 오디오북산업동향분석및활성화방안조사연구에 대한 자동 생성 소개입니다.') ON DUPLICATE KEY UPDATE sold_out=VALUES(sold_out), free_shipping=VALUES(free_shipping), list_price=VALUES(list_price), sale_price=VALUES(sale_price), author_bio=VALUES(author_bio), book_description=VALUES(book_description);
INSERT INTO book (isbn, title, subtitle, author, image_url, published_date, publisher) VALUES ('9791138300179', '수학이 쑥쑥! 코딩이 척척! 초등코딩 수학 사고력 4단계 (SW 영재교육원 대비) - 교육청ㆍ대학부설 영재교육원 정보영재 + 로봇영재 완벽 대비', '수학이쑥쑥코딩이척척초등코딩수학사고력4단계sw영재교육원대비교육청대학부설영재교육원정보영재로봇영재완벽대비', '김영현', 'https://image.aladin.co.kr/product/27595/80/cover/k042733117_1.jpg', '2021-09-03', '(주)시대교육') ON DUPLICATE KEY UPDATE title=VALUES(title), subtitle=VALUES(subtitle), author=VALUES(author), image_url=VALUES(image_url), published_date=VALUES(published_date), publisher=VALUES(publisher);
INSERT INTO book_detail (isbn, sold_out, free_shipping, list_price, sale_price, author_bio, book_description) VALUES ('9791138300179', 0, 0, 16000, 16000, '김영현에 대한 간단 소개입니다.', '코딩의 개념이 살며시 녹아든 창의사고 수학 문제들을 학생들이 풀어 보면서 사고력을 기를 수 있도록 구성했다. 문제에는 컴퓨팅 시스템, 알고리즘, 프로그래밍, 자료, 규칙성 등이 수학과 함께 녹아 들어 있다.') ON DUPLICATE KEY UPDATE sold_out=VALUES(sold_out), free_shipping=VALUES(free_shipping), list_price=VALUES(list_price), sale_price=VALUES(sale_price), author_bio=VALUES(author_bio), book_description=VALUES(book_description);
INSERT INTO book (isbn, title, subtitle, author, image_url, published_date, publisher) VALUES ('9791138303156', 'SW 정보영재 영재성검사 창의적 문제해결력 초등 3~4학년 - 교육청ㆍ대학ㆍ과학고 부설 영재교육원 정보영재 + 로봇영재 완벽 대비', 'sw정보영재영재성검사창의적문제해결력초등34학년교육청대학과학고부설영재교육원정보영재로봇영재완벽대비', '안쌤 영재교육연구소 (지은이)', 'https://image.aladin.co.kr/product/27639/9/cover/k282733125_1.jpg', '2021-09-03', '(주)시대교육') ON DUPLICATE KEY UPDATE title=VALUES(title), subtitle=VALUES(subtitle), author=VALUES(author), image_url=VALUES(image_url), published_date=VALUES(published_date), publisher=VALUES(publisher);
INSERT INTO book_detail (isbn, sold_out, free_shipping, list_price, sale_price, author_bio, book_description) VALUES ('9791138303156', 0, 0, 15000, 15000, '안쌤 영재교육연구소 (지은이)에 대한 간단 소개입니다.', '''정보'', ''융합정보'', ''소프트웨어'' 등 정보영재 분야가 신설되는 교육청, 대학, 과학고 부설 영재교육원 증가 추세에 맞춰 정보영재 분야를 집중적으로 다루는 모의고사 형식의 교재다. 14문항으로 구성된 4회분의 모의고사+평가가이드+정답 및 해설로 구성되어 있다.') ON DUPLICATE KEY UPDATE sold_out=VALUES(sold_out), free_shipping=VALUES(free_shipping), list_price=VALUES(list_price), sale_price=VALUES(sale_price), author_bio=VALUES(author_bio), book_description=VALUES(book_description);
INSERT INTO book (isbn, title, subtitle, author, image_url, published_date, publisher) VALUES ('9791191408881', 'QR 코드 시창 레벨 2 (스프링)', 'qr코드시창레벨2스프링', '이수경 (지은이)', 'https://image.aladin.co.kr/product/27898/99/cover/k782734402_1.jpg', '2021-08-20', '우리에뜰') ON DUPLICATE KEY UPDATE title=VALUES(title), subtitle=VALUES(subtitle), author=VALUES(author), image_url=VALUES(image_url), published_date=VALUES(published_date), publisher=VALUES(publisher);
INSERT INTO book_detail (isbn, sold_out, free_shipping, list_price, sale_price, author_bio, book_description) VALUES ('9791191408881', 0, 0, 15000, 15000, '이수경 (지은이)에 대한 간단 소개입니다.', '시창 기본 교재를 마친 학생들을 위한 실전 연습곡집이다. 입시를 위한 실전 시창 200문제, QR 코드를 활용한 무료 음원 400개를 제공한다. 메트로놈 및 반복재생이 가능하다.') ON DUPLICATE KEY UPDATE sold_out=VALUES(sold_out), free_shipping=VALUES(free_shipping), list_price=VALUES(list_price), sale_price=VALUES(sale_price), author_bio=VALUES(author_bio), book_description=VALUES(book_description);
INSERT INTO book (isbn, title, subtitle, author, image_url, published_date, publisher) VALUES ('9791165989538', '똑독 중학 국어 문법 기본편 - 중학교 교과서 문법 필수 개념 24일 총정리', '똑독중학국어문법기본편중학교교과서문법필수개념24일총정리', '김영주 (지은이)', 'https://image.aladin.co.kr/product/27523/77/cover/k912733295_1.jpg', '2021-07-16', '이투스북') ON DUPLICATE KEY UPDATE title=VALUES(title), subtitle=VALUES(subtitle), author=VALUES(author), image_url=VALUES(image_url), published_date=VALUES(published_date), publisher=VALUES(publisher);
INSERT INTO book_detail (isbn, sold_out, free_shipping, list_price, sale_price, author_bio, book_description) VALUES ('9791165989538', 0, 0, 11500, 11500, '김영주 (지은이)에 대한 간단 소개입니다.', '중학 국어 문법을 처음 접하는 학생들도 쉽게 개념을 학습할 수 있도록 중등 교과서 필수 개념 24개를 친절하고 자세하게 설명하고 시각화 · 도식화, 풍부한 예시를 활용하였다.') ON DUPLICATE KEY UPDATE sold_out=VALUES(sold_out), free_shipping=VALUES(free_shipping), list_price=VALUES(list_price), sale_price=VALUES(sale_price), author_bio=VALUES(author_bio), book_description=VALUES(book_description);
INSERT INTO book (isbn, title, subtitle, author, image_url, published_date, publisher) VALUES ('9791125961512', '수능기초 10일 격파 국어영역 문학 (2021년) - 수능 final 기초 course', '수능기초10일격파국어영역문학2021년수능final기초course', '고창균', 'https://image.aladin.co.kr/product/27003/92/cover/k402730320_1.jpg', '2021-04-23', '천재교육') ON DUPLICATE KEY UPDATE title=VALUES(title), subtitle=VALUES(subtitle), author=VALUES(author), image_url=VALUES(image_url), published_date=VALUES(published_date), publisher=VALUES(publisher);
INSERT INTO book_detail (isbn, sold_out, free_shipping, list_price, sale_price, author_bio, book_description) VALUES ('9791125961512', 0, 0, 13000, 13000, '고창균에 대한 간단 소개입니다.', '문학 핵심 개념과 수능 핵심 유형을 중심으로 구성하여 10일 안에 수능 기초를 다지는 초단기 수능 기초 교재이다. 먼저 7일간 수능에 자주 출제되는 문제를 집중 연습하여 문제 풀이에 대한 감각을 익힐 수 있게 하였다.') ON DUPLICATE KEY UPDATE sold_out=VALUES(sold_out), free_shipping=VALUES(free_shipping), list_price=VALUES(list_price), sale_price=VALUES(sale_price), author_bio=VALUES(author_bio), book_description=VALUES(book_description);
INSERT INTO book (isbn, title, subtitle, author, image_url, published_date, publisher) VALUES ('9791165989545', '똑독 중학 국어 문법 실력편 - 중학교 및 고등학교 국어 문법 필수 개념 24일 총정리', '똑독중학국어문법실력편중학교및고등학교국어문법필수개념24일총정리', '김혜진', 'https://image.aladin.co.kr/product/27523/82/cover/k942733295_1.jpg', '2021-07-16', '이투스북') ON DUPLICATE KEY UPDATE title=VALUES(title), subtitle=VALUES(subtitle), author=VALUES(author), image_url=VALUES(image_url), published_date=VALUES(published_date), publisher=VALUES(publisher);
INSERT INTO book_detail (isbn, sold_out, free_shipping, list_price, sale_price, author_bio, book_description) VALUES ('9791165989545', 0, 0, 13000, 13000, '김혜진에 대한 간단 소개입니다.', '중학교 및 고등학교 문법 개념 학습과 문제 풀이를 쉽고 단계적으로 할 수 있는 문법서다. 중등 교과서 필수 개념 24개는 물론, 관련 고등 교과서 개념을 시각화.도식화와 풍부한 예시를 활용하여 설명하였다.') ON DUPLICATE KEY UPDATE sold_out=VALUES(sold_out), free_shipping=VALUES(free_shipping), list_price=VALUES(list_price), sale_price=VALUES(sale_price), author_bio=VALUES(author_bio), book_description=VALUES(book_description);
INSERT INTO book (isbn, title, subtitle, author, image_url, published_date, publisher) VALUES ('9791167021410', '고전 필수어휘의 끝', '고전필수어휘의끝', '유현주', 'https://image.aladin.co.kr/product/27525/87/cover/k812733296_1.jpg', '2021-07-09', '(주)오르비') ON DUPLICATE KEY UPDATE title=VALUES(title), subtitle=VALUES(subtitle), author=VALUES(author), image_url=VALUES(image_url), published_date=VALUES(published_date), publisher=VALUES(publisher);
INSERT INTO book_detail (isbn, sold_out, free_shipping, list_price, sale_price, author_bio, book_description) VALUES ('9791167021410', 0, 0, 14400, 14400, '유현주에 대한 간단 소개입니다.', '주요 고전 문학 작품에 등장하는 고전 어휘, 현대어와 예문, 예문에 대한 현대어 풀이 등을 수록한 교재다. 연계작품 수록 여부, 기출 출제 여부, 그리고 문학 작품 해석에 도움이 되는 어휘에 대한 Comment 등을 실었다.') ON DUPLICATE KEY UPDATE sold_out=VALUES(sold_out), free_shipping=VALUES(free_shipping), list_price=VALUES(list_price), sale_price=VALUES(sale_price), author_bio=VALUES(author_bio), book_description=VALUES(book_description);
INSERT INTO book (isbn, title, subtitle, author, image_url, published_date, publisher) VALUES ('9791165261030', '초등 국어 어휘력이 독해력이다 5단계 A  추천 과정 - 어휘로 시작하는 초등 공부력 향상 프로그램', '초등국어어휘력이독해력이다5단계a추천과정어휘로시작하는초등공부력향상프로그램', '키 초등학습방법연구소 (지은이)', 'https://image.aladin.co.kr/product/27841/25/cover/k622734880_1.jpg', '2021-09-03', '키출판사') ON DUPLICATE KEY UPDATE title=VALUES(title), subtitle=VALUES(subtitle), author=VALUES(author), image_url=VALUES(image_url), published_date=VALUES(published_date), publisher=VALUES(publisher);
INSERT INTO book_detail (isbn, sold_out, free_shipping, list_price, sale_price, author_bio, book_description) VALUES ('9791165261030', 0, 0, 13000, 13000, '키 초등학습방법연구소 (지은이)에 대한 간단 소개입니다.', '''어휘 → 짧은 글 → 긴 글''로 이어지는 3단계 학습법을 통해 어휘력과 독해력을 체계적으로 기를 수 있도록 구성하였다. 1단계에서 3단계로 갈수록 학습의 범위가 확장되고, 내용이 심화되어 단계적으로 학습할 수 있다.') ON DUPLICATE KEY UPDATE sold_out=VALUES(sold_out), free_shipping=VALUES(free_shipping), list_price=VALUES(list_price), sale_price=VALUES(sale_price), author_bio=VALUES(author_bio), book_description=VALUES(book_description);
INSERT INTO book (isbn, title, subtitle, author, image_url, published_date, publisher) VALUES ('9791166080418', '씨뮬 10th 3월 전국연합학력평가 3년간 모의고사 예비 고1 (2021년) - 국어.수학.영어.한국사.사회.과학', '씨뮬10th3월전국연합학력평가3년간모의고사예비고12021년국어수학영어한국사사회과학', '골드교육 편집부 (엮은이)', 'https://image.aladin.co.kr/product/27700/26/cover/k862733530_1.jpg', '2021-07-30', '골드교육') ON DUPLICATE KEY UPDATE title=VALUES(title), subtitle=VALUES(subtitle), author=VALUES(author), image_url=VALUES(image_url), published_date=VALUES(published_date), publisher=VALUES(publisher);
INSERT INTO book_detail (isbn, sold_out, free_shipping, list_price, sale_price, author_bio, book_description) VALUES ('9791166080418', 0, 0, 15000, 15000, '골드교육 편집부 (엮은이)에 대한 간단 소개입니다.', '2022년 고1 첫 시험 대비를 위한 실전 모의고사를 연습할 수 있다. 2022학년도 3월 전국연합학력평가를 대비하기 위하여 출제 예상 문제를 재구성하여 수록하였다. 3월 고1 전국연합학력평가 기출 문제로 첫 시험을 대비할 수 있다. 고등학교 공부에 자신감을 북돋아주는 [중학교 핵심 정리]를 수록하여 중학교...') ON DUPLICATE KEY UPDATE sold_out=VALUES(sold_out), free_shipping=VALUES(free_shipping), list_price=VALUES(list_price), sale_price=VALUES(sale_price), author_bio=VALUES(author_bio), book_description=VALUES(book_description);
INSERT INTO book (isbn, title, subtitle, author, image_url, published_date, publisher) VALUES ('9788905052539', '풍산자 반복수학 중학 수학 1-1 (2022년)', '풍산자반복수학중학수학112022년', '풍산자수학연구소 (지은이)', 'https://image.aladin.co.kr/product/27882/60/cover/8905052533_1.jpg', '2021-08-10', '지학사(참고서)') ON DUPLICATE KEY UPDATE title=VALUES(title), subtitle=VALUES(subtitle), author=VALUES(author), image_url=VALUES(image_url), published_date=VALUES(published_date), publisher=VALUES(publisher);
INSERT INTO book_detail (isbn, sold_out, free_shipping, list_price, sale_price, author_bio, book_description) VALUES ('9788905052539', 0, 0, 13500, 13500, '풍산자수학연구소 (지은이)에 대한 간단 소개입니다.', '연산 반복 연습으로 기초를 튼튼하게 만들어 주는 기본학습서이다. 핵심 개념 정리와 단계별 문제로 개념을 확실히 익히고, 유사 문제의 반복 연습으로 기본 실력을 익히며, 스스로 점검 문제를 통해 자기 실력을 점검할 수 있도록 하였다.') ON DUPLICATE KEY UPDATE sold_out=VALUES(sold_out), free_shipping=VALUES(free_shipping), list_price=VALUES(list_price), sale_price=VALUES(sale_price), author_bio=VALUES(author_bio), book_description=VALUES(book_description);
INSERT INTO book (isbn, title, subtitle, author, image_url, published_date, publisher) VALUES ('9791162731703', '용선생 15분 독해 1B - 초등 1~2학년 수준, 100퍼센트 국어, 수학, 사회, 과학 교과 연계', '용선생15분독해1b초등12학년수준,100퍼센트국어,수학,사회,과학교과연계', '김명순 (지은이)', 'https://image.aladin.co.kr/product/27565/1/cover/k522733917_1.jpg', '2021-07-30', '사회평론') ON DUPLICATE KEY UPDATE title=VALUES(title), subtitle=VALUES(subtitle), author=VALUES(author), image_url=VALUES(image_url), published_date=VALUES(published_date), publisher=VALUES(publisher);
INSERT INTO book_detail (isbn, sold_out, free_shipping, list_price, sale_price, author_bio, book_description) VALUES ('9791162731703', 0, 0, 10000, 10000, '김명순 (지은이)에 대한 간단 소개입니다.', '용선생은 주요 교과의 핵심 주제를 동화, 시, 설명문, 논설문, 보고서 등 여러 형식의 글로 제시해 장르별 독해 실력을 기를 수 있다. 15분 동안의 집중적인 학습을 꾸준히 하는 것만으로도 바른 글 읽기 습관을 형성하고 초등 독해력을 기본부터 완성까지 체계적으로 발달시킬 수 있다.') ON DUPLICATE KEY UPDATE sold_out=VALUES(sold_out), free_shipping=VALUES(free_shipping), list_price=VALUES(list_price), sale_price=VALUES(sale_price), author_bio=VALUES(author_bio), book_description=VALUES(book_description);
INSERT INTO book (isbn, title, subtitle, author, image_url, published_date, publisher) VALUES ('9791188865710', '경상북도 청년 정신건강 증진을 위한 사회서비스 지원체계 구축방안', '경상북도청년정신건강증진을위한사회서비스지원체계구축방안', '책임연구원: 김유리', NULL, '2024-05-08', '경북행복재단') ON DUPLICATE KEY UPDATE title=VALUES(title), subtitle=VALUES(subtitle), author=VALUES(author), image_url=VALUES(image_url), published_date=VALUES(published_date), publisher=VALUES(publisher);
INSERT INTO book_detail (isbn, sold_out, free_shipping, list_price, sale_price, author_bio, book_description) VALUES ('9791188865710', 0, 0, NULL, NULL, '책임연구원: 김유리에 대한 간단 소개입니다.', '경상북도 청년 정신건강 증진을 위한 사회서비스 지원체계 구축방안 — 경상북도청년정신건강증진을위한사회서비스지원체계구축방안에 대한 자동 생성 소개입니다.') ON DUPLICATE KEY UPDATE sold_out=VALUES(sold_out), free_shipping=VALUES(free_shipping), list_price=VALUES(list_price), sale_price=VALUES(sale_price), author_bio=VALUES(author_bio), book_description=VALUES(book_description);
INSERT INTO book (isbn, title, subtitle, author, image_url, published_date, publisher) VALUES ('9791188865727', '경상북도 노인의 정보접근성 제고방안', '경상북도노인의정보접근성제고방안', '책임연구원: 김유리', NULL, '2022-07-15', '경북행복재단') ON DUPLICATE KEY UPDATE title=VALUES(title), subtitle=VALUES(subtitle), author=VALUES(author), image_url=VALUES(image_url), published_date=VALUES(published_date), publisher=VALUES(publisher);
INSERT INTO book_detail (isbn, sold_out, free_shipping, list_price, sale_price, author_bio, book_description) VALUES ('9791188865727', 0, 0, NULL, NULL, '책임연구원: 김유리에 대한 간단 소개입니다.', '경상북도 노인의 정보접근성 제고방안 — 경상북도노인의정보접근성제고방안에 대한 자동 생성 소개입니다.') ON DUPLICATE KEY UPDATE sold_out=VALUES(sold_out), free_shipping=VALUES(free_shipping), list_price=VALUES(list_price), sale_price=VALUES(sale_price), author_bio=VALUES(author_bio), book_description=VALUES(book_description);
INSERT INTO book (isbn, title, subtitle, author, image_url, published_date, publisher) VALUES ('9791159071294', '지방자치단체 필수노동자 정책사례 연구', '지방자치단체필수노동자정책사례연구', '연구자: 안수영', NULL, '2022-03-28', '충청남도여성정책개발원') ON DUPLICATE KEY UPDATE title=VALUES(title), subtitle=VALUES(subtitle), author=VALUES(author), image_url=VALUES(image_url), published_date=VALUES(published_date), publisher=VALUES(publisher);
INSERT INTO book_detail (isbn, sold_out, free_shipping, list_price, sale_price, author_bio, book_description) VALUES ('9791159071294', 0, 0, NULL, NULL, '연구자: 안수영에 대한 간단 소개입니다.', '지방자치단체 필수노동자 정책사례 연구 — 지방자치단체필수노동자정책사례연구에 대한 자동 생성 소개입니다.') ON DUPLICATE KEY UPDATE sold_out=VALUES(sold_out), free_shipping=VALUES(free_shipping), list_price=VALUES(list_price), sale_price=VALUES(sale_price), author_bio=VALUES(author_bio), book_description=VALUES(book_description);
INSERT INTO book (isbn, title, subtitle, author, image_url, published_date, publisher) VALUES ('9791190491570', '광주광역시 교통수요관리 방안 연구 :', '광주광역시교통수요관리방안연구', '연구책임: 양철수', NULL, '2022-09-25', '광주전남연구원') ON DUPLICATE KEY UPDATE title=VALUES(title), subtitle=VALUES(subtitle), author=VALUES(author), image_url=VALUES(image_url), published_date=VALUES(published_date), publisher=VALUES(publisher);
INSERT INTO book_detail (isbn, sold_out, free_shipping, list_price, sale_price, author_bio, book_description) VALUES ('9791190491570', 0, 0, NULL, NULL, '연구책임: 양철수에 대한 간단 소개입니다.', '광주광역시 교통수요관리 방안 연구 : — 광주광역시교통수요관리방안연구에 대한 자동 생성 소개입니다.') ON DUPLICATE KEY UPDATE sold_out=VALUES(sold_out), free_shipping=VALUES(free_shipping), list_price=VALUES(list_price), sale_price=VALUES(sale_price), author_bio=VALUES(author_bio), book_description=VALUES(book_description);
INSERT INTO book (isbn, title, subtitle, author, image_url, published_date, publisher) VALUES ('9791159071324', '「충남풀뿌리여성 발굴 및 성장지원 프로젝트」 성과분석(2018~2020)', '충남풀뿌리여성발굴및성장지원프로젝트성과분석20182020', '연구자: 조윤진', NULL, '2024-05-19', '충청남도여성정책개발원') ON DUPLICATE KEY UPDATE title=VALUES(title), subtitle=VALUES(subtitle), author=VALUES(author), image_url=VALUES(image_url), published_date=VALUES(published_date), publisher=VALUES(publisher);
INSERT INTO book_detail (isbn, sold_out, free_shipping, list_price, sale_price, author_bio, book_description) VALUES ('9791159071324', 0, 0, NULL, NULL, '연구자: 조윤진에 대한 간단 소개입니다.', '「충남풀뿌리여성 발굴 및 성장지원 프로젝트」 성과분석(2018~2020) — 충남풀뿌리여성발굴및성장지원프로젝트성과분석20182020에 대한 자동 생성 소개입니다.') ON DUPLICATE KEY UPDATE sold_out=VALUES(sold_out), free_shipping=VALUES(free_shipping), list_price=VALUES(list_price), sale_price=VALUES(sale_price), author_bio=VALUES(author_bio), book_description=VALUES(book_description);
INSERT INTO book (isbn, title, subtitle, author, image_url, published_date, publisher) VALUES ('9791190491631', '저성장시대 전남 도시화 실태와 미래 도시공간 정책 =', '저성장시대전남도시화실태와미래도시공간정책', '연구책임: 나강열', NULL, '2022-05-05', '광주전남연구원') ON DUPLICATE KEY UPDATE title=VALUES(title), subtitle=VALUES(subtitle), author=VALUES(author), image_url=VALUES(image_url), published_date=VALUES(published_date), publisher=VALUES(publisher);
INSERT INTO book_detail (isbn, sold_out, free_shipping, list_price, sale_price, author_bio, book_description) VALUES ('9791190491631', 0, 0, NULL, NULL, '연구책임: 나강열에 대한 간단 소개입니다.', '저성장시대 전남 도시화 실태와 미래 도시공간 정책 = — 저성장시대전남도시화실태와미래도시공간정책에 대한 자동 생성 소개입니다.') ON DUPLICATE KEY UPDATE sold_out=VALUES(sold_out), free_shipping=VALUES(free_shipping), list_price=VALUES(list_price), sale_price=VALUES(sale_price), author_bio=VALUES(author_bio), book_description=VALUES(book_description);
INSERT INTO book (isbn, title, subtitle, author, image_url, published_date, publisher) VALUES ('9791190491624', '광주시 의료관광 활성화 방안 =', '광주시의료관광활성화방안', '연구책임: 문창현', NULL, '2023-09-16', '광주전남연구원') ON DUPLICATE KEY UPDATE title=VALUES(title), subtitle=VALUES(subtitle), author=VALUES(author), image_url=VALUES(image_url), published_date=VALUES(published_date), publisher=VALUES(publisher);
INSERT INTO book_detail (isbn, sold_out, free_shipping, list_price, sale_price, author_bio, book_description) VALUES ('9791190491624', 0, 0, NULL, NULL, '연구책임: 문창현에 대한 간단 소개입니다.', '광주시 의료관광 활성화 방안 = — 광주시의료관광활성화방안에 대한 자동 생성 소개입니다.') ON DUPLICATE KEY UPDATE sold_out=VALUES(sold_out), free_shipping=VALUES(free_shipping), list_price=VALUES(list_price), sale_price=VALUES(sale_price), author_bio=VALUES(author_bio), book_description=VALUES(book_description);
INSERT INTO book (isbn, title, subtitle, author, image_url, published_date, publisher) VALUES ('9791190491600', '광주전남 고성(古城)의 경관실태 및 지역 자원화 방안 =', '광주전남고성의경관실태및지역자원화방안', '연구책임: 송태갑', NULL, '2023-02-11', '광주전남연구원') ON DUPLICATE KEY UPDATE title=VALUES(title), subtitle=VALUES(subtitle), author=VALUES(author), image_url=VALUES(image_url), published_date=VALUES(published_date), publisher=VALUES(publisher);
INSERT INTO book_detail (isbn, sold_out, free_shipping, list_price, sale_price, author_bio, book_description) VALUES ('9791190491600', 0, 0, NULL, NULL, '연구책임: 송태갑에 대한 간단 소개입니다.', '광주전남 고성(古城)의 경관실태 및 지역 자원화 방안 = — 광주전남고성의경관실태및지역자원화방안에 대한 자동 생성 소개입니다.') ON DUPLICATE KEY UPDATE sold_out=VALUES(sold_out), free_shipping=VALUES(free_shipping), list_price=VALUES(list_price), sale_price=VALUES(sale_price), author_bio=VALUES(author_bio), book_description=VALUES(book_description);
INSERT INTO book (isbn, title, subtitle, author, image_url, published_date, publisher) VALUES ('9791190491587', '광주전남 생활 SOC의 공간적 분포 파악 및 효율적 확충 방안 =', '광주전남생활soc의공간적분포파악및효율적확충방안', '연구책임: 신동훈', NULL, '2023-07-31', '광주전남연구원') ON DUPLICATE KEY UPDATE title=VALUES(title), subtitle=VALUES(subtitle), author=VALUES(author), image_url=VALUES(image_url), published_date=VALUES(published_date), publisher=VALUES(publisher);
INSERT INTO book_detail (isbn, sold_out, free_shipping, list_price, sale_price, author_bio, book_description) VALUES ('9791190491587', 0, 0, NULL, NULL, '연구책임: 신동훈에 대한 간단 소개입니다.', '광주전남 생활 SOC의 공간적 분포 파악 및 효율적 확충 방안 = — 광주전남생활soc의공간적분포파악및효율적확충방안에 대한 자동 생성 소개입니다.') ON DUPLICATE KEY UPDATE sold_out=VALUES(sold_out), free_shipping=VALUES(free_shipping), list_price=VALUES(list_price), sale_price=VALUES(sale_price), author_bio=VALUES(author_bio), book_description=VALUES(book_description);
INSERT INTO book (isbn, title, subtitle, author, image_url, published_date, publisher) VALUES ('9791190491594', '미세먼지와 온실가스의 통합관리 방안 =', '미세먼지와온실가스의통합관리방안', '연구책임: 조승희', NULL, '2024-10-29', '광주전남연구원') ON DUPLICATE KEY UPDATE title=VALUES(title), subtitle=VALUES(subtitle), author=VALUES(author), image_url=VALUES(image_url), published_date=VALUES(published_date), publisher=VALUES(publisher);
INSERT INTO book_detail (isbn, sold_out, free_shipping, list_price, sale_price, author_bio, book_description) VALUES ('9791190491594', 0, 0, NULL, NULL, '연구책임: 조승희에 대한 간단 소개입니다.', '미세먼지와 온실가스의 통합관리 방안 = — 미세먼지와온실가스의통합관리방안에 대한 자동 생성 소개입니다.') ON DUPLICATE KEY UPDATE sold_out=VALUES(sold_out), free_shipping=VALUES(free_shipping), list_price=VALUES(list_price), sale_price=VALUES(sale_price), author_bio=VALUES(author_bio), book_description=VALUES(book_description);
INSERT INTO book (isbn, title, subtitle, author, image_url, published_date, publisher) VALUES ('9791190491648', '유휴공공시설의 활용방안 연구 :', '유휴공공시설의활용방안연구', '연구책임: 최우람', NULL, '2022-07-18', '광주전남연구원') ON DUPLICATE KEY UPDATE title=VALUES(title), subtitle=VALUES(subtitle), author=VALUES(author), image_url=VALUES(image_url), published_date=VALUES(published_date), publisher=VALUES(publisher);
INSERT INTO book_detail (isbn, sold_out, free_shipping, list_price, sale_price, author_bio, book_description) VALUES ('9791190491648', 0, 0, NULL, NULL, '연구책임: 최우람에 대한 간단 소개입니다.', '유휴공공시설의 활용방안 연구 : — 유휴공공시설의활용방안연구에 대한 자동 생성 소개입니다.') ON DUPLICATE KEY UPDATE sold_out=VALUES(sold_out), free_shipping=VALUES(free_shipping), list_price=VALUES(list_price), sale_price=VALUES(sale_price), author_bio=VALUES(author_bio), book_description=VALUES(book_description);
INSERT INTO book (isbn, title, subtitle, author, image_url, published_date, publisher) VALUES ('9791190491419', '전라남도 고령친화산업 육성 방향 =', '전라남도고령친화산업육성방향', '연구책임: 정철', NULL, '2024-08-13', '광주전남연구원') ON DUPLICATE KEY UPDATE title=VALUES(title), subtitle=VALUES(subtitle), author=VALUES(author), image_url=VALUES(image_url), published_date=VALUES(published_date), publisher=VALUES(publisher);
INSERT INTO book_detail (isbn, sold_out, free_shipping, list_price, sale_price, author_bio, book_description) VALUES ('9791190491419', 0, 0, NULL, NULL, '연구책임: 정철에 대한 간단 소개입니다.', '전라남도 고령친화산업 육성 방향 = — 전라남도고령친화산업육성방향에 대한 자동 생성 소개입니다.') ON DUPLICATE KEY UPDATE sold_out=VALUES(sold_out), free_shipping=VALUES(free_shipping), list_price=VALUES(list_price), sale_price=VALUES(sale_price), author_bio=VALUES(author_bio), book_description=VALUES(book_description);
INSERT INTO book (isbn, title, subtitle, author, image_url, published_date, publisher) VALUES ('9791138304689', '스스로 평가하고 준비하는! 교육청 영재교육원 봉투모의고사 초등 3학년(융합) - 교육청 영재교육원 영재성검사, 창의적 문제해결력 평가 완벽 대비', '스스로평가하고준비하는교육청영재교육원봉투모의고사초등3학년융합교육청영재교육원영재성검사,창의적문제해결력평가완벽대비', '전진홍 (지은이)', 'https://image.aladin.co.kr/product/27860/41/cover/k462734795_1.jpg', '2021-10-01', '(주)시대교육') ON DUPLICATE KEY UPDATE title=VALUES(title), subtitle=VALUES(subtitle), author=VALUES(author), image_url=VALUES(image_url), published_date=VALUES(published_date), publisher=VALUES(publisher);
INSERT INTO book_detail (isbn, sold_out, free_shipping, list_price, sale_price, author_bio, book_description) VALUES ('9791138304689', 0, 0, 16000, 16000, '전진홍 (지은이)에 대한 간단 소개입니다.', '교육청 영재교육원을 대비할 수 있는 맞춤형 모의고사 형식의 문제집이다. 실제 시험지 형태의 3회 모의고사(각 회차당 20문제(수학10+과학10)와 교육청 영재교육원 소개 및 면접가이드+정답 및 해설로 구성되었다.') ON DUPLICATE KEY UPDATE sold_out=VALUES(sold_out), free_shipping=VALUES(free_shipping), list_price=VALUES(list_price), sale_price=VALUES(sale_price), author_bio=VALUES(author_bio), book_description=VALUES(book_description);
INSERT INTO book (isbn, title, subtitle, author, image_url, published_date, publisher) VALUES ('9791164909292', 'Phổ biến các quy định của Việt Nam về nhập khẩu máy móc, thiết bị, dây chuyền công nghệ đã qua sử dụng nhằm thúc đẩy hoạt động xúc tiến đầu tư Hàn Quốc-Việt Nam :', 'phbinccquynhcavitnamvnhpkhumymc,thitb,dychuyncngnghquasdngnhmthcyhotngxctinuthnqucvitnam', '[Project organizer: Ministry of Economy', NULL, '2024-06-10', NULL) ON DUPLICATE KEY UPDATE title=VALUES(title), subtitle=VALUES(subtitle), author=VALUES(author), image_url=VALUES(image_url), published_date=VALUES(published_date), publisher=VALUES(publisher);
INSERT INTO book_detail (isbn, sold_out, free_shipping, list_price, sale_price, author_bio, book_description) VALUES ('9791164909292', 0, 0, NULL, NULL, '[Project organizer: Ministry of Economy에 대한 간단 소개입니다.', 'Phổ biến các quy định của Việt Nam về nhập khẩu máy móc, thiết bị, dây chuyền công nghệ đã qua sử dụng nhằm thúc đẩy hoạt động xúc tiến đầu tư Hàn Quốc-Việt Nam : — phbinccquynhcavitnamvnhpkhumymc,thitb,dychuyncngnghquasdngnhmthcyhotngxctinuthnqucvitnam에 대한 자동 생성 소개입니다.') ON DUPLICATE KEY UPDATE sold_out=VALUES(sold_out), free_shipping=VALUES(free_shipping), list_price=VALUES(list_price), sale_price=VALUES(sale_price), author_bio=VALUES(author_bio), book_description=VALUES(book_description);
INSERT INTO book (isbn, title, subtitle, author, image_url, published_date, publisher) VALUES ('9791164908936', 'Disseminating information on used machinery and equipment import regulations of Viet Nam for K-V investment promotion :', 'disseminatinginformationonusedmachineryandequipmentimportregulationsofvietnamforkvinvestmentpromotion', '[Project organizer: Ministry of Economy', NULL, '2022-06-03', NULL) ON DUPLICATE KEY UPDATE title=VALUES(title), subtitle=VALUES(subtitle), author=VALUES(author), image_url=VALUES(image_url), published_date=VALUES(published_date), publisher=VALUES(publisher);
INSERT INTO book_detail (isbn, sold_out, free_shipping, list_price, sale_price, author_bio, book_description) VALUES ('9791164908936', 0, 0, NULL, NULL, '[Project organizer: Ministry of Economy에 대한 간단 소개입니다.', 'Disseminating information on used machinery and equipment import regulations of Viet Nam for K-V investment promotion : — disseminatinginformationonusedmachineryandequipmentimportregulationsofvietnamforkvinvestmentpromotion에 대한 자동 생성 소개입니다.') ON DUPLICATE KEY UPDATE sold_out=VALUES(sold_out), free_shipping=VALUES(free_shipping), list_price=VALUES(list_price), sale_price=VALUES(sale_price), author_bio=VALUES(author_bio), book_description=VALUES(book_description);
INSERT INTO book (isbn, title, subtitle, author, image_url, published_date, publisher) VALUES ('9791138400640', '초보 연금술사의 점포경영 2 - S Novel', '초보연금술사의점포경영2snovel', '이츠키 미즈호 (지은이)', 'https://image.aladin.co.kr/product/27893/51/cover/k052734301_1.jpg', '2021-09-17', '㈜소미미디어') ON DUPLICATE KEY UPDATE title=VALUES(title), subtitle=VALUES(subtitle), author=VALUES(author), image_url=VALUES(image_url), published_date=VALUES(published_date), publisher=VALUES(publisher);
INSERT INTO book_detail (isbn, sold_out, free_shipping, list_price, sale_price, author_bio, book_description) VALUES ('9791138400640', 0, 0, 7500, 7500, '이츠키 미즈호 (지은이)에 대한 간단 소개입니다.', '일본 웹소설 사이트 [소설가가 되자]의 인기작 드디어 책으로 출간했다. 귀여운 초보 연금술사 ‘사라사’의 어엿한 국가 연금술사 도전기. 이번에는 얼음을 제압하는 자가 여름을 제압한다! 사우스 스트러그의 장사 대결편이다.') ON DUPLICATE KEY UPDATE sold_out=VALUES(sold_out), free_shipping=VALUES(free_shipping), list_price=VALUES(list_price), sale_price=VALUES(sale_price), author_bio=VALUES(author_bio), book_description=VALUES(book_description);
INSERT INTO book (isbn, title, subtitle, author, image_url, published_date, publisher) VALUES ('9788929919245', '서울 정릉 자연형 수계 등 정비공사 修理報告書', '서울정릉자연형수계등정비공사', '[연구기관]: 이화문화재', NULL, '2022-11-15', '문화재청 궁능유적본부') ON DUPLICATE KEY UPDATE title=VALUES(title), subtitle=VALUES(subtitle), author=VALUES(author), image_url=VALUES(image_url), published_date=VALUES(published_date), publisher=VALUES(publisher);
INSERT INTO book_detail (isbn, sold_out, free_shipping, list_price, sale_price, author_bio, book_description) VALUES ('9788929919245', 0, 0, NULL, NULL, '[연구기관]: 이화문화재에 대한 간단 소개입니다.', '서울 정릉 자연형 수계 등 정비공사 修理報告書 — 서울정릉자연형수계등정비공사에 대한 자동 생성 소개입니다.') ON DUPLICATE KEY UPDATE sold_out=VALUES(sold_out), free_shipping=VALUES(free_shipping), list_price=VALUES(list_price), sale_price=VALUES(sale_price), author_bio=VALUES(author_bio), book_description=VALUES(book_description);
INSERT INTO book (isbn, title, subtitle, author, image_url, published_date, publisher) VALUES ('9791138401968', '성추행당할 뻔한 S급 미소녀를 구해주고 보니 옆자리 소꿉친구였다 1 - S Novel+', '성추행당할뻔한s급미소녀를구해주고보니옆자리소꿉친구였다1snovel', '켄노지 (지은이)', 'https://image.aladin.co.kr/product/27893/70/cover/k272734301_1.jpg', '2021-09-17', '㈜소미미디어') ON DUPLICATE KEY UPDATE title=VALUES(title), subtitle=VALUES(subtitle), author=VALUES(author), image_url=VALUES(image_url), published_date=VALUES(published_date), publisher=VALUES(publisher);
INSERT INTO book_detail (isbn, sold_out, free_shipping, list_price, sale_price, author_bio, book_description) VALUES ('9791138401968', 0, 0, 9800, 9800, '켄노지 (지은이)에 대한 간단 소개입니다.', '고등학교 2학년인 타카모리 료는 학교에 가다가 만원 전철 안에서 곤란해하는 소꿉친구 후시미 히나를 구해주게 된다. 그런 그녀는 학교에서 모두가 인정하는 S급 미소녀. 료는 완전히 정반대인 존재인 히나와 중학교 때부터 고등학교 때까지 이야기를 나눈 적이 없었지만, 그 일을 계기로 왠지 그녀가 어필하는 것 같은데.') ON DUPLICATE KEY UPDATE sold_out=VALUES(sold_out), free_shipping=VALUES(free_shipping), list_price=VALUES(list_price), sale_price=VALUES(sale_price), author_bio=VALUES(author_bio), book_description=VALUES(book_description);
INSERT INTO book (isbn, title, subtitle, author, image_url, published_date, publisher) VALUES ('9788929919030', '서울 의릉 능침 상설물 주변 지반정비 공사 修理報告書', '서울의릉능침상설물주변지반정비공사', '[연구기관]: 삼장', NULL, '2023-12-31', '문화재청 궁능유적본부') ON DUPLICATE KEY UPDATE title=VALUES(title), subtitle=VALUES(subtitle), author=VALUES(author), image_url=VALUES(image_url), published_date=VALUES(published_date), publisher=VALUES(publisher);
INSERT INTO book_detail (isbn, sold_out, free_shipping, list_price, sale_price, author_bio, book_description) VALUES ('9788929919030', 0, 0, NULL, NULL, '[연구기관]: 삼장에 대한 간단 소개입니다.', '서울 의릉 능침 상설물 주변 지반정비 공사 修理報告書 — 서울의릉능침상설물주변지반정비공사에 대한 자동 생성 소개입니다.') ON DUPLICATE KEY UPDATE sold_out=VALUES(sold_out), free_shipping=VALUES(free_shipping), list_price=VALUES(list_price), sale_price=VALUES(sale_price), author_bio=VALUES(author_bio), book_description=VALUES(book_description);
INSERT INTO book (isbn, title, subtitle, author, image_url, published_date, publisher) VALUES ('9788962902211', '리조트 서비스 실무 =', '리조트서비스실무', '이재훈', NULL, '2025-07-18', '영진전문대학교 출판부') ON DUPLICATE KEY UPDATE title=VALUES(title), subtitle=VALUES(subtitle), author=VALUES(author), image_url=VALUES(image_url), published_date=VALUES(published_date), publisher=VALUES(publisher);
INSERT INTO book_detail (isbn, sold_out, free_shipping, list_price, sale_price, author_bio, book_description) VALUES ('9788962902211', 0, 0, NULL, NULL, '이재훈에 대한 간단 소개입니다.', '리조트 서비스 실무 = — 리조트서비스실무에 대한 자동 생성 소개입니다.') ON DUPLICATE KEY UPDATE sold_out=VALUES(sold_out), free_shipping=VALUES(free_shipping), list_price=VALUES(list_price), sale_price=VALUES(sale_price), author_bio=VALUES(author_bio), book_description=VALUES(book_description);
INSERT INTO book (isbn, title, subtitle, author, image_url, published_date, publisher) VALUES ('9791138402316', '쿠로노 전기 4 - 이세계 전이한 내가 최강인 건 침대 위에서만인 것 같습니다, S 블랙', '쿠로노전기4이세계전이한내가최강인건침대위에서만인것같습니다,s블랙', '사이토 아유무 (지은이)', 'https://image.aladin.co.kr/product/27893/64/cover/k252734301_1.jpg', '2021-09-17', '㈜소미미디어') ON DUPLICATE KEY UPDATE title=VALUES(title), subtitle=VALUES(subtitle), author=VALUES(author), image_url=VALUES(image_url), published_date=VALUES(published_date), publisher=VALUES(publisher);
INSERT INTO book_detail (isbn, sold_out, free_shipping, list_price, sale_price, author_bio, book_description) VALUES ('9791138402316', 0, 0, 9800, 9800, '사이토 아유무 (지은이)에 대한 간단 소개입니다.', '제도에서 쿠로노한테 전달된 소집 영장. 그건 「신성 아르고 왕국과의 전쟁에 종군하라」는 긴급 사태를 알리는 영장이었다! 쿠로노는 곧바로 의지할 수 있는 부하들과 함께 살아남기 위한 준비를 시작한다.') ON DUPLICATE KEY UPDATE sold_out=VALUES(sold_out), free_shipping=VALUES(free_shipping), list_price=VALUES(list_price), sale_price=VALUES(sale_price), author_bio=VALUES(author_bio), book_description=VALUES(book_description);
INSERT INTO book (isbn, title, subtitle, author, image_url, published_date, publisher) VALUES ('9788962902181', '자동화 장비설계기초 =', '자동화장비설계기초', '저자: 이영창', NULL, '2022-11-17', '영진전문대학교 출판부') ON DUPLICATE KEY UPDATE title=VALUES(title), subtitle=VALUES(subtitle), author=VALUES(author), image_url=VALUES(image_url), published_date=VALUES(published_date), publisher=VALUES(publisher);
INSERT INTO book_detail (isbn, sold_out, free_shipping, list_price, sale_price, author_bio, book_description) VALUES ('9788962902181', 0, 0, NULL, NULL, '저자: 이영창에 대한 간단 소개입니다.', '자동화 장비설계기초 = — 자동화장비설계기초에 대한 자동 생성 소개입니다.') ON DUPLICATE KEY UPDATE sold_out=VALUES(sold_out), free_shipping=VALUES(free_shipping), list_price=VALUES(list_price), sale_price=VALUES(sale_price), author_bio=VALUES(author_bio), book_description=VALUES(book_description);
INSERT INTO book (isbn, title, subtitle, author, image_url, published_date, publisher) VALUES ('9788962902174', 'PIC와 아두이노를 활용한 펌웨어 기초 =', 'pic와아두이노를활용한펌웨어기초', '김수용', NULL, '2022-09-07', '영진전문대학교 출판부') ON DUPLICATE KEY UPDATE title=VALUES(title), subtitle=VALUES(subtitle), author=VALUES(author), image_url=VALUES(image_url), published_date=VALUES(published_date), publisher=VALUES(publisher);
INSERT INTO book_detail (isbn, sold_out, free_shipping, list_price, sale_price, author_bio, book_description) VALUES ('9788962902174', 0, 0, NULL, NULL, '김수용에 대한 간단 소개입니다.', 'PIC와 아두이노를 활용한 펌웨어 기초 = — pic와아두이노를활용한펌웨어기초에 대한 자동 생성 소개입니다.') ON DUPLICATE KEY UPDATE sold_out=VALUES(sold_out), free_shipping=VALUES(free_shipping), list_price=VALUES(list_price), sale_price=VALUES(sale_price), author_bio=VALUES(author_bio), book_description=VALUES(book_description);
INSERT INTO book (isbn, title, subtitle, author, image_url, published_date, publisher) VALUES ('9788962902167', '(3dsmax VFX를 활용한) VFX제작 실무 :', '3dsmaxvfx를활용한vfx제작실무', '김경수', NULL, '2024-07-28', '영진전문대학교 출판부') ON DUPLICATE KEY UPDATE title=VALUES(title), subtitle=VALUES(subtitle), author=VALUES(author), image_url=VALUES(image_url), published_date=VALUES(published_date), publisher=VALUES(publisher);
INSERT INTO book_detail (isbn, sold_out, free_shipping, list_price, sale_price, author_bio, book_description) VALUES ('9788962902167', 0, 0, NULL, NULL, '김경수에 대한 간단 소개입니다.', '(3dsmax VFX를 활용한) VFX제작 실무 : — 3dsmaxvfx를활용한vfx제작실무에 대한 자동 생성 소개입니다.') ON DUPLICATE KEY UPDATE sold_out=VALUES(sold_out), free_shipping=VALUES(free_shipping), list_price=VALUES(list_price), sale_price=VALUES(sale_price), author_bio=VALUES(author_bio), book_description=VALUES(book_description);
INSERT INTO book (isbn, title, subtitle, author, image_url, published_date, publisher) VALUES ('9791159732720', '2022 도해식 상법 조문노트 - 제2판', '2022도해식상법조문노트제2판', '정인국 (지은이)', 'https://image.aladin.co.kr/product/27854/4/cover/k732734687_1.jpg', '2021-08-28', '세경') ON DUPLICATE KEY UPDATE title=VALUES(title), subtitle=VALUES(subtitle), author=VALUES(author), image_url=VALUES(image_url), published_date=VALUES(published_date), publisher=VALUES(publisher);
INSERT INTO book_detail (isbn, sold_out, free_shipping, list_price, sale_price, author_bio, book_description) VALUES ('9791159732720', 0, 1, 20000, 20000, '정인국 (지은이)에 대한 간단 소개입니다.', '이 교재에는 상법의 각 조문마다 관련내용이 도해식으로 정리되어 있어, 수험생들이 상법 조문을 입체적으로 공부하는데 도움이 될 것이다.') ON DUPLICATE KEY UPDATE sold_out=VALUES(sold_out), free_shipping=VALUES(free_shipping), list_price=VALUES(list_price), sale_price=VALUES(sale_price), author_bio=VALUES(author_bio), book_description=VALUES(book_description);
INSERT INTO book (isbn, title, subtitle, author, image_url, published_date, publisher) VALUES ('9788929919061', '태릉선수촌 철거부지(다목적체육관) 임시양묘장용 수목 굴취 사업 수리보고서', '태릉선수촌철거부지다목적체육관임시양묘장용수목굴취사업수리보고서', '[연구기관]: 상림조경건설', NULL, '2023-10-01', '문화재청 궁능유적본부') ON DUPLICATE KEY UPDATE title=VALUES(title), subtitle=VALUES(subtitle), author=VALUES(author), image_url=VALUES(image_url), published_date=VALUES(published_date), publisher=VALUES(publisher);
INSERT INTO book_detail (isbn, sold_out, free_shipping, list_price, sale_price, author_bio, book_description) VALUES ('9788929919061', 0, 0, NULL, NULL, '[연구기관]: 상림조경건설에 대한 간단 소개입니다.', '태릉선수촌 철거부지(다목적체육관) 임시양묘장용 수목 굴취 사업 수리보고서 — 태릉선수촌철거부지다목적체육관임시양묘장용수목굴취사업수리보고서에 대한 자동 생성 소개입니다.') ON DUPLICATE KEY UPDATE sold_out=VALUES(sold_out), free_shipping=VALUES(free_shipping), list_price=VALUES(list_price), sale_price=VALUES(sale_price), author_bio=VALUES(author_bio), book_description=VALUES(book_description);
INSERT INTO book (isbn, title, subtitle, author, image_url, published_date, publisher) VALUES ('9791138402019', '전생한 대성녀는 성녀임을 숨긴다 1 - S Novel+', '전생한대성녀는성녀임을숨긴다1snovel', '토야 (지은이)', 'https://image.aladin.co.kr/product/27848/63/cover/k412734689_1.jpg', '2021-09-10', '㈜소미미디어') ON DUPLICATE KEY UPDATE title=VALUES(title), subtitle=VALUES(subtitle), author=VALUES(author), image_url=VALUES(image_url), published_date=VALUES(published_date), publisher=VALUES(publisher);
INSERT INTO book_detail (isbn, sold_out, free_shipping, list_price, sale_price, author_bio, book_description) VALUES ('9791138402019', 0, 0, 10000, 10000, '토야 (지은이)에 대한 간단 소개입니다.', '기사 가문의 딸로 태어나 기사를 목표로 삼고 있던 피아는 죽음을 앞두고 ‘대성녀’였던 전생을 떠올린다. 어? 이거, 이제는 옛날이야기에서나 나오는 ‘잃어버린 마법’?! 심지어 최강의 마물·흑룡이 내 사역마?!!') ON DUPLICATE KEY UPDATE sold_out=VALUES(sold_out), free_shipping=VALUES(free_shipping), list_price=VALUES(list_price), sale_price=VALUES(sale_price), author_bio=VALUES(author_bio), book_description=VALUES(book_description);
INSERT INTO book (isbn, title, subtitle, author, image_url, published_date, publisher) VALUES ('9788977426696', '간호관리학실습 II 지침서 :', '간호관리학실습ii지침서', '이경희 저', NULL, '2023-05-09', '정문각') ON DUPLICATE KEY UPDATE title=VALUES(title), subtitle=VALUES(subtitle), author=VALUES(author), image_url=VALUES(image_url), published_date=VALUES(published_date), publisher=VALUES(publisher);
INSERT INTO book_detail (isbn, sold_out, free_shipping, list_price, sale_price, author_bio, book_description) VALUES ('9788977426696', 0, 0, NULL, NULL, '이경희 저에 대한 간단 소개입니다.', '간호관리학실습 II 지침서 : — 간호관리학실습ii지침서에 대한 자동 생성 소개입니다.') ON DUPLICATE KEY UPDATE sold_out=VALUES(sold_out), free_shipping=VALUES(free_shipping), list_price=VALUES(list_price), sale_price=VALUES(sale_price), author_bio=VALUES(author_bio), book_description=VALUES(book_description);
INSERT INTO book (isbn, title, subtitle, author, image_url, published_date, publisher) VALUES ('9791162601778', '지역사회간호학실습 I 지침서 :', '지역사회간호학실습i지침서', '박민아 저', NULL, '2022-09-16', '정문각') ON DUPLICATE KEY UPDATE title=VALUES(title), subtitle=VALUES(subtitle), author=VALUES(author), image_url=VALUES(image_url), published_date=VALUES(published_date), publisher=VALUES(publisher);
INSERT INTO book_detail (isbn, sold_out, free_shipping, list_price, sale_price, author_bio, book_description) VALUES ('9791162601778', 0, 0, NULL, NULL, '박민아 저에 대한 간단 소개입니다.', '지역사회간호학실습 I 지침서 : — 지역사회간호학실습i지침서에 대한 자동 생성 소개입니다.') ON DUPLICATE KEY UPDATE sold_out=VALUES(sold_out), free_shipping=VALUES(free_shipping), list_price=VALUES(list_price), sale_price=VALUES(sale_price), author_bio=VALUES(author_bio), book_description=VALUES(book_description);
INSERT INTO book (isbn, title, subtitle, author, image_url, published_date, publisher) VALUES ('9791196818739', '재즈와 연극 :', '재즈와연극', '마이아트뮤지엄 [편]', NULL, '2023-01-05', 'My Art Museum(마이아트뮤지엄)') ON DUPLICATE KEY UPDATE title=VALUES(title), subtitle=VALUES(subtitle), author=VALUES(author), image_url=VALUES(image_url), published_date=VALUES(published_date), publisher=VALUES(publisher);
INSERT INTO book_detail (isbn, sold_out, free_shipping, list_price, sale_price, author_bio, book_description) VALUES ('9791196818739', 0, 0, NULL, NULL, '마이아트뮤지엄 [편]에 대한 간단 소개입니다.', '재즈와 연극 : — 재즈와연극에 대한 자동 생성 소개입니다.') ON DUPLICATE KEY UPDATE sold_out=VALUES(sold_out), free_shipping=VALUES(free_shipping), list_price=VALUES(list_price), sale_price=VALUES(sale_price), author_bio=VALUES(author_bio), book_description=VALUES(book_description);
INSERT INTO book (isbn, title, subtitle, author, image_url, published_date, publisher) VALUES ('9791197459313', 'WWD 코리아 스페셜 에디션 No.01 (표지 : 강다니엘) - 2021', 'wwd코리아스페셜에디션no01표지강다니엘2021', 'WWD 코리아 편집부 (지은이)', 'https://image.aladin.co.kr/product/27216/96/cover/k522732290_1.jpg', '2021-05-25', 'WWD 코리아') ON DUPLICATE KEY UPDATE title=VALUES(title), subtitle=VALUES(subtitle), author=VALUES(author), image_url=VALUES(image_url), published_date=VALUES(published_date), publisher=VALUES(publisher);
INSERT INTO book_detail (isbn, sold_out, free_shipping, list_price, sale_price, author_bio, book_description) VALUES ('9791197459313', 0, 0, 11800, 11800, 'WWD 코리아 편집부 (지은이)에 대한 간단 소개입니다.', 'WWD 코리아 스페셜 에디션 No.01 (표지 : 강다니엘) - 2021 — wwd코리아스페셜에디션no01표지강다니엘2021에 대한 자동 생성 소개입니다.') ON DUPLICATE KEY UPDATE sold_out=VALUES(sold_out), free_shipping=VALUES(free_shipping), list_price=VALUES(list_price), sale_price=VALUES(sale_price), author_bio=VALUES(author_bio), book_description=VALUES(book_description);
INSERT INTO book (isbn, title, subtitle, author, image_url, published_date, publisher) VALUES ('9791196818746', '맥스달튼, 영화의 순간들 =', '맥스달튼,영화의순간들', '에세이: 매트 졸러 세이츠', NULL, '2025-05-08', 'My Art Museum(마이아트뮤지엄)') ON DUPLICATE KEY UPDATE title=VALUES(title), subtitle=VALUES(subtitle), author=VALUES(author), image_url=VALUES(image_url), published_date=VALUES(published_date), publisher=VALUES(publisher);
INSERT INTO book_detail (isbn, sold_out, free_shipping, list_price, sale_price, author_bio, book_description) VALUES ('9791196818746', 0, 0, NULL, NULL, '에세이: 매트 졸러 세이츠에 대한 간단 소개입니다.', '맥스달튼, 영화의 순간들 = — 맥스달튼,영화의순간들에 대한 자동 생성 소개입니다.') ON DUPLICATE KEY UPDATE sold_out=VALUES(sold_out), free_shipping=VALUES(free_shipping), list_price=VALUES(list_price), sale_price=VALUES(sale_price), author_bio=VALUES(author_bio), book_description=VALUES(book_description);
INSERT INTO book (isbn, title, subtitle, author, image_url, published_date, publisher) VALUES ('9788948067743', '(2021) 농산물 소득조사 분석방법', '2021농산물소득조사분석방법', '농촌진흥청 농산업경영과 [편]', NULL, '2025-06-20', '농촌진흥청 농산업경영과') ON DUPLICATE KEY UPDATE title=VALUES(title), subtitle=VALUES(subtitle), author=VALUES(author), image_url=VALUES(image_url), published_date=VALUES(published_date), publisher=VALUES(publisher);
INSERT INTO book_detail (isbn, sold_out, free_shipping, list_price, sale_price, author_bio, book_description) VALUES ('9788948067743', 0, 0, NULL, NULL, '농촌진흥청 농산업경영과 [편]에 대한 간단 소개입니다.', '(2021) 농산물 소득조사 분석방법 — 2021농산물소득조사분석방법에 대한 자동 생성 소개입니다.') ON DUPLICATE KEY UPDATE sold_out=VALUES(sold_out), free_shipping=VALUES(free_shipping), list_price=VALUES(list_price), sale_price=VALUES(sale_price), author_bio=VALUES(author_bio), book_description=VALUES(book_description);
INSERT INTO book (isbn, title, subtitle, author, image_url, published_date, publisher) VALUES ('9791197121043', '사라지는 것들의 온기', '사라지는것들의온기', '지은이: 오기영', NULL, '2022-11-07', '아트케이트') ON DUPLICATE KEY UPDATE title=VALUES(title), subtitle=VALUES(subtitle), author=VALUES(author), image_url=VALUES(image_url), published_date=VALUES(published_date), publisher=VALUES(publisher);
INSERT INTO book_detail (isbn, sold_out, free_shipping, list_price, sale_price, author_bio, book_description) VALUES ('9791197121043', 0, 0, NULL, NULL, '지은이: 오기영에 대한 간단 소개입니다.', '사라지는 것들의 온기 — 사라지는것들의온기에 대한 자동 생성 소개입니다.') ON DUPLICATE KEY UPDATE sold_out=VALUES(sold_out), free_shipping=VALUES(free_shipping), list_price=VALUES(list_price), sale_price=VALUES(sale_price), author_bio=VALUES(author_bio), book_description=VALUES(book_description);
INSERT INTO book (isbn, title, subtitle, author, image_url, published_date, publisher) VALUES ('9791191736120', '영혼을 살리는 설교 8 - 한국 정치', '영혼을살리는설교8한국정치', '다니엘 조 (지은이)', 'https://image.aladin.co.kr/product/27971/8/cover/k662734927_1.jpg', '2021-06-25', '쉐미니아쯔렛') ON DUPLICATE KEY UPDATE title=VALUES(title), subtitle=VALUES(subtitle), author=VALUES(author), image_url=VALUES(image_url), published_date=VALUES(published_date), publisher=VALUES(publisher);
INSERT INTO book_detail (isbn, sold_out, free_shipping, list_price, sale_price, author_bio, book_description) VALUES ('9791191736120', 0, 0, 12000, 12000, '다니엘 조 (지은이)에 대한 간단 소개입니다.', '다니엘 조의 설교 시리즈 중 여덟 번째 설교집이다. 나라의 운명이 왕에게 달린 것은 성경이 보여주는 교훈이다. 이러한 교훈을 한국의 과거 정치와 현실 정치에 성경적으로 연결하여 깊이 있게 해석하였다.') ON DUPLICATE KEY UPDATE sold_out=VALUES(sold_out), free_shipping=VALUES(free_shipping), list_price=VALUES(list_price), sale_price=VALUES(sale_price), author_bio=VALUES(author_bio), book_description=VALUES(book_description);
INSERT INTO book (isbn, title, subtitle, author, image_url, published_date, publisher) VALUES ('9791166117541', '서머타임 렌더 5 - S코믹스', '서머타임렌더5s코믹스', '타나카 야스키 (지은이)', 'https://image.aladin.co.kr/product/27172/88/cover/k792731647_1.jpg', '2021-05-28', '㈜소미미디어') ON DUPLICATE KEY UPDATE title=VALUES(title), subtitle=VALUES(subtitle), author=VALUES(author), image_url=VALUES(image_url), published_date=VALUES(published_date), publisher=VALUES(publisher);
INSERT INTO book_detail (isbn, sold_out, free_shipping, list_price, sale_price, author_bio, book_description) VALUES ('9791166117541', 0, 0, 5500, 5500, '타나카 야스키 (지은이)에 대한 간단 소개입니다.', '우시오와 그림자 ‘우시오’는 시오리의 그림자를 찾아 타카노스산을 탐색한다. 산속에서 히시가타 의원의 구 병동을 찾게 되지만 그곳에 나타난 그림자와 전투를 하게 되고. 그림자 우시오는 싸우면서 스스로 자신의 존재에 대해 이해하기 시작한다….') ON DUPLICATE KEY UPDATE sold_out=VALUES(sold_out), free_shipping=VALUES(free_shipping), list_price=VALUES(list_price), sale_price=VALUES(sale_price), author_bio=VALUES(author_bio), book_description=VALUES(book_description);
INSERT INTO book (isbn, title, subtitle, author, image_url, published_date, publisher) VALUES ('9788965440710', '기장군 일광면 지역의 모심는 소리', '기장군일광면지역의모심는소리', '저자: 문신애', NULL, '2023-06-03', '제일출판') ON DUPLICATE KEY UPDATE title=VALUES(title), subtitle=VALUES(subtitle), author=VALUES(author), image_url=VALUES(image_url), published_date=VALUES(published_date), publisher=VALUES(publisher);
INSERT INTO book_detail (isbn, sold_out, free_shipping, list_price, sale_price, author_bio, book_description) VALUES ('9788965440710', 0, 0, NULL, NULL, '저자: 문신애에 대한 간단 소개입니다.', '기장군 일광면 지역의 모심는 소리 — 기장군일광면지역의모심는소리에 대한 자동 생성 소개입니다.') ON DUPLICATE KEY UPDATE sold_out=VALUES(sold_out), free_shipping=VALUES(free_shipping), list_price=VALUES(list_price), sale_price=VALUES(sale_price), author_bio=VALUES(author_bio), book_description=VALUES(book_description);
INSERT INTO book (isbn, title, subtitle, author, image_url, published_date, publisher) VALUES ('9788965440680', '사라져가는 소리를 찾아서  :', '사라져가는소리를찾아서', '저자: 문신애', NULL, '2024-06-26', '제일출판') ON DUPLICATE KEY UPDATE title=VALUES(title), subtitle=VALUES(subtitle), author=VALUES(author), image_url=VALUES(image_url), published_date=VALUES(published_date), publisher=VALUES(publisher);
INSERT INTO book_detail (isbn, sold_out, free_shipping, list_price, sale_price, author_bio, book_description) VALUES ('9788965440680', 0, 0, NULL, NULL, '저자: 문신애에 대한 간단 소개입니다.', '사라져가는 소리를 찾아서  : — 사라져가는소리를찾아서에 대한 자동 생성 소개입니다.') ON DUPLICATE KEY UPDATE sold_out=VALUES(sold_out), free_shipping=VALUES(free_shipping), list_price=VALUES(list_price), sale_price=VALUES(sale_price), author_bio=VALUES(author_bio), book_description=VALUES(book_description);
INSERT INTO book (isbn, title, subtitle, author, image_url, published_date, publisher) VALUES ('9791195821846', '화가의 노래 (김테레사 악보집)', '화가의노래김테레사악보집', '김테레사', 'https://bookthumb-phinf.pstatic.net/cover/209/540/20954009.jpg?type=m1&udate=20210925', '2021-09-15', '레인보우') ON DUPLICATE KEY UPDATE title=VALUES(title), subtitle=VALUES(subtitle), author=VALUES(author), image_url=VALUES(image_url), published_date=VALUES(published_date), publisher=VALUES(publisher);
INSERT INTO book_detail (isbn, sold_out, free_shipping, list_price, sale_price, author_bio, book_description) VALUES ('9791195821846', 0, 0, 15000, 15000, '김테레사에 대한 간단 소개입니다.', '예술가 김테레사에게 책으로 된 날개를 달아 주자면서, 지난 십 년 동안 나는 그의 화집날개, 사진집날개, 문집날개 만드는 일에 관여했다.그런데 그가 작곡 작사한 또하나 ‘노래의 날개’를 스스로 겨드랑에 달고 하늘 높이 날아오르며 우리를 놀라게 또 즐겁게 하고 있다.예술가여! 사랑에 국경 없듯이, 드넓은...') ON DUPLICATE KEY UPDATE sold_out=VALUES(sold_out), free_shipping=VALUES(free_shipping), list_price=VALUES(list_price), sale_price=VALUES(sale_price), author_bio=VALUES(author_bio), book_description=VALUES(book_description);
INSERT INTO book (isbn, title, subtitle, author, image_url, published_date, publisher) VALUES ('9791190921138', '행복한 인생', '행복한인생', '전준상', 'https://bookthumb-phinf.pstatic.net/cover/209/489/20948963.jpg?type=m1&udate=20210929', '2022-01-01', '자수정출판사') ON DUPLICATE KEY UPDATE title=VALUES(title), subtitle=VALUES(subtitle), author=VALUES(author), image_url=VALUES(image_url), published_date=VALUES(published_date), publisher=VALUES(publisher);
INSERT INTO book_detail (isbn, sold_out, free_shipping, list_price, sale_price, author_bio, book_description) VALUES ('9791190921138', 0, 0, 15000, 15000, '전준상에 대한 간단 소개입니다.', '행복한 인생 — 행복한인생에 대한 자동 생성 소개입니다.') ON DUPLICATE KEY UPDATE sold_out=VALUES(sold_out), free_shipping=VALUES(free_shipping), list_price=VALUES(list_price), sale_price=VALUES(sale_price), author_bio=VALUES(author_bio), book_description=VALUES(book_description);
INSERT INTO book (isbn, title, subtitle, author, image_url, published_date, publisher) VALUES ('9788965424260', '2022 Hackers 8 Practice Tests for the SAT Volume 2 - Updated for the 2021 SAT Revision l +1 Practice Test!', '2022hackers8practicetestsforthesatvolume2updatedforthe2021satrevisionl1practicetest', '해커스어학연구소 (지은이)', 'https://image.aladin.co.kr/product/27601/76/cover/8965424267_1.jpg', '2021-07-26', '해커스어학연구소(Hackers)') ON DUPLICATE KEY UPDATE title=VALUES(title), subtitle=VALUES(subtitle), author=VALUES(author), image_url=VALUES(image_url), published_date=VALUES(published_date), publisher=VALUES(publisher);
INSERT INTO book_detail (isbn, sold_out, free_shipping, list_price, sale_price, author_bio, book_description) VALUES ('9788965424260', 0, 1, 34900, 34900, '해커스어학연구소 (지은이)에 대한 간단 소개입니다.', '2021년 8월 새롭게 시행되는 SAT 시험 구성을 완벽 반영하였다. 200여 문제의 실전모의고사 8회분으로 SAT를 완벽 대비한다. [실전모의고사 8회분], 1,200여 문제를 수록하였으며, 문제에 대한 확실한 이해를 돕는 상세한 해설을 수록하였다.') ON DUPLICATE KEY UPDATE sold_out=VALUES(sold_out), free_shipping=VALUES(free_shipping), list_price=VALUES(list_price), sale_price=VALUES(sale_price), author_bio=VALUES(author_bio), book_description=VALUES(book_description);
INSERT INTO book (isbn, title, subtitle, author, image_url, published_date, publisher) VALUES ('9791197254154', '제라진 제줏말 씀', '제라진제줏말씀', '글쓴이: 오창순', NULL, '2023-08-05', '서귀포사름') ON DUPLICATE KEY UPDATE title=VALUES(title), subtitle=VALUES(subtitle), author=VALUES(author), image_url=VALUES(image_url), published_date=VALUES(published_date), publisher=VALUES(publisher);
INSERT INTO book_detail (isbn, sold_out, free_shipping, list_price, sale_price, author_bio, book_description) VALUES ('9791197254154', 0, 0, NULL, NULL, '글쓴이: 오창순에 대한 간단 소개입니다.', '제라진 제줏말 씀 — 제라진제줏말씀에 대한 자동 생성 소개입니다.') ON DUPLICATE KEY UPDATE sold_out=VALUES(sold_out), free_shipping=VALUES(free_shipping), list_price=VALUES(list_price), sale_price=VALUES(sale_price), author_bio=VALUES(author_bio), book_description=VALUES(book_description);
INSERT INTO book (isbn, title, subtitle, author, image_url, published_date, publisher) VALUES ('9791165260903', '초등 국어 한자가 어휘력이다 5단계 : 초등 5~6학년 추천 - 교과서 속 한자로 어휘력을 키우는 공부력 향상 프로그램', '초등국어한자가어휘력이다5단계초등56학년추천교과서속한자로어휘력을키우는공부력향상프로그램', '키 초등학습방법연구소 (지은이)', 'https://image.aladin.co.kr/product/27458/61/cover/k882733477_1.jpg', '2021-07-07', '키출판사') ON DUPLICATE KEY UPDATE title=VALUES(title), subtitle=VALUES(subtitle), author=VALUES(author), image_url=VALUES(image_url), published_date=VALUES(published_date), publisher=VALUES(publisher);
INSERT INTO book_detail (isbn, sold_out, free_shipping, list_price, sale_price, author_bio, book_description) VALUES ('9791165260903', 0, 0, 13000, 13000, '키 초등학습방법연구소 (지은이)에 대한 간단 소개입니다.', '어려운 한자의 모양을 따라 적으며 외우는 데에 노력을 들이지 않고, 문해력의 바탕이 되는 한자를 가장 효과적인 방법으로 공부한다. 우리가 사용하는 어휘에 한자가 숨어 있음을 알고, 여러 어휘들을 통하여 그 한자의 의미를 귀납적으로 이해한다.') ON DUPLICATE KEY UPDATE sold_out=VALUES(sold_out), free_shipping=VALUES(free_shipping), list_price=VALUES(list_price), sale_price=VALUES(sale_price), author_bio=VALUES(author_bio), book_description=VALUES(book_description);
INSERT INTO book (isbn, title, subtitle, author, image_url, published_date, publisher) VALUES ('9791195208739', '잃어버린 마을 :', '잃어버린마을', '사진.글: 서정희', NULL, '2024-01-12', '대천기획') ON DUPLICATE KEY UPDATE title=VALUES(title), subtitle=VALUES(subtitle), author=VALUES(author), image_url=VALUES(image_url), published_date=VALUES(published_date), publisher=VALUES(publisher);
INSERT INTO book_detail (isbn, sold_out, free_shipping, list_price, sale_price, author_bio, book_description) VALUES ('9791195208739', 0, 0, NULL, NULL, '사진.글: 서정희에 대한 간단 소개입니다.', '잃어버린 마을 : — 잃어버린마을에 대한 자동 생성 소개입니다.') ON DUPLICATE KEY UPDATE sold_out=VALUES(sold_out), free_shipping=VALUES(free_shipping), list_price=VALUES(list_price), sale_price=VALUES(sale_price), author_bio=VALUES(author_bio), book_description=VALUES(book_description);
INSERT INTO book (isbn, title, subtitle, author, image_url, published_date, publisher) VALUES ('9791125961352', '수능기초 10일 격파 영어영역 듣기 (2021년) - 수능 final 기초 course', '수능기초10일격파영어영역듣기2021년수능final기초course', '천재교육 편집부 (엮은이)', 'https://image.aladin.co.kr/product/27108/75/cover/k342731149_1.jpg', '2021-05-07', '천재교육') ON DUPLICATE KEY UPDATE title=VALUES(title), subtitle=VALUES(subtitle), author=VALUES(author), image_url=VALUES(image_url), published_date=VALUES(published_date), publisher=VALUES(publisher);
INSERT INTO book_detail (isbn, sold_out, free_shipping, list_price, sale_price, author_bio, book_description) VALUES ('9791125961352', 0, 0, 15000, 15000, '천재교육 편집부 (엮은이)에 대한 간단 소개입니다.', '수능을 준비하는 고1, 2 예비 수험생들이 수능 영어시험의 출제 경향과 유형에 대비할 수 있도록 유형별 핵심 전략과 반복 연습을 위한 기출 유사 문제를 담았다.') ON DUPLICATE KEY UPDATE sold_out=VALUES(sold_out), free_shipping=VALUES(free_shipping), list_price=VALUES(list_price), sale_price=VALUES(sale_price), author_bio=VALUES(author_bio), book_description=VALUES(book_description);
INSERT INTO book (isbn, title, subtitle, author, image_url, published_date, publisher) VALUES ('9791125961406', '수능기초 10일 격파 사탐영역 사회.문화 (2021년) - 수능 final 기초 course', '수능기초10일격파사탐영역사회문화2021년수능final기초course', '천재교육 편집부 (엮은이)', 'https://image.aladin.co.kr/product/27108/73/cover/k382731149_1.jpg', '2021-05-07', '천재교육') ON DUPLICATE KEY UPDATE title=VALUES(title), subtitle=VALUES(subtitle), author=VALUES(author), image_url=VALUES(image_url), published_date=VALUES(published_date), publisher=VALUES(publisher);
INSERT INTO book_detail (isbn, sold_out, free_shipping, list_price, sale_price, author_bio, book_description) VALUES ('9791125961406', 0, 0, 14000, 14000, '천재교육 편집부 (엮은이)에 대한 간단 소개입니다.', '수능 문제의 감각을 기를 수 있는 수능 입문 교재로 수능에 반드시 출제될 문제를 예상하여 핵심 개념과 기출 문제, 유사 문제로 구성하였다. 또 수능에 출제되었던 빈출 자료 44개를 정리한 수능 기초 체크 44선을 권두 부록으로 제공한다.') ON DUPLICATE KEY UPDATE sold_out=VALUES(sold_out), free_shipping=VALUES(free_shipping), list_price=VALUES(list_price), sale_price=VALUES(sale_price), author_bio=VALUES(author_bio), book_description=VALUES(book_description);
INSERT INTO book (isbn, title, subtitle, author, image_url, published_date, publisher) VALUES ('9791126004676', '배달앱 사용 확산이 지역고용에 미치는 영향 : 음식서비스업 중심으로 - 정책연구 20-19', '배달앱사용확산이지역고용에미치는영향음식서비스업중심으로정책연구2019', '김영아', 'https://image.aladin.co.kr/product/27124/84/cover/k242731146_1.jpg', '2020-12-30', '한국노동연구원') ON DUPLICATE KEY UPDATE title=VALUES(title), subtitle=VALUES(subtitle), author=VALUES(author), image_url=VALUES(image_url), published_date=VALUES(published_date), publisher=VALUES(publisher);
INSERT INTO book_detail (isbn, sold_out, free_shipping, list_price, sale_price, author_bio, book_description) VALUES ('9791126004676', 0, 0, 9000, 9000, '김영아에 대한 간단 소개입니다.', '이 책은 한국노동연구원의 배달앱 사용 확산이 지역고용에 미치는 영향을 다룬 정부간행물입니다.') ON DUPLICATE KEY UPDATE sold_out=VALUES(sold_out), free_shipping=VALUES(free_shipping), list_price=VALUES(list_price), sale_price=VALUES(sale_price), author_bio=VALUES(author_bio), book_description=VALUES(book_description);
INSERT INTO book (isbn, title, subtitle, author, image_url, published_date, publisher) VALUES ('9788968326837', '전국 영어/수학 학력 경시대회 수학 기출문제집 후기 : 초등1', '전국영어수학학력경시대회수학기출문제집후기초등1', '(주)하늘교육경시연구회 (지은이)', 'https://image.aladin.co.kr/product/27480/37/cover/8968326835_1.jpg', '2021-07-01', '종로학원하늘교육') ON DUPLICATE KEY UPDATE title=VALUES(title), subtitle=VALUES(subtitle), author=VALUES(author), image_url=VALUES(image_url), published_date=VALUES(published_date), publisher=VALUES(publisher);
INSERT INTO book_detail (isbn, sold_out, free_shipping, list_price, sale_price, author_bio, book_description) VALUES ('9788968326837', 0, 0, 16000, 16000, '(주)하늘교육경시연구회 (지은이)에 대한 간단 소개입니다.', '전국 수학학력경시대회는 초.중.고교 학생들을 대상으로 기초과학의 근간이 되는 수학에 대한 자질을 확인하고 계발시키고자 하는 전국단위 수학경시대회이다. 기출문제집은 최근 10개년도 전기 시험의 기출문제가 통계자료와 함께 수록되어 있다.') ON DUPLICATE KEY UPDATE sold_out=VALUES(sold_out), free_shipping=VALUES(free_shipping), list_price=VALUES(list_price), sale_price=VALUES(sale_price), author_bio=VALUES(author_bio), book_description=VALUES(book_description);
INSERT INTO book (isbn, title, subtitle, author, image_url, published_date, publisher) VALUES ('9788901251851', '예비중 수학 :', '예비중수학', '웅진씽크빅 [편]', NULL, '2025-02-10', '웅진씽크빅') ON DUPLICATE KEY UPDATE title=VALUES(title), subtitle=VALUES(subtitle), author=VALUES(author), image_url=VALUES(image_url), published_date=VALUES(published_date), publisher=VALUES(publisher);
INSERT INTO book_detail (isbn, sold_out, free_shipping, list_price, sale_price, author_bio, book_description) VALUES ('9788901251851', 0, 0, NULL, NULL, '웅진씽크빅 [편]에 대한 간단 소개입니다.', '예비중 수학 : — 예비중수학에 대한 자동 생성 소개입니다.') ON DUPLICATE KEY UPDATE sold_out=VALUES(sold_out), free_shipping=VALUES(free_shipping), list_price=VALUES(list_price), sale_price=VALUES(sale_price), author_bio=VALUES(author_bio), book_description=VALUES(book_description);
INSERT INTO book (isbn, title, subtitle, author, image_url, published_date, publisher) VALUES ('9791125961390', '수능기초 10일 격파 사탐영역 생활과 윤리 (2021년) - 수능 final 기초 course', '수능기초10일격파사탐영역생활과윤리2021년수능final기초course', '천재교육 편집부 (엮은이)', 'https://image.aladin.co.kr/product/27108/74/cover/k322731149_1.jpg', '2021-05-07', '천재교육') ON DUPLICATE KEY UPDATE title=VALUES(title), subtitle=VALUES(subtitle), author=VALUES(author), image_url=VALUES(image_url), published_date=VALUES(published_date), publisher=VALUES(publisher);
INSERT INTO book_detail (isbn, sold_out, free_shipping, list_price, sale_price, author_bio, book_description) VALUES ('9791125961390', 0, 0, 14000, 14000, '천재교육 편집부 (엮은이)에 대한 간단 소개입니다.', '수능 문제의 감각을 기를 수 있는 수능 입문 교재로 수능에 반드시 출제될 문제를 예상하여 핵심 개념과 기출 문제, 유사 문제로 구성하였다. 또 수능에 출제되었던 빈출 자료 44개를 정리한 수능 기초 체크 44선을 권두 부록으로 제공한다.') ON DUPLICATE KEY UPDATE sold_out=VALUES(sold_out), free_shipping=VALUES(free_shipping), list_price=VALUES(list_price), sale_price=VALUES(sale_price), author_bio=VALUES(author_bio), book_description=VALUES(book_description);
INSERT INTO book (isbn, title, subtitle, author, image_url, published_date, publisher) VALUES ('9791125961529', '수능기초 10일 격파 국어영역 독서 (2021년) - 수능 final 기초 course', '수능기초10일격파국어영역독서2021년수능final기초course', '류신형', 'https://image.aladin.co.kr/product/27003/94/cover/k442730320_1.jpg', '2021-04-23', '천재교육') ON DUPLICATE KEY UPDATE title=VALUES(title), subtitle=VALUES(subtitle), author=VALUES(author), image_url=VALUES(image_url), published_date=VALUES(published_date), publisher=VALUES(publisher);
INSERT INTO book_detail (isbn, sold_out, free_shipping, list_price, sale_price, author_bio, book_description) VALUES ('9791125961529', 0, 0, 13000, 13000, '류신형에 대한 간단 소개입니다.', '&lt;10일 격파 독서&gt;는 핵심 유형을 쉬운 문제로 반복 학습하여 수능 기초를 다지는 교재입니다. 하루 14쪽 분량으로 핵심 유형과 실전 문제를 모두 학습할 수 있으며, 하루에 한 가지 영역씩 완벽하게 학습할 수 있도록 구성하였다.') ON DUPLICATE KEY UPDATE sold_out=VALUES(sold_out), free_shipping=VALUES(free_shipping), list_price=VALUES(list_price), sale_price=VALUES(sale_price), author_bio=VALUES(author_bio), book_description=VALUES(book_description);
INSERT INTO book (isbn, title, subtitle, author, image_url, published_date, publisher) VALUES ('9791138303163', 'SW 정보영재 영재성검사 창의적 문제해결력 모의고사 초등 5~중등 1학년 - 교육청.대학.과학고 부설 영재교육원 정보영재 + 로봇영재 완벽 대비', 'sw정보영재영재성검사창의적문제해결력모의고사초등5중등1학년교육청대학과학고부설영재교육원정보영재로봇영재완벽대비', '안쌤 영재교육연구소 (지은이)', 'https://image.aladin.co.kr/product/27654/32/cover/k522733039_1.jpg', '2021-09-03', '(주)시대교육') ON DUPLICATE KEY UPDATE title=VALUES(title), subtitle=VALUES(subtitle), author=VALUES(author), image_url=VALUES(image_url), published_date=VALUES(published_date), publisher=VALUES(publisher);
INSERT INTO book_detail (isbn, sold_out, free_shipping, list_price, sale_price, author_bio, book_description) VALUES ('9791138303163', 0, 0, 15000, 15000, '안쌤 영재교육연구소 (지은이)에 대한 간단 소개입니다.', '정보영재 분야가 신설되는 교육청, 대학, 과학고 부설 영재교육원 증가 추세에 맞춰 정보영재 분야를 집중적으로 다루는 모의고사 형식의 교재다. 14문항으로 구성된 4회분의 모의고사+평가가이드+정답 및 해설로 구성되어 있다.') ON DUPLICATE KEY UPDATE sold_out=VALUES(sold_out), free_shipping=VALUES(free_shipping), list_price=VALUES(list_price), sale_price=VALUES(sale_price), author_bio=VALUES(author_bio), book_description=VALUES(book_description);
INSERT INTO book (isbn, title, subtitle, author, image_url, published_date, publisher) VALUES ('9791165260927', '그림으로 개념 잡는 초등 키 수학 5-2 (2021년) - 우등생도 교과서 개념부터 스타트!', '그림으로개념잡는초등키수학522021년우등생도교과서개념부터스타트', '키 수학학습방법연구소 (지은이)', 'https://image.aladin.co.kr/product/27603/91/cover/k872733923_1.jpg', '2021-07-28', '키출판사') ON DUPLICATE KEY UPDATE title=VALUES(title), subtitle=VALUES(subtitle), author=VALUES(author), image_url=VALUES(image_url), published_date=VALUES(published_date), publisher=VALUES(publisher);
INSERT INTO book_detail (isbn, sold_out, free_shipping, list_price, sale_price, author_bio, book_description) VALUES ('9791165260927', 0, 0, 15000, 15000, '키 수학학습방법연구소 (지은이)에 대한 간단 소개입니다.', '분수, 소수의 곱셈을 단계별로 내용을 전개하며, 왜 그렇게 계산을 해야 하는지 수학적인 방법으로 모두 설명하고 있다. 또한, 오래 기억할 수 있도록 핵심 내용을 이미지화하여 제공한다. 평균과 가능성도 단계적으로, 그리고 수학적으로 쉽고 재미있게 공부할 수 있도록 내용을 전개하고 있다.') ON DUPLICATE KEY UPDATE sold_out=VALUES(sold_out), free_shipping=VALUES(free_shipping), list_price=VALUES(list_price), sale_price=VALUES(sale_price), author_bio=VALUES(author_bio), book_description=VALUES(book_description);
INSERT INTO book (isbn, title, subtitle, author, image_url, published_date, publisher) VALUES ('9791167021434', '2022 교정국어 독서편 - 전2권 - 본문 + 해설', '2022교정국어독서편전2권본문해설', '박영호 (지은이)', 'https://image.aladin.co.kr/product/27540/1/cover/k982733390_1.jpg', '2021-07-09', '(주)오르비') ON DUPLICATE KEY UPDATE title=VALUES(title), subtitle=VALUES(subtitle), author=VALUES(author), image_url=VALUES(image_url), published_date=VALUES(published_date), publisher=VALUES(publisher);
INSERT INTO book_detail (isbn, sold_out, free_shipping, list_price, sale_price, author_bio, book_description) VALUES ('9791167021434', 0, 1, 29800, 29800, '박영호 (지은이)에 대한 간단 소개입니다.', '문단 해설은 실전적이고 거시적인 포인트들을 위주로, 어떤 정보에 주목해야 하는지를 중심으로 하였고, 문장 해설은 지문 내에서 이해할 수 있는 최대한으로 이해하는 것을 목표로 한 문장 한 문장을 대할 때 어떤 생각을 해야하는지를 중심으로 하였다.') ON DUPLICATE KEY UPDATE sold_out=VALUES(sold_out), free_shipping=VALUES(free_shipping), list_price=VALUES(list_price), sale_price=VALUES(sale_price), author_bio=VALUES(author_bio), book_description=VALUES(book_description);
INSERT INTO book (isbn, title, subtitle, author, image_url, published_date, publisher) VALUES ('9791159071331', '충남 청소년수련시설 청소년지도사 처우개선 방안 연구 :', '충남청소년수련시설청소년지도사처우개선방안연구', '연구자: 맹준호', NULL, '2025-06-10', '충청남도여성정책개발원') ON DUPLICATE KEY UPDATE title=VALUES(title), subtitle=VALUES(subtitle), author=VALUES(author), image_url=VALUES(image_url), published_date=VALUES(published_date), publisher=VALUES(publisher);
INSERT INTO book_detail (isbn, sold_out, free_shipping, list_price, sale_price, author_bio, book_description) VALUES ('9791159071331', 0, 0, NULL, NULL, '연구자: 맹준호에 대한 간단 소개입니다.', '충남 청소년수련시설 청소년지도사 처우개선 방안 연구 : — 충남청소년수련시설청소년지도사처우개선방안연구에 대한 자동 생성 소개입니다.') ON DUPLICATE KEY UPDATE sold_out=VALUES(sold_out), free_shipping=VALUES(free_shipping), list_price=VALUES(list_price), sale_price=VALUES(sale_price), author_bio=VALUES(author_bio), book_description=VALUES(book_description);
INSERT INTO book (isbn, title, subtitle, author, image_url, published_date, publisher) VALUES ('9791190491440', '광주전남 문예회관 현황과 활성화 방안 =', '광주전남문예회관현황과활성화방안', '연구책임: 김광욱', NULL, '2024-12-03', '광주전남연구원') ON DUPLICATE KEY UPDATE title=VALUES(title), subtitle=VALUES(subtitle), author=VALUES(author), image_url=VALUES(image_url), published_date=VALUES(published_date), publisher=VALUES(publisher);
INSERT INTO book_detail (isbn, sold_out, free_shipping, list_price, sale_price, author_bio, book_description) VALUES ('9791190491440', 0, 0, NULL, NULL, '연구책임: 김광욱에 대한 간단 소개입니다.', '광주전남 문예회관 현황과 활성화 방안 = — 광주전남문예회관현황과활성화방안에 대한 자동 생성 소개입니다.') ON DUPLICATE KEY UPDATE sold_out=VALUES(sold_out), free_shipping=VALUES(free_shipping), list_price=VALUES(list_price), sale_price=VALUES(sale_price), author_bio=VALUES(author_bio), book_description=VALUES(book_description);
INSERT INTO book (isbn, title, subtitle, author, image_url, published_date, publisher) VALUES ('9788968326936', '전국 영어/수학 학력 경시대회 수학 기출문제집(후기) 고등2(전2권)', '전국영어수학학력경시대회수학기출문제집후기고등2전2권', '편집부', 'https://bookthumb-phinf.pstatic.net/cover/207/118/20711823.jpg?type=m1&udate=20210723', '2021-07-02', '종로학원하늘교육') ON DUPLICATE KEY UPDATE title=VALUES(title), subtitle=VALUES(subtitle), author=VALUES(author), image_url=VALUES(image_url), published_date=VALUES(published_date), publisher=VALUES(publisher);
INSERT INTO book_detail (isbn, sold_out, free_shipping, list_price, sale_price, author_bio, book_description) VALUES ('9788968326936', 0, 0, 16000, 16000, '편집부에 대한 간단 소개입니다.', '전국 수학학력경시대회는 초ㆍ중ㆍ고교 학생들을 대상으로 기초과학의 근간이 되는 수학에 대한 자질을 확인하고 계발시키고자 하는 전국단위 수학경시대회로 시기에 따라 전기와 후기로 구분됩니다.본 기출문제집은 최근 10개년도 후기 시험의 기출문제가 통계자료와 함께 수록되어 있습니다. 본...') ON DUPLICATE KEY UPDATE sold_out=VALUES(sold_out), free_shipping=VALUES(free_shipping), list_price=VALUES(list_price), sale_price=VALUES(sale_price), author_bio=VALUES(author_bio), book_description=VALUES(book_description);
INSERT INTO book (isbn, title, subtitle, author, image_url, published_date, publisher) VALUES ('9791162731710', '용선생 15분 독해 2B - 초등 1~2학년 수준, 100퍼센트 국어, 수학, 사회, 과학 교과 연계', '용선생15분독해2b초등12학년수준,100퍼센트국어,수학,사회,과학교과연계', '김명순 (지은이)', 'https://image.aladin.co.kr/product/27565/2/cover/k652733917_1.jpg', '2021-07-30', '사회평론') ON DUPLICATE KEY UPDATE title=VALUES(title), subtitle=VALUES(subtitle), author=VALUES(author), image_url=VALUES(image_url), published_date=VALUES(published_date), publisher=VALUES(publisher);
INSERT INTO book_detail (isbn, sold_out, free_shipping, list_price, sale_price, author_bio, book_description) VALUES ('9791162731710', 0, 0, 10000, 10000, '김명순 (지은이)에 대한 간단 소개입니다.', '용선생은 주요 교과의 핵심 주제를 동화, 시, 설명문, 논설문, 보고서 등 여러 형식의 글로 제시해 장르별 독해 실력을 기를 수 있다. 15분 동안의 집중적인 학습을 꾸준히 하는 것만으로도 바른 글 읽기 습관을 형성하고 초등 독해력을 기본부터 완성까지 체계적으로 발달시킬 수 있다.') ON DUPLICATE KEY UPDATE sold_out=VALUES(sold_out), free_shipping=VALUES(free_shipping), list_price=VALUES(list_price), sale_price=VALUES(sale_price), author_bio=VALUES(author_bio), book_description=VALUES(book_description);
INSERT INTO book (isbn, title, subtitle, author, image_url, published_date, publisher) VALUES ('9791162731727', '용선생 15분 독해 3B - 초등 3~4학년 수준, 100퍼센트 국어, 수학, 사회, 과학 교과 연계', '용선생15분독해3b초등34학년수준,100퍼센트국어,수학,사회,과학교과연계', '김명순 (지은이)', 'https://image.aladin.co.kr/product/27565/3/cover/k672733917_1.jpg', '2021-07-30', '사회평론') ON DUPLICATE KEY UPDATE title=VALUES(title), subtitle=VALUES(subtitle), author=VALUES(author), image_url=VALUES(image_url), published_date=VALUES(published_date), publisher=VALUES(publisher);
INSERT INTO book_detail (isbn, sold_out, free_shipping, list_price, sale_price, author_bio, book_description) VALUES ('9791162731727', 0, 0, 10000, 10000, '김명순 (지은이)에 대한 간단 소개입니다.', '용선생은 주요 교과의 핵심 주제를 동화, 시, 설명문, 논설문, 보고서 등 여러 형식의 글로 제시해 장르별 독해 실력을 기를 수 있다. 15분 동안의 집중적인 학습을 꾸준히 하는 것만으로도 바른 글 읽기 습관을 형성하고 초등 독해력을 기본부터 완성까지 체계적으로 발달시킬 수 있다.') ON DUPLICATE KEY UPDATE sold_out=VALUES(sold_out), free_shipping=VALUES(free_shipping), list_price=VALUES(list_price), sale_price=VALUES(sale_price), author_bio=VALUES(author_bio), book_description=VALUES(book_description);
INSERT INTO book (isbn, title, subtitle, author, image_url, published_date, publisher) VALUES ('9791162731734', '용선생 15분 독해 4B - 초등 3~4학년 수준, 100퍼센트 국어, 수학, 사회 과학 교과연계', '용선생15분독해4b초등34학년수준,100퍼센트국어,수학,사회과학교과연계', '김명순 (지은이)', 'https://image.aladin.co.kr/product/27565/4/cover/k542733917_1.jpg', '2021-07-30', '사회평론') ON DUPLICATE KEY UPDATE title=VALUES(title), subtitle=VALUES(subtitle), author=VALUES(author), image_url=VALUES(image_url), published_date=VALUES(published_date), publisher=VALUES(publisher);
INSERT INTO book_detail (isbn, sold_out, free_shipping, list_price, sale_price, author_bio, book_description) VALUES ('9791162731734', 0, 0, 10000, 10000, '김명순 (지은이)에 대한 간단 소개입니다.', '초등 전 학년의 학습 진도에 맞춰 주요 교과(국어, 수학, 사회, 과학 등) 핵심 개념과 연계된 글을 읽고 문제를 풀게 구성된 교재다. 학습 능력을 좌우하는 독해력을 키우는 동시에 교과 개념 관련 지식까지 자연스럽게 익힐 수 있게 하였다.') ON DUPLICATE KEY UPDATE sold_out=VALUES(sold_out), free_shipping=VALUES(free_shipping), list_price=VALUES(list_price), sale_price=VALUES(sale_price), author_bio=VALUES(author_bio), book_description=VALUES(book_description);
INSERT INTO book (isbn, title, subtitle, author, image_url, published_date, publisher) VALUES ('9791162731741', '용선생 15분 독해 5B - 초등 5~6학년 수준, 100퍼센트 국어, 수학, 사회 과학 교과연계', '용선생15분독해5b초등56학년수준,100퍼센트국어,수학,사회과학교과연계', '김명순 (지은이)', 'https://image.aladin.co.kr/product/27565/4/cover/k682733917_1.jpg', '2021-07-30', '사회평론') ON DUPLICATE KEY UPDATE title=VALUES(title), subtitle=VALUES(subtitle), author=VALUES(author), image_url=VALUES(image_url), published_date=VALUES(published_date), publisher=VALUES(publisher);
INSERT INTO book_detail (isbn, sold_out, free_shipping, list_price, sale_price, author_bio, book_description) VALUES ('9791162731741', 0, 0, 10000, 10000, '김명순 (지은이)에 대한 간단 소개입니다.', '초등 전 학년의 학습 진도에 맞춰 주요 교과(국어, 수학, 사회, 과학 등) 핵심 개념과 연계된 글을 읽고 문제를 풀게 구성된 교재다. 학습 능력을 좌우하는 독해력을 키우는 동시에 교과 개념 관련 지식까지 자연스럽게 익힐 수 있게 하였다.') ON DUPLICATE KEY UPDATE sold_out=VALUES(sold_out), free_shipping=VALUES(free_shipping), list_price=VALUES(list_price), sale_price=VALUES(sale_price), author_bio=VALUES(author_bio), book_description=VALUES(book_description);
INSERT INTO book (isbn, title, subtitle, author, image_url, published_date, publisher) VALUES ('9791162731758', '용선생 15분 독해 6B - 초등 5~6학년 수준, 100퍼센트 국어, 수학, 사회 과학 교과연계', '용선생15분독해6b초등56학년수준,100퍼센트국어,수학,사회과학교과연계', '김명순 (지은이)', 'https://image.aladin.co.kr/product/27565/5/cover/k602733917_1.jpg', '2021-07-30', '사회평론') ON DUPLICATE KEY UPDATE title=VALUES(title), subtitle=VALUES(subtitle), author=VALUES(author), image_url=VALUES(image_url), published_date=VALUES(published_date), publisher=VALUES(publisher);
INSERT INTO book_detail (isbn, sold_out, free_shipping, list_price, sale_price, author_bio, book_description) VALUES ('9791162731758', 0, 0, 10000, 10000, '김명순 (지은이)에 대한 간단 소개입니다.', '초등 전 학년의 학습 진도에 맞춰 주요 교과(국어, 수학, 사회, 과학 등) 핵심 개념과 연계된 글을 읽고 문제를 풀게 구성된 교재다. 학습 능력을 좌우하는 독해력을 키우는 동시에 교과 개념 관련 지식까지 자연스럽게 익힐 수 있게 하였다.') ON DUPLICATE KEY UPDATE sold_out=VALUES(sold_out), free_shipping=VALUES(free_shipping), list_price=VALUES(list_price), sale_price=VALUES(sale_price), author_bio=VALUES(author_bio), book_description=VALUES(book_description);
INSERT INTO book (isbn, title, subtitle, author, image_url, published_date, publisher) VALUES ('9788905052546', '풍산자 반복수학 중학 수학 2-1 (2022년)', '풍산자반복수학중학수학212022년', '풍산자수학연구소 (지은이)', 'https://image.aladin.co.kr/product/27882/62/cover/8905052541_1.jpg', '2021-08-10', '지학사(참고서)') ON DUPLICATE KEY UPDATE title=VALUES(title), subtitle=VALUES(subtitle), author=VALUES(author), image_url=VALUES(image_url), published_date=VALUES(published_date), publisher=VALUES(publisher);
INSERT INTO book_detail (isbn, sold_out, free_shipping, list_price, sale_price, author_bio, book_description) VALUES ('9788905052546', 0, 0, 13500, 13500, '풍산자수학연구소 (지은이)에 대한 간단 소개입니다.', '연산 반복 연습으로 기초를 튼튼하게 만들어 주는 기본학습서이다. 핵심 개념 정리와 단계별 문제로 개념을 확실히 익히고, 유사 문제의 반복 연습으로 기본 실력을 익히며, 스스로 점검 문제를 통해 자기 실력을 점검할 수 있도록 하였다.') ON DUPLICATE KEY UPDATE sold_out=VALUES(sold_out), free_shipping=VALUES(free_shipping), list_price=VALUES(list_price), sale_price=VALUES(sale_price), author_bio=VALUES(author_bio), book_description=VALUES(book_description);
INSERT INTO book (isbn, title, subtitle, author, image_url, published_date, publisher) VALUES ('9788905052553', '풍산자 반복수학 중학 수학 3-1 (2022년)', '풍산자반복수학중학수학312022년', '풍산자수학연구소 (지은이)', 'https://image.aladin.co.kr/product/27882/57/cover/890505255x_2.jpg', '2021-08-10', '지학사(참고서)') ON DUPLICATE KEY UPDATE title=VALUES(title), subtitle=VALUES(subtitle), author=VALUES(author), image_url=VALUES(image_url), published_date=VALUES(published_date), publisher=VALUES(publisher);
INSERT INTO book_detail (isbn, sold_out, free_shipping, list_price, sale_price, author_bio, book_description) VALUES ('9788905052553', 0, 0, 13500, 13500, '풍산자수학연구소 (지은이)에 대한 간단 소개입니다.', '연산 반복 연습으로 기초를 튼튼하게 만들어 주는 기본학습서다. 핵심 개념 정리와 단계별 문제로 개념을 확실히 익히고, 유사 문제의 반복 연습으로 기본 실력을 익히며, 스스로 점검 문제를 통해 자기 실력을 점검할 수 있도록 하였다.') ON DUPLICATE KEY UPDATE sold_out=VALUES(sold_out), free_shipping=VALUES(free_shipping), list_price=VALUES(list_price), sale_price=VALUES(sale_price), author_bio=VALUES(author_bio), book_description=VALUES(book_description);
INSERT INTO book (isbn, title, subtitle, author, image_url, published_date, publisher) VALUES ('9788968326844', '전국 영어/수학 학력 경시대회 수학 기출문제집 후기 : 초등2', '전국영어수학학력경시대회수학기출문제집후기초등2', '(주)하늘교육경시연구회 (지은이)', 'https://image.aladin.co.kr/product/27480/39/cover/8968326843_1.jpg', '2021-07-01', '종로학원하늘교육') ON DUPLICATE KEY UPDATE title=VALUES(title), subtitle=VALUES(subtitle), author=VALUES(author), image_url=VALUES(image_url), published_date=VALUES(published_date), publisher=VALUES(publisher);
INSERT INTO book_detail (isbn, sold_out, free_shipping, list_price, sale_price, author_bio, book_description) VALUES ('9788968326844', 0, 0, 16000, 16000, '(주)하늘교육경시연구회 (지은이)에 대한 간단 소개입니다.', '전국 수학학력경시대회는 초.중.고교 학생들을 대상으로 기초과학의 근간이 되는 수학에 대한 자질을 확인하고 계발시키고자 하는 전국단위 수학경시대회이다. 기출문제집은 최근 10개년도 후기 시험의 기출문제가 통계자료와 함께 수록되어 있다.') ON DUPLICATE KEY UPDATE sold_out=VALUES(sold_out), free_shipping=VALUES(free_shipping), list_price=VALUES(list_price), sale_price=VALUES(sale_price), author_bio=VALUES(author_bio), book_description=VALUES(book_description);
INSERT INTO book (isbn, title, subtitle, author, image_url, published_date, publisher) VALUES ('9788968326851', '전국 영어/수학 학력 경시대회 수학 기출문제집 후기 : 초등3', '전국영어수학학력경시대회수학기출문제집후기초등3', '(주)하늘교육경시연구회 (지은이)', 'https://image.aladin.co.kr/product/27480/40/cover/8968326851_1.jpg', '2021-07-01', '종로학원하늘교육') ON DUPLICATE KEY UPDATE title=VALUES(title), subtitle=VALUES(subtitle), author=VALUES(author), image_url=VALUES(image_url), published_date=VALUES(published_date), publisher=VALUES(publisher);
INSERT INTO book_detail (isbn, sold_out, free_shipping, list_price, sale_price, author_bio, book_description) VALUES ('9788968326851', 0, 0, 16000, 16000, '(주)하늘교육경시연구회 (지은이)에 대한 간단 소개입니다.', '전국 수학학력경시대회는 초.중.고교 학생들을 대상으로 기초과학의 근간이 되는 수학에 대한 자질을 확인하고 계발시키고자 하는 전국단위 수학경시대회이다. 기출문제집은 최근 10개년도 후기 시험의 기출문제가 통계자료와 함께 수록되어 있다.') ON DUPLICATE KEY UPDATE sold_out=VALUES(sold_out), free_shipping=VALUES(free_shipping), list_price=VALUES(list_price), sale_price=VALUES(sale_price), author_bio=VALUES(author_bio), book_description=VALUES(book_description);
INSERT INTO book (isbn, title, subtitle, author, image_url, published_date, publisher) VALUES ('9788968326868', '전국 영어/수학 학력 경시대회 수학 기출문제집 후기 : 초등4', '전국영어수학학력경시대회수학기출문제집후기초등4', '(주)하늘교육경시연구회 (지은이)', 'https://image.aladin.co.kr/product/27480/40/cover/896832686x_1.jpg', '2021-07-01', '종로학원하늘교육') ON DUPLICATE KEY UPDATE title=VALUES(title), subtitle=VALUES(subtitle), author=VALUES(author), image_url=VALUES(image_url), published_date=VALUES(published_date), publisher=VALUES(publisher);
INSERT INTO book_detail (isbn, sold_out, free_shipping, list_price, sale_price, author_bio, book_description) VALUES ('9788968326868', 0, 0, 16000, 16000, '(주)하늘교육경시연구회 (지은이)에 대한 간단 소개입니다.', '전국 수학학력경시대회는 초.중.고교 학생들을 대상으로 기초과학의 근간이 되는 수학에 대한 자질을 확인하고 계발시키고자 하는 전국단위 수학경시대회이다. 기출문제집은 최근 10개년도 후기 시험의 기출문제가 통계자료와 함께 수록되어 있다.') ON DUPLICATE KEY UPDATE sold_out=VALUES(sold_out), free_shipping=VALUES(free_shipping), list_price=VALUES(list_price), sale_price=VALUES(sale_price), author_bio=VALUES(author_bio), book_description=VALUES(book_description);
INSERT INTO book (isbn, title, subtitle, author, image_url, published_date, publisher) VALUES ('9788968326875', '전국 영어/수학 학력 경시대회 수학 기출문제집 후기 : 초등5', '전국영어수학학력경시대회수학기출문제집후기초등5', '(주)하늘교육경시연구회 (지은이)', 'https://image.aladin.co.kr/product/27480/41/cover/8968326878_1.jpg', '2021-07-01', '종로학원하늘교육') ON DUPLICATE KEY UPDATE title=VALUES(title), subtitle=VALUES(subtitle), author=VALUES(author), image_url=VALUES(image_url), published_date=VALUES(published_date), publisher=VALUES(publisher);
INSERT INTO book_detail (isbn, sold_out, free_shipping, list_price, sale_price, author_bio, book_description) VALUES ('9788968326875', 0, 0, 16000, 16000, '(주)하늘교육경시연구회 (지은이)에 대한 간단 소개입니다.', '전국 수학학력경시대회는 초.중.고교 학생들을 대상으로 기초과학의 근간이 되는 수학에 대한 자질을 확인하고 계발시키고자 하는 전국단위 수학경시대회이다. 기출문제집은 최근 10개년도 후기 시험의 기출문제가 통계자료와 함께 수록되어 있다.') ON DUPLICATE KEY UPDATE sold_out=VALUES(sold_out), free_shipping=VALUES(free_shipping), list_price=VALUES(list_price), sale_price=VALUES(sale_price), author_bio=VALUES(author_bio), book_description=VALUES(book_description);
INSERT INTO book (isbn, title, subtitle, author, image_url, published_date, publisher) VALUES ('9788968326882', '전국 영어/수학 학력 경시대회 수학 기출문제집 후기 : 초등6', '전국영어수학학력경시대회수학기출문제집후기초등6', '(주)하늘교육경시연구회 (지은이)', 'https://image.aladin.co.kr/product/27480/41/cover/8968326886_1.jpg', '2021-07-01', '종로학원하늘교육') ON DUPLICATE KEY UPDATE title=VALUES(title), subtitle=VALUES(subtitle), author=VALUES(author), image_url=VALUES(image_url), published_date=VALUES(published_date), publisher=VALUES(publisher);
INSERT INTO book_detail (isbn, sold_out, free_shipping, list_price, sale_price, author_bio, book_description) VALUES ('9788968326882', 0, 0, 16000, 16000, '(주)하늘교육경시연구회 (지은이)에 대한 간단 소개입니다.', '전국 수학학력경시대회는 초.중.고교 학생들을 대상으로 기초과학의 근간이 되는 수학에 대한 자질을 확인하고 계발시키고자 하는 전국단위 수학경시대회이다. 기출문제집은 최근 10개년도 후기 시험의 기출문제가 통계자료와 함께 수록되어 있다.') ON DUPLICATE KEY UPDATE sold_out=VALUES(sold_out), free_shipping=VALUES(free_shipping), list_price=VALUES(list_price), sale_price=VALUES(sale_price), author_bio=VALUES(author_bio), book_description=VALUES(book_description);
INSERT INTO book (isbn, title, subtitle, author, image_url, published_date, publisher) VALUES ('9787516816608', '失控的藩镇 :唐末群雄崛起与唐王朝的灭亡', NULL, '不朽如梦 著', NULL, '2025-03-30', '台海出版社') ON DUPLICATE KEY UPDATE title=VALUES(title), subtitle=VALUES(subtitle), author=VALUES(author), image_url=VALUES(image_url), published_date=VALUES(published_date), publisher=VALUES(publisher);
INSERT INTO book_detail (isbn, sold_out, free_shipping, list_price, sale_price, author_bio, book_description) VALUES ('9787516816608', 0, 0, NULL, NULL, '不朽如梦 著에 대한 간단 소개입니다.', '失控的藩镇 :唐末群雄崛起与唐王朝的灭亡에 대한 자동 생성 소개입니다.') ON DUPLICATE KEY UPDATE sold_out=VALUES(sold_out), free_shipping=VALUES(free_shipping), list_price=VALUES(list_price), sale_price=VALUES(sale_price), author_bio=VALUES(author_bio), book_description=VALUES(book_description);
INSERT INTO book (isbn, title, subtitle, author, image_url, published_date, publisher) VALUES ('9791167790125', '바른연애 길잡이 외전 + 북케이스 포함 세트', NULL, '남수 (지은이)', 'https://image.aladin.co.kr/product/28046/75/cover/k372734438_1.jpg', '2021-10-14', '영컴(YOUNG COM)') ON DUPLICATE KEY UPDATE title=VALUES(title), subtitle=VALUES(subtitle), author=VALUES(author), image_url=VALUES(image_url), published_date=VALUES(published_date), publisher=VALUES(publisher);
INSERT INTO book_detail (isbn, sold_out, free_shipping, list_price, sale_price, author_bio, book_description) VALUES ('9791167790125', 0, 0, 13000, 13000, '남수 (지은이)에 대한 간단 소개입니다.', '《바른연애 길잡이》주인공들의 2년 후의 모습은 어떨까? 152화로 완결을 맞이한 후 독자들이 궁금해 할 주연들의 모습이 외전으로 연재됐다.') ON DUPLICATE KEY UPDATE sold_out=VALUES(sold_out), free_shipping=VALUES(free_shipping), list_price=VALUES(list_price), sale_price=VALUES(sale_price), author_bio=VALUES(author_bio), book_description=VALUES(book_description);
INSERT INTO book (isbn, title, subtitle, author, image_url, published_date, publisher) VALUES ('9791128371219', '어제 뭐 먹었어? 18', NULL, '요시나가 후미 (지은이)', 'https://image.aladin.co.kr/product/28039/34/cover/k082734232_1.jpg', '2021-09-17', '삼양출판사(만화)') ON DUPLICATE KEY UPDATE title=VALUES(title), subtitle=VALUES(subtitle), author=VALUES(author), image_url=VALUES(image_url), published_date=VALUES(published_date), publisher=VALUES(publisher);
INSERT INTO book_detail (isbn, sold_out, free_shipping, list_price, sale_price, author_bio, book_description) VALUES ('9791128371219', 0, 0, 6000, 6000, '요시나가 후미 (지은이)에 대한 간단 소개입니다.', '통금눈돔찜, 볶음우동, 아보카도참치치즈토스트, 자반연어데침,  찐 채소를 얹은 포크카레, 튀김온메밀국수 등을 담은 책이다.') ON DUPLICATE KEY UPDATE sold_out=VALUES(sold_out), free_shipping=VALUES(free_shipping), list_price=VALUES(list_price), sale_price=VALUES(sale_price), author_bio=VALUES(author_bio), book_description=VALUES(book_description);
INSERT INTO book (isbn, title, subtitle, author, image_url, published_date, publisher) VALUES ('9791191019544', '노곤하개 9~10 세트 - 전2권 - 노곤노곤 멍냥집사의 극한 일상 : 시즌 3', NULL, '홍끼 (지은이)', 'https://image.aladin.co.kr/product/28063/18/cover/k242734636_1.jpg', '2021-10-15', '비아북') ON DUPLICATE KEY UPDATE title=VALUES(title), subtitle=VALUES(subtitle), author=VALUES(author), image_url=VALUES(image_url), published_date=VALUES(published_date), publisher=VALUES(publisher);
INSERT INTO book_detail (isbn, sold_out, free_shipping, list_price, sale_price, author_bio, book_description) VALUES ('9791191019544', 0, 1, 27000, 27000, '홍끼 (지은이)에 대한 간단 소개입니다.', '제주의 조용한 아침을 깨우는 말썽꾼들의 귀환!한층 더 노곤해진 집사 일기, 그 마지막 이야기!넷, 아니 다섯, 아니 여섯… 가족이 늘어났다?! 그 사이 무슨 일이 생긴 걸까? ‘고오집’ 멍멍이 재구&홍구, ‘냥아치’ 콤비 줍줍이&욘두로 시끌벅적 하루도 조용할 날이 없던 ‘노곤한 하우스’에 새로운...') ON DUPLICATE KEY UPDATE sold_out=VALUES(sold_out), free_shipping=VALUES(free_shipping), list_price=VALUES(list_price), sale_price=VALUES(sale_price), author_bio=VALUES(author_bio), book_description=VALUES(book_description);
INSERT INTO book (isbn, title, subtitle, author, image_url, published_date, publisher) VALUES ('9791158512255', '지금은 나만의 시간입니다 - 인생을 리셋하는 혼자 있는 시간의 힘', NULL, '김유진 (지은이)', 'https://image.aladin.co.kr/product/28059/96/cover/k962734632_1.jpg', '2021-10-15', '토네이도') ON DUPLICATE KEY UPDATE title=VALUES(title), subtitle=VALUES(subtitle), author=VALUES(author), image_url=VALUES(image_url), published_date=VALUES(published_date), publisher=VALUES(publisher);
INSERT INTO book_detail (isbn, sold_out, free_shipping, list_price, sale_price, author_bio, book_description) VALUES ('9791158512255', 0, 0, 15000, 15000, '김유진 (지은이)에 대한 간단 소개입니다.', '《나의 하루는 4시 30분에 시작된다》로 많은 독자들에게 사랑을 받아온 김유진 미국변호사는 ‘혼자가 되어야만 최고의 나를 만날 수 있다’고 이야기한다. 자기 안의 가능성을 끌어올리기 위해 나만의 시간을 어떻게 확보해야 하는지 알려주고 이 시간을 자기계발에 활용하는 구체적인 노하우를 단계별로 전수한다.') ON DUPLICATE KEY UPDATE sold_out=VALUES(sold_out), free_shipping=VALUES(free_shipping), list_price=VALUES(list_price), sale_price=VALUES(sale_price), author_bio=VALUES(author_bio), book_description=VALUES(book_description);
INSERT INTO book (isbn, title, subtitle, author, image_url, published_date, publisher) VALUES ('9788954682473', '은밀한 결정', NULL, '오가와 요코 (지은이)', 'https://image.aladin.co.kr/product/28057/7/cover/8954682472_1.jpg', '2021-10-07', '문학동네') ON DUPLICATE KEY UPDATE title=VALUES(title), subtitle=VALUES(subtitle), author=VALUES(author), image_url=VALUES(image_url), published_date=VALUES(published_date), publisher=VALUES(publisher);
INSERT INTO book_detail (isbn, sold_out, free_shipping, list_price, sale_price, author_bio, book_description) VALUES ('9788954682473', 0, 0, 15000, 15000, '오가와 요코 (지은이)에 대한 간단 소개입니다.', '알 수 없는 힘으로 인해 사물의 존재와 기억이 사라져가는 섬. 어머니가 비밀경찰에 불려갔다가 시신으로 돌아오고, 들새 연구가였던 아버지마저 돌아가신 후, ‘나’는 가정부 할머니의 남편이자 페리 정비사였던 할아버지와 단둘이 가족처럼 지내고 있다.') ON DUPLICATE KEY UPDATE sold_out=VALUES(sold_out), free_shipping=VALUES(free_shipping), list_price=VALUES(list_price), sale_price=VALUES(sale_price), author_bio=VALUES(author_bio), book_description=VALUES(book_description);
INSERT INTO book (isbn, title, subtitle, author, image_url, published_date, publisher) VALUES ('9788968506147', '온통 미생물 세상입니다 - 연세대 최우수 강의 교수가 들려주는 미생물학 강의', NULL, '김응빈 (지은이)', 'https://image.aladin.co.kr/product/28056/71/cover/8968506140_1.jpg', '2021-10-08', '연세대학교 대학출판문화원') ON DUPLICATE KEY UPDATE title=VALUES(title), subtitle=VALUES(subtitle), author=VALUES(author), image_url=VALUES(image_url), published_date=VALUES(published_date), publisher=VALUES(publisher);
INSERT INTO book_detail (isbn, sold_out, free_shipping, list_price, sale_price, author_bio, book_description) VALUES ('9788968506147', 0, 0, NULL, NULL, '김응빈 (지은이)에 대한 간단 소개입니다.', '미생물과 함께해온 30여 년을 바탕으로 가깝고도 먼 미생물의 세계를 우리에게 안내한다. 그중에는 조류 독감이나 코로나처럼 감염병을 일으키는 미생물도 있지만, 인간에게 유익한 미생물들이 훨씬 많다.') ON DUPLICATE KEY UPDATE sold_out=VALUES(sold_out), free_shipping=VALUES(free_shipping), list_price=VALUES(list_price), sale_price=VALUES(sale_price), author_bio=VALUES(author_bio), book_description=VALUES(book_description);
INSERT INTO book (isbn, title, subtitle, author, image_url, published_date, publisher) VALUES ('9791191859041', '가로미와 늘메 이야기', NULL, '허수경 (지은이)', 'https://image.aladin.co.kr/product/28056/34/cover/k372734639_1.jpg', '2021-10-03', '난다') ON DUPLICATE KEY UPDATE title=VALUES(title), subtitle=VALUES(subtitle), author=VALUES(author), image_url=VALUES(image_url), published_date=VALUES(published_date), publisher=VALUES(publisher);
INSERT INTO book_detail (isbn, sold_out, free_shipping, list_price, sale_price, author_bio, book_description) VALUES ('9791191859041', 0, 0, 13800, 13800, '허수경 (지은이)에 대한 간단 소개입니다.', '가로미와 늘메 이야기에 대한 자동 생성 소개입니다.') ON DUPLICATE KEY UPDATE sold_out=VALUES(sold_out), free_shipping=VALUES(free_shipping), list_price=VALUES(list_price), sale_price=VALUES(sale_price), author_bio=VALUES(author_bio), book_description=VALUES(book_description);
INSERT INTO book (isbn, title, subtitle, author, image_url, published_date, publisher) VALUES ('9791190183307', '초등학생이 알아야 할 참 쉬운 기후 위기', NULL, '앤디 프렌티스', 'https://image.aladin.co.kr/product/28054/84/cover/k692734536_1.jpg', '2021-10-01', '어스본코리아') ON DUPLICATE KEY UPDATE title=VALUES(title), subtitle=VALUES(subtitle), author=VALUES(author), image_url=VALUES(image_url), published_date=VALUES(published_date), publisher=VALUES(publisher);
INSERT INTO book_detail (isbn, sold_out, free_shipping, list_price, sale_price, author_bio, book_description) VALUES ('9791190183307', 0, 0, 15000, 15000, '앤디 프렌티스에 대한 간단 소개입니다.', '기후 위기의 개념부터 원인, 우리 생활과 지구에 끼치는 영향과 심각성, 기온 상승을 막는 방안 등 초등학생이 꼭 알아야 할 기후 위기의 모든 것을 담아낸 환경 과학 입문서이다. 초등학생의 눈높이에 맞춘 간결한 설명과 풍부한 예시, 짜임새 있는 인포그래픽 형식이다.') ON DUPLICATE KEY UPDATE sold_out=VALUES(sold_out), free_shipping=VALUES(free_shipping), list_price=VALUES(list_price), sale_price=VALUES(sale_price), author_bio=VALUES(author_bio), book_description=VALUES(book_description);
INSERT INTO book (isbn, title, subtitle, author, image_url, published_date, publisher) VALUES ('9788954759663', '수학은 상상 - 고등과학원 수학부 김상현 교수의', NULL, '김상현 (지은이)', 'https://image.aladin.co.kr/product/28053/71/cover/8954759661_1.jpg', '2021-09-30', 'EBS BOOKS') ON DUPLICATE KEY UPDATE title=VALUES(title), subtitle=VALUES(subtitle), author=VALUES(author), image_url=VALUES(image_url), published_date=VALUES(published_date), publisher=VALUES(publisher);
INSERT INTO book_detail (isbn, sold_out, free_shipping, list_price, sale_price, author_bio, book_description) VALUES ('9788954759663', 0, 0, 16500, 16500, '김상현 (지은이)에 대한 간단 소개입니다.', '오랜 수학적 난제의 탄생과 그것의 해결을 향한 길고 긴 여정, 수 세기 동안 인류가 곱씹어 볼 영감을 제시한 사람, 수학적 탐구가 우리에게 안겨 준 세상을 향한 통찰, 그리고 모든 욕망을 넘어선 열정과 호기심으로 끊임없이 질문하고 상상한 수학자들을 만나 본다.') ON DUPLICATE KEY UPDATE sold_out=VALUES(sold_out), free_shipping=VALUES(free_shipping), list_price=VALUES(list_price), sale_price=VALUES(sale_price), author_bio=VALUES(author_bio), book_description=VALUES(book_description);
INSERT INTO book (isbn, title, subtitle, author, image_url, published_date, publisher) VALUES ('9791163635284', '50부터 준비하는 우아한 엔딩 - 오래 사는 것이 행복할까？ 가치 있는 죽음을 위한 에세이', NULL, '마츠바라 준코 (지은이)', 'https://image.aladin.co.kr/product/28053/65/cover/k002734533_1.jpg', '2021-08-25', '동아엠앤비') ON DUPLICATE KEY UPDATE title=VALUES(title), subtitle=VALUES(subtitle), author=VALUES(author), image_url=VALUES(image_url), published_date=VALUES(published_date), publisher=VALUES(publisher);
INSERT INTO book_detail (isbn, sold_out, free_shipping, list_price, sale_price, author_bio, book_description) VALUES ('9791163635284', 0, 0, 13000, 13000, '마츠바라 준코 (지은이)에 대한 간단 소개입니다.', '웰 다잉을 위해 웰 리빙을 실천해야 함을 알려주는 책이다. 일본의 초고령사회를 ‘장수 지옥’에 비유하면서, 복지 현실 및 장수의 실상을 취재한 내용을 바탕으로 장수의 현실과 죽음을 대하는 자세에 대해 진지하게 담아냈다.') ON DUPLICATE KEY UPDATE sold_out=VALUES(sold_out), free_shipping=VALUES(free_shipping), list_price=VALUES(list_price), sale_price=VALUES(sale_price), author_bio=VALUES(author_bio), book_description=VALUES(book_description);
INSERT INTO book (isbn, title, subtitle, author, image_url, published_date, publisher) VALUES ('9791191164947', '침대에서 담배를 피우는 것은 위험하다', NULL, '마리아나 엔리케스 (지은이)', 'https://image.aladin.co.kr/product/28053/49/cover/k212734532_1.jpg', '2021-10-01', '오렌지디') ON DUPLICATE KEY UPDATE title=VALUES(title), subtitle=VALUES(subtitle), author=VALUES(author), image_url=VALUES(image_url), published_date=VALUES(published_date), publisher=VALUES(publisher);
INSERT INTO book_detail (isbn, sold_out, free_shipping, list_price, sale_price, author_bio, book_description) VALUES ('9791191164947', 0, 0, 16000, 16000, '마리아나 엔리케스 (지은이)에 대한 간단 소개입니다.', '2021년 부커 인터내셔널상 최종후보에 오르며 21세기 에드거 엘런 포, 셜리 잭슨.보르헤스의 계보를 잇는다는 평가를 받은, 마리아나 엔리케스의 소설집. 현대 아르헨티나를 배경으로 고통과 두려움, 교착 상태에 빠진 사람들을 불러와 고딕 스릴러 특유의 차갑고 끈적한 분위기를 만들어 냈다.') ON DUPLICATE KEY UPDATE sold_out=VALUES(sold_out), free_shipping=VALUES(free_shipping), list_price=VALUES(list_price), sale_price=VALUES(sale_price), author_bio=VALUES(author_bio), book_description=VALUES(book_description);
INSERT INTO book (isbn, title, subtitle, author, image_url, published_date, publisher) VALUES ('9788936457068', '나나 (반양장)', NULL, '이희영 (지은이)', 'https://image.aladin.co.kr/product/28053/48/cover/8936457063_1.jpg', '2021-10-01', '창비') ON DUPLICATE KEY UPDATE title=VALUES(title), subtitle=VALUES(subtitle), author=VALUES(author), image_url=VALUES(image_url), published_date=VALUES(published_date), publisher=VALUES(publisher);
INSERT INTO book_detail (isbn, sold_out, free_shipping, list_price, sale_price, author_bio, book_description) VALUES ('9788936457068', 0, 0, 12000, 12000, '이희영 (지은이)에 대한 간단 소개입니다.', '30만 독자에게 사랑받은 베스트셀러 &lt;페인트&gt; 이희영 작가의 장편소설이다. ‘영혼이 몸을 빠져나온다면’이라는 흥미로운 설정에서 출발한 이번 작품은 재기 넘치는 문장으로 오늘을 사는 현대인의 영혼을 속속들이 들여다본다.') ON DUPLICATE KEY UPDATE sold_out=VALUES(sold_out), free_shipping=VALUES(free_shipping), list_price=VALUES(list_price), sale_price=VALUES(sale_price), author_bio=VALUES(author_bio), book_description=VALUES(book_description);
INSERT INTO book (isbn, title, subtitle, author, image_url, published_date, publisher) VALUES ('9791185521992', '미디어 알고리즘의 욕망 - 자동화된 미디어는 우리의 일상을 어떻게 바꾸는가', NULL, '마크 안드레예비치 (지은이)', 'https://image.aladin.co.kr/product/28053/47/cover/k072734532_1.jpg', '2021-10-10', '컬처룩') ON DUPLICATE KEY UPDATE title=VALUES(title), subtitle=VALUES(subtitle), author=VALUES(author), image_url=VALUES(image_url), published_date=VALUES(published_date), publisher=VALUES(publisher);
INSERT INTO book_detail (isbn, sold_out, free_shipping, list_price, sale_price, author_bio, book_description) VALUES ('9791185521992', 0, 1, 24000, 24000, '마크 안드레예비치 (지은이)에 대한 간단 소개입니다.', '자동화된 미디어의 전형적인 방식이 우리 일상에 얼마나 깊이 들어와 있는지를 보여 주며 이에 대해 좀 더 비판적인 시각을 가져야 한다고 이야기한다.') ON DUPLICATE KEY UPDATE sold_out=VALUES(sold_out), free_shipping=VALUES(free_shipping), list_price=VALUES(list_price), sale_price=VALUES(sale_price), author_bio=VALUES(author_bio), book_description=VALUES(book_description);
INSERT INTO book (isbn, title, subtitle, author, image_url, published_date, publisher) VALUES ('9788955867091', '공학으로 인문학 읽기 - 디지털 인문학 연구와 교육', NULL, '이재연', 'https://image.aladin.co.kr/product/28053/46/cover/8955867093_1.jpg', '2021-10-05', '세창출판사(세창미디어)') ON DUPLICATE KEY UPDATE title=VALUES(title), subtitle=VALUES(subtitle), author=VALUES(author), image_url=VALUES(image_url), published_date=VALUES(published_date), publisher=VALUES(publisher);
INSERT INTO book_detail (isbn, sold_out, free_shipping, list_price, sale_price, author_bio, book_description) VALUES ('9788955867091', 0, 0, 15000, 15000, '이재연에 대한 간단 소개입니다.', '〈2020 UNIST 디지털 인문학 워크숍〉에서 발표된 논문에 새로운 논문을 더한 책으로, 융복합의 시대에 발맞추는 디지털 인문학 연구 및 교육의 필요성과 가능성, 구체적인 방법을 제시한다.') ON DUPLICATE KEY UPDATE sold_out=VALUES(sold_out), free_shipping=VALUES(free_shipping), list_price=VALUES(list_price), sale_price=VALUES(sale_price), author_bio=VALUES(author_bio), book_description=VALUES(book_description);
INSERT INTO book (isbn, title, subtitle, author, image_url, published_date, publisher) VALUES ('9791159316890', '기동전', NULL, '리처드 심킨 (지은이)', 'https://image.aladin.co.kr/product/28044/93/cover/k992734334_1.jpg', '2021-09-17', '책세상') ON DUPLICATE KEY UPDATE title=VALUES(title), subtitle=VALUES(subtitle), author=VALUES(author), image_url=VALUES(image_url), published_date=VALUES(published_date), publisher=VALUES(publisher);
INSERT INTO book_detail (isbn, sold_out, free_shipping, list_price, sale_price, author_bio, book_description) VALUES ('9791159316890', 0, 1, 20000, 20000, '리처드 심킨 (지은이)에 대한 간단 소개입니다.', '강대국의 핵 통제 아래 각국의 핵능력과 제3세계의 군사 분쟁이 나날이 가속화되는 변화 속에서 국가 정책의 수단인 군대와 군사력의 미래를 날카롭게 예측하고 있다.') ON DUPLICATE KEY UPDATE sold_out=VALUES(sold_out), free_shipping=VALUES(free_shipping), list_price=VALUES(list_price), sale_price=VALUES(sale_price), author_bio=VALUES(author_bio), book_description=VALUES(book_description);
INSERT INTO book (isbn, title, subtitle, author, image_url, published_date, publisher) VALUES ('9791167021588', '2022 규토 고득점 N제 미적분 (2021년)', '2022규토고득점n제미적분2021년', '유성민 (지은이)', 'https://image.aladin.co.kr/product/27709/32/cover/k332733445_1.jpg', '2021-08-04', '(주)오르비') ON DUPLICATE KEY UPDATE title=VALUES(title), subtitle=VALUES(subtitle), author=VALUES(author), image_url=VALUES(image_url), published_date=VALUES(published_date), publisher=VALUES(publisher);
INSERT INTO book_detail (isbn, sold_out, free_shipping, list_price, sale_price, author_bio, book_description) VALUES ('9791167021588', 0, 1, 27700, 27700, '유성민 (지은이)에 대한 간단 소개입니다.', '규토 고득점 N제는 High Quality 4점 자작문항과 친절한 해설을 바탕으로 단기간에 수학적 사고력과 문제 해결력을 높일 수 있도록 기획한 교재다. 쉽지만 중요한 4점부터 까다로울 수 있는 준킬러급 4점은 물론 어려운 킬러급 4점까지 모두 수록하였다.') ON DUPLICATE KEY UPDATE sold_out=VALUES(sold_out), free_shipping=VALUES(free_shipping), list_price=VALUES(list_price), sale_price=VALUES(sale_price), author_bio=VALUES(author_bio), book_description=VALUES(book_description);
INSERT INTO book (isbn, title, subtitle, author, image_url, published_date, publisher) VALUES ('9791167021472', '2022 La Vida N제 생명과학 1 (2021년)', '2022lavidan제생명과학12021년', '반승현 (지은이)', 'https://image.aladin.co.kr/product/27601/75/cover/k962733920_1.jpg', '2021-07-16', '(주)오르비') ON DUPLICATE KEY UPDATE title=VALUES(title), subtitle=VALUES(subtitle), author=VALUES(author), image_url=VALUES(image_url), published_date=VALUES(published_date), publisher=VALUES(publisher);
INSERT INTO book_detail (isbn, sold_out, free_shipping, list_price, sale_price, author_bio, book_description) VALUES ('9791167021472', 0, 1, 22000, 22000, '반승현 (지은이)에 대한 간단 소개입니다.', '전반적으로 높은 난이도로 구성하였다. 특정 문항에서 배운 논리를 다른 문항의 풀이 과정 일부에 넣어 반복 학습이 가능하도록 했다. 모든 단원은 Part 1과 Part 2로 나누었다. Part 1은 대체로 2등급 정도의 학생들이 1등급이 되는 데 도움이 되는 난이도로 수록했다.') ON DUPLICATE KEY UPDATE sold_out=VALUES(sold_out), free_shipping=VALUES(free_shipping), list_price=VALUES(list_price), sale_price=VALUES(sale_price), author_bio=VALUES(author_bio), book_description=VALUES(book_description);
INSERT INTO book (isbn, title, subtitle, author, image_url, published_date, publisher) VALUES ('9791167021540', '2022 기출의 파급효과 : 영어 워크북 (2021년)', '2022기출의파급효과영어워크북2021년', '이주진', 'https://image.aladin.co.kr/product/27696/20/cover/k312733538_1.jpg', '2021-08-03', '(주)오르비') ON DUPLICATE KEY UPDATE title=VALUES(title), subtitle=VALUES(subtitle), author=VALUES(author), image_url=VALUES(image_url), published_date=VALUES(published_date), publisher=VALUES(publisher);
INSERT INTO book_detail (isbn, sold_out, free_shipping, list_price, sale_price, author_bio, book_description) VALUES ('9791167021540', 0, 0, 15500, 15500, '이주진에 대한 간단 소개입니다.', '선별된 상대평가 시절 평가원 모든 문제에 대해서 파급효과 영어편처럼 자세한 한줄 구문 및 독해 해설이 되어있다. 또한, 부담스럽지 않은 하루 분량을 정해서 다른 과목을 병행하며 꾸준한 학습이 가능하다.') ON DUPLICATE KEY UPDATE sold_out=VALUES(sold_out), free_shipping=VALUES(free_shipping), list_price=VALUES(list_price), sale_price=VALUES(sale_price), author_bio=VALUES(author_bio), book_description=VALUES(book_description);
INSERT INTO book (isbn, title, subtitle, author, image_url, published_date, publisher) VALUES ('9788905052140', '초등 풍산자 개념×연산 수학 3-2 (2022년) - 2015 개정 교육과정', '초등풍산자개념연산수학322022년2015개정교육과정', '강연주 (지은이)', 'https://image.aladin.co.kr/product/27760/86/cover/k842733445_1.jpg', '2021-08-01', '지학사(참고서)') ON DUPLICATE KEY UPDATE title=VALUES(title), subtitle=VALUES(subtitle), author=VALUES(author), image_url=VALUES(image_url), published_date=VALUES(published_date), publisher=VALUES(publisher);
INSERT INTO book_detail (isbn, sold_out, free_shipping, list_price, sale_price, author_bio, book_description) VALUES ('9788905052140', 0, 0, 8500, 8500, '강연주 (지은이)에 대한 간단 소개입니다.', '개념X연산은 계산을 잘 틀리는 학생을 위한 개념과 관련된 연산 집중 연습 교재이다. 문제가 조금만 바뀌어도 어려워하는 학생을 위한 개념 적용의 다양한 유형 학습 교재이며, 서술형 답안 작성을 어려워하는 학생을 위한 문제해결력을 올려주는 서술형 교재다.') ON DUPLICATE KEY UPDATE sold_out=VALUES(sold_out), free_shipping=VALUES(free_shipping), list_price=VALUES(list_price), sale_price=VALUES(sale_price), author_bio=VALUES(author_bio), book_description=VALUES(book_description);
INSERT INTO book (isbn, title, subtitle, author, image_url, published_date, publisher) VALUES ('9788905052164', '초등 풍산자 개념×연산 수학 4-2 (2022년) - 2015 개정 교육과정', '초등풍산자개념연산수학422022년2015개정교육과정', '강연주 (지은이)', 'https://image.aladin.co.kr/product/27760/87/cover/k962733446_1.jpg', '2021-08-01', '지학사(참고서)') ON DUPLICATE KEY UPDATE title=VALUES(title), subtitle=VALUES(subtitle), author=VALUES(author), image_url=VALUES(image_url), published_date=VALUES(published_date), publisher=VALUES(publisher);
INSERT INTO book_detail (isbn, sold_out, free_shipping, list_price, sale_price, author_bio, book_description) VALUES ('9788905052164', 0, 0, 8500, 8500, '강연주 (지은이)에 대한 간단 소개입니다.', '개념X연산은 계산을 잘 틀리는 학생을 위한 개념과 관련된 연산 집중 연습 교재이다. 문제가 조금만 바뀌어도 어려워하는 학생을 위한 개념 적용의 다양한 유형 학습 교재이며, 서술형 답안 작성을 어려워하는 학생을 위한 문제해결력을 올려주는 서술형 교재다.') ON DUPLICATE KEY UPDATE sold_out=VALUES(sold_out), free_shipping=VALUES(free_shipping), list_price=VALUES(list_price), sale_price=VALUES(sale_price), author_bio=VALUES(author_bio), book_description=VALUES(book_description);
INSERT INTO book (isbn, title, subtitle, author, image_url, published_date, publisher) VALUES ('9788905052188', '초등 풍산자 개념×연산 수학 5-2 (2022년) - 2015 개정 교육과정', '초등풍산자개념연산수학522022년2015개정교육과정', '강연주 (지은이)', 'https://image.aladin.co.kr/product/27760/82/cover/s072734791_1.jpg', '2021-08-01', '지학사(참고서)') ON DUPLICATE KEY UPDATE title=VALUES(title), subtitle=VALUES(subtitle), author=VALUES(author), image_url=VALUES(image_url), published_date=VALUES(published_date), publisher=VALUES(publisher);
INSERT INTO book_detail (isbn, sold_out, free_shipping, list_price, sale_price, author_bio, book_description) VALUES ('9788905052188', 0, 0, 8500, 8500, '강연주 (지은이)에 대한 간단 소개입니다.', '개념X연산은 계산을 잘 틀리는 학생을 위한 개념과 관련된 연산 집중 연습 교재이다. 문제가 조금만 바뀌어도 어려워하는 학생을 위한 개념 적용의 다양한 유형 학습 교재이며, 서술형 답안 작성을 어려워하는 학생을 위한 문제해결력을 올려주는 서술형 교재다.') ON DUPLICATE KEY UPDATE sold_out=VALUES(sold_out), free_shipping=VALUES(free_shipping), list_price=VALUES(list_price), sale_price=VALUES(sale_price), author_bio=VALUES(author_bio), book_description=VALUES(book_description);
INSERT INTO book (isbn, title, subtitle, author, image_url, published_date, publisher) VALUES ('9788905052201', '초등 풍산자 개념×연산 수학 6-2 (2022년) - 2015 개정 교육과정', '초등풍산자개념연산수학622022년2015개정교육과정', '강연주 (지은이)', 'https://image.aladin.co.kr/product/27760/85/cover/s442734792_1.jpg', '2021-08-01', '지학사(참고서)') ON DUPLICATE KEY UPDATE title=VALUES(title), subtitle=VALUES(subtitle), author=VALUES(author), image_url=VALUES(image_url), published_date=VALUES(published_date), publisher=VALUES(publisher);
INSERT INTO book_detail (isbn, sold_out, free_shipping, list_price, sale_price, author_bio, book_description) VALUES ('9788905052201', 0, 0, 8500, 8500, '강연주 (지은이)에 대한 간단 소개입니다.', '개념X연산은 계산을 잘 틀리는 학생을 위한 개념과 관련된 연산 집중 연습 교재이다. 문제가 조금만 바뀌어도 어려워하는 학생을 위한 개념 적용의 다양한 유형 학습 교재이며, 서술형 답안 작성을 어려워하는 학생을 위한 문제해결력을 올려주는 서술형 교재다.') ON DUPLICATE KEY UPDATE sold_out=VALUES(sold_out), free_shipping=VALUES(free_shipping), list_price=VALUES(list_price), sale_price=VALUES(sale_price), author_bio=VALUES(author_bio), book_description=VALUES(book_description);
INSERT INTO book (isbn, title, subtitle, author, image_url, published_date, publisher) VALUES ('9791167021533', '2022 기출의 파급효과 수학 N제 기하 (2021년)', '2022기출의파급효과수학n제기하2021년', '전용욱', 'https://image.aladin.co.kr/product/27696/20/cover/k342733538_1.jpg', '2021-08-03', '(주)오르비') ON DUPLICATE KEY UPDATE title=VALUES(title), subtitle=VALUES(subtitle), author=VALUES(author), image_url=VALUES(image_url), published_date=VALUES(published_date), publisher=VALUES(publisher);
INSERT INTO book_detail (isbn, sold_out, free_shipping, list_price, sale_price, author_bio, book_description) VALUES ('9791167021533', 0, 0, 11000, 11000, '전용욱에 대한 간단 소개입니다.', '‘기하와 벡터’가 ‘기하’로 바뀌면서 시험 범위가 더욱 축소되었다. 좁은 범위의 시험이 변별력을 갖추려면 개별 문제들의 난이도를 올려야 할 것이다. 칼럼에는 교과 외인 공간벡터를 공부하고자 하는 학생들을 위해 관련 개념만을 짤막하게 실었다.') ON DUPLICATE KEY UPDATE sold_out=VALUES(sold_out), free_shipping=VALUES(free_shipping), list_price=VALUES(list_price), sale_price=VALUES(sale_price), author_bio=VALUES(author_bio), book_description=VALUES(book_description);
INSERT INTO book (isbn, title, subtitle, author, image_url, published_date, publisher) VALUES ('9788905052621', '풍산자 테스트북 중학 수학 1-1 (2022년)', '풍산자테스트북중학수학112022년', '풍산자수학연구소 (지은이)', 'https://image.aladin.co.kr/product/27882/49/cover/8905052622_2.jpg', '2021-08-10', '지학사(참고서)') ON DUPLICATE KEY UPDATE title=VALUES(title), subtitle=VALUES(subtitle), author=VALUES(author), image_url=VALUES(image_url), published_date=VALUES(published_date), publisher=VALUES(publisher);
INSERT INTO book_detail (isbn, sold_out, free_shipping, list_price, sale_price, author_bio, book_description) VALUES ('9788905052621', 0, 0, 12000, 12000, '풍산자수학연구소 (지은이)에 대한 간단 소개입니다.', '모든 시험지를 한 권에 모아 매번 시험지를 찾아야하는 번거로움을 없애고, 꾸준한 모의시험으로 실전 감각을 길러주는 문제집이다. 배운 내용이 잘 숙지되었는지 단원별 테스트로 빈틈없이 점검하여, 공부한 시간 대비 최대의 효율을 낼 수 있도록 만들어준다.') ON DUPLICATE KEY UPDATE sold_out=VALUES(sold_out), free_shipping=VALUES(free_shipping), list_price=VALUES(list_price), sale_price=VALUES(sale_price), author_bio=VALUES(author_bio), book_description=VALUES(book_description);
INSERT INTO book (isbn, title, subtitle, author, image_url, published_date, publisher) VALUES ('9788905052560', '풍산자 개념완성 중학 수학 1-1 (2022년)', '풍산자개념완성중학수학112022년', '풍산자수학연구소 (지은이)', 'https://image.aladin.co.kr/product/27882/65/cover/8905052568_2.jpg', '2021-08-10', '지학사(참고서)') ON DUPLICATE KEY UPDATE title=VALUES(title), subtitle=VALUES(subtitle), author=VALUES(author), image_url=VALUES(image_url), published_date=VALUES(published_date), publisher=VALUES(publisher);
INSERT INTO book_detail (isbn, sold_out, free_shipping, list_price, sale_price, author_bio, book_description) VALUES ('9788905052560', 0, 0, 15500, 15500, '풍산자수학연구소 (지은이)에 대한 간단 소개입니다.', '체계적인 개념과 꼭 필요한 핵심 문제로 확실하게 개념을 다질 수 있는 개념기본서다. 개념북에서는 개념 학습과 개념 check로 핵심 개념을 파악하고, 핵심 문제 check를 통하여 주제별 핵심 유형 문제를 익히며, 워크북은 개념북과 핵심 유형 1:1 맞춤 문제를 실어 복습용으로 적합하도록 하였다.') ON DUPLICATE KEY UPDATE sold_out=VALUES(sold_out), free_shipping=VALUES(free_shipping), list_price=VALUES(list_price), sale_price=VALUES(sale_price), author_bio=VALUES(author_bio), book_description=VALUES(book_description);
INSERT INTO book (isbn, title, subtitle, author, image_url, published_date, publisher) VALUES ('9788905052577', '풍산자 개념완성 중학 수학 2-1 (2022년)', '풍산자개념완성중학수학212022년', '풍산자수학연구소 (지은이)', 'https://image.aladin.co.kr/product/27882/64/cover/8905052576_2.jpg', '2021-08-10', '지학사(참고서)') ON DUPLICATE KEY UPDATE title=VALUES(title), subtitle=VALUES(subtitle), author=VALUES(author), image_url=VALUES(image_url), published_date=VALUES(published_date), publisher=VALUES(publisher);
INSERT INTO book_detail (isbn, sold_out, free_shipping, list_price, sale_price, author_bio, book_description) VALUES ('9788905052577', 0, 0, 15500, 15500, '풍산자수학연구소 (지은이)에 대한 간단 소개입니다.', '‘풍산자 개념완성 중학수학 2-1’은 체계적인 개념과 꼭 필요한 핵심 문제로 확실하게 개념을 다질 수 있는 개념기본서다.') ON DUPLICATE KEY UPDATE sold_out=VALUES(sold_out), free_shipping=VALUES(free_shipping), list_price=VALUES(list_price), sale_price=VALUES(sale_price), author_bio=VALUES(author_bio), book_description=VALUES(book_description);
INSERT INTO book (isbn, title, subtitle, author, image_url, published_date, publisher) VALUES ('9788905052584', '풍산자 개념완성 중학 수학 3-1 (2022년)', '풍산자개념완성중학수학312022년', '풍산자수학연구소 (지은이)', 'https://image.aladin.co.kr/product/27882/63/cover/8905052584_2.jpg', '2021-08-10', '지학사(참고서)') ON DUPLICATE KEY UPDATE title=VALUES(title), subtitle=VALUES(subtitle), author=VALUES(author), image_url=VALUES(image_url), published_date=VALUES(published_date), publisher=VALUES(publisher);
INSERT INTO book_detail (isbn, sold_out, free_shipping, list_price, sale_price, author_bio, book_description) VALUES ('9788905052584', 0, 0, 15500, 15500, '풍산자수학연구소 (지은이)에 대한 간단 소개입니다.', '‘풍산자 개념완성 중학수학 3-1’은 체계적인 개념과 꼭 필요한 핵심 문제로 확실하게 개념을 다질 수 있는 개념기본서다.') ON DUPLICATE KEY UPDATE sold_out=VALUES(sold_out), free_shipping=VALUES(free_shipping), list_price=VALUES(list_price), sale_price=VALUES(sale_price), author_bio=VALUES(author_bio), book_description=VALUES(book_description);
INSERT INTO book (isbn, title, subtitle, author, image_url, published_date, publisher) VALUES ('9788905052638', '풍산자 테스트북 중학 수학 2-1 (2022년)', '풍산자테스트북중학수학212022년', '풍산자수학연구소 (지은이)', 'https://image.aladin.co.kr/product/27882/48/cover/8905052630_2.jpg', '2021-08-10', '지학사(참고서)') ON DUPLICATE KEY UPDATE title=VALUES(title), subtitle=VALUES(subtitle), author=VALUES(author), image_url=VALUES(image_url), published_date=VALUES(published_date), publisher=VALUES(publisher);
INSERT INTO book_detail (isbn, sold_out, free_shipping, list_price, sale_price, author_bio, book_description) VALUES ('9788905052638', 0, 0, 12000, 12000, '풍산자수학연구소 (지은이)에 대한 간단 소개입니다.', '모든 시험지를 한 권에 모아 매번 시험지를 찾아야하는 번거로움을 없애고, 꾸준한 모의시험으로 실전 감각을 길러주는 문제집이다. 배운 내용이 잘 숙지되었는지 단원별 테스트로 빈틈없이 점검하여, 공부한 시간 대비 최대의 효율을 낼 수 있도록 만들어준다.') ON DUPLICATE KEY UPDATE sold_out=VALUES(sold_out), free_shipping=VALUES(free_shipping), list_price=VALUES(list_price), sale_price=VALUES(sale_price), author_bio=VALUES(author_bio), book_description=VALUES(book_description);
INSERT INTO book (isbn, title, subtitle, author, image_url, published_date, publisher) VALUES ('9788905052645', '풍산자 테스트북 중학 수학 3-1 (2022년)', '풍산자테스트북중학수학312022년', '풍산자수학연구소 (지은이)', 'https://image.aladin.co.kr/product/27882/45/cover/8905052649_2.jpg', '2021-08-10', '지학사(참고서)') ON DUPLICATE KEY UPDATE title=VALUES(title), subtitle=VALUES(subtitle), author=VALUES(author), image_url=VALUES(image_url), published_date=VALUES(published_date), publisher=VALUES(publisher);
INSERT INTO book_detail (isbn, sold_out, free_shipping, list_price, sale_price, author_bio, book_description) VALUES ('9788905052645', 0, 0, 12000, 12000, '풍산자수학연구소 (지은이)에 대한 간단 소개입니다.', '모든 시험지를 한 권에 모아 매번 시험지를 찾아야하는 번거로움을 없애고, 꾸준한 모의시험으로 실전 감각을 길러주는 문제집이다. 배운 내용이 잘 숙지되었는지 단원별 테스트로 빈틈없이 점검하여, 공부한 시간 대비 최대의 효율을 낼 수 있도록 만들어준다.') ON DUPLICATE KEY UPDATE sold_out=VALUES(sold_out), free_shipping=VALUES(free_shipping), list_price=VALUES(list_price), sale_price=VALUES(sale_price), author_bio=VALUES(author_bio), book_description=VALUES(book_description);
INSERT INTO book (isbn, title, subtitle, author, image_url, published_date, publisher) VALUES ('9791167021526', '2022 규토 고득점 N제 수학 1 + 수학 2 (2021년)', '2022규토고득점n제수학1수학22021년', '유성민 (지은이)', 'https://image.aladin.co.kr/product/27644/98/cover/k902733222_1.jpg', '2021-07-26', '(주)오르비') ON DUPLICATE KEY UPDATE title=VALUES(title), subtitle=VALUES(subtitle), author=VALUES(author), image_url=VALUES(image_url), published_date=VALUES(published_date), publisher=VALUES(publisher);
INSERT INTO book_detail (isbn, sold_out, free_shipping, list_price, sale_price, author_bio, book_description) VALUES ('9791167021526', 0, 1, 27700, 27700, '유성민 (지은이)에 대한 간단 소개입니다.', '규토 고득점 N제는 High Quality 4점 자작문항과 친절한 해설을 바탕으로 단기간에 수학적 사고력과 문제 해결력을 높일 수 있도록 기획한 교재이다. 쉽지만 중요한 4점부터 까다로울 수 있는 준킬러급 4점은 물론 어려운 킬러급 4점까지 모두 수록하였다.') ON DUPLICATE KEY UPDATE sold_out=VALUES(sold_out), free_shipping=VALUES(free_shipping), list_price=VALUES(list_price), sale_price=VALUES(sale_price), author_bio=VALUES(author_bio), book_description=VALUES(book_description);
INSERT INTO book (isbn, title, subtitle, author, image_url, published_date, publisher) VALUES ('9788905052133', '초등 풍산자 개념×연산 수학 3-1 (2022년) - 2015 개정 교육과정', '초등풍산자개념연산수학312022년2015개정교육과정', '강연주 (지은이)', 'https://image.aladin.co.kr/product/27834/60/cover/k832733445_1.jpg', '2021-08-01', '지학사(참고서)') ON DUPLICATE KEY UPDATE title=VALUES(title), subtitle=VALUES(subtitle), author=VALUES(author), image_url=VALUES(image_url), published_date=VALUES(published_date), publisher=VALUES(publisher);
INSERT INTO book_detail (isbn, sold_out, free_shipping, list_price, sale_price, author_bio, book_description) VALUES ('9788905052133', 0, 0, 8500, 8500, '강연주 (지은이)에 대한 간단 소개입니다.', '이 책은 3학년 수학에 대해 다룬 도서입니다. 3학년 수학에 대한 기초적이고 전반적인 내용을 확인할 수 있도록 구성했습니다.') ON DUPLICATE KEY UPDATE sold_out=VALUES(sold_out), free_shipping=VALUES(free_shipping), list_price=VALUES(list_price), sale_price=VALUES(sale_price), author_bio=VALUES(author_bio), book_description=VALUES(book_description);
INSERT INTO book (isbn, title, subtitle, author, image_url, published_date, publisher) VALUES ('9788905052157', '초등 풍산자 개념×연산 수학 4-1 (2022년) - 2015 개정 교육과정', '초등풍산자개념연산수학412022년2015개정교육과정', '강연주 (지은이)', 'https://image.aladin.co.kr/product/27834/61/cover/k952733446_1.jpg', '2021-08-01', '지학사(참고서)') ON DUPLICATE KEY UPDATE title=VALUES(title), subtitle=VALUES(subtitle), author=VALUES(author), image_url=VALUES(image_url), published_date=VALUES(published_date), publisher=VALUES(publisher);
INSERT INTO book_detail (isbn, sold_out, free_shipping, list_price, sale_price, author_bio, book_description) VALUES ('9788905052157', 0, 0, 8500, 8500, '강연주 (지은이)에 대한 간단 소개입니다.', '이 책은 4학년 수학에 대해 다룬 도서입니다. 4학년 수학에 대한 기초적이고 전반적인 내용을 확인할 수 있도록 구성했습니다.') ON DUPLICATE KEY UPDATE sold_out=VALUES(sold_out), free_shipping=VALUES(free_shipping), list_price=VALUES(list_price), sale_price=VALUES(sale_price), author_bio=VALUES(author_bio), book_description=VALUES(book_description);
INSERT INTO book (isbn, title, subtitle, author, image_url, published_date, publisher) VALUES ('9788905052171', '초등 풍산자 개념×연산 수학 5-1 (2022년) - 2015 개정 교육과정', '초등풍산자개념연산수학512022년2015개정교육과정', '강연주 (지은이)', 'https://image.aladin.co.kr/product/27834/90/cover/s052734791_1.jpg', '2021-08-01', '지학사(참고서)') ON DUPLICATE KEY UPDATE title=VALUES(title), subtitle=VALUES(subtitle), author=VALUES(author), image_url=VALUES(image_url), published_date=VALUES(published_date), publisher=VALUES(publisher);
INSERT INTO book_detail (isbn, sold_out, free_shipping, list_price, sale_price, author_bio, book_description) VALUES ('9788905052171', 0, 0, 8500, 8500, '강연주 (지은이)에 대한 간단 소개입니다.', '이 책은 5학년 수학에 대해 다룬 도서입니다. 5학년 수학에 대한 기초적이고 전반적인 내용을 확인할 수 있도록 구성했습니다.') ON DUPLICATE KEY UPDATE sold_out=VALUES(sold_out), free_shipping=VALUES(free_shipping), list_price=VALUES(list_price), sale_price=VALUES(sale_price), author_bio=VALUES(author_bio), book_description=VALUES(book_description);
INSERT INTO book (isbn, title, subtitle, author, image_url, published_date, publisher) VALUES ('9788905052195', '초등 풍산자 개념×연산 수학 6-1 (2022년) - 2015 개정 교육과정', '초등풍산자개념연산수학612022년2015개정교육과정', '강연주 (지은이)', 'https://image.aladin.co.kr/product/27834/92/cover/s062734791_1.jpg', '2021-08-01', '지학사(참고서)') ON DUPLICATE KEY UPDATE title=VALUES(title), subtitle=VALUES(subtitle), author=VALUES(author), image_url=VALUES(image_url), published_date=VALUES(published_date), publisher=VALUES(publisher);
INSERT INTO book_detail (isbn, sold_out, free_shipping, list_price, sale_price, author_bio, book_description) VALUES ('9788905052195', 0, 0, 8500, 8500, '강연주 (지은이)에 대한 간단 소개입니다.', '이 책은 6학년 수학에 대해 다룬 도서입니다. 6학년 수학에 대한 기초적이고 전반적인 내용을 확인할 수 있도록 구성했습니다.') ON DUPLICATE KEY UPDATE sold_out=VALUES(sold_out), free_shipping=VALUES(free_shipping), list_price=VALUES(list_price), sale_price=VALUES(sale_price), author_bio=VALUES(author_bio), book_description=VALUES(book_description);
INSERT INTO book (isbn, title, subtitle, author, image_url, published_date, publisher) VALUES ('9788905052218', '초등 풍산자 개념×유형 수학 3-1 (2022년) - 2015 개정 교육과정', '초등풍산자개념유형수학312022년2015개정교육과정', '강연주 (지은이)', 'https://image.aladin.co.kr/product/27834/96/cover/8905052215_1.jpg', '2021-08-01', '지학사(참고서)') ON DUPLICATE KEY UPDATE title=VALUES(title), subtitle=VALUES(subtitle), author=VALUES(author), image_url=VALUES(image_url), published_date=VALUES(published_date), publisher=VALUES(publisher);
INSERT INTO book_detail (isbn, sold_out, free_shipping, list_price, sale_price, author_bio, book_description) VALUES ('9788905052218', 0, 0, 8500, 8500, '강연주 (지은이)에 대한 간단 소개입니다.', '이 책은 3학년 수학에 대해 다룬 도서입니다. 3학년 수학에 대한 기초적이고 전반적인 내용을 확인할 수 있도록 구성했습니다.') ON DUPLICATE KEY UPDATE sold_out=VALUES(sold_out), free_shipping=VALUES(free_shipping), list_price=VALUES(list_price), sale_price=VALUES(sale_price), author_bio=VALUES(author_bio), book_description=VALUES(book_description);
INSERT INTO book (isbn, title, subtitle, author, image_url, published_date, publisher) VALUES ('9788905052232', '초등 풍산자 개념×유형 수학 4-1 (2022년) - 2015 개정 교육과정', '초등풍산자개념유형수학412022년2015개정교육과정', '강연주 (지은이)', 'https://image.aladin.co.kr/product/27834/98/cover/8905052231_1.jpg', '2021-08-01', '지학사(참고서)') ON DUPLICATE KEY UPDATE title=VALUES(title), subtitle=VALUES(subtitle), author=VALUES(author), image_url=VALUES(image_url), published_date=VALUES(published_date), publisher=VALUES(publisher);
INSERT INTO book_detail (isbn, sold_out, free_shipping, list_price, sale_price, author_bio, book_description) VALUES ('9788905052232', 0, 0, 8500, 8500, '강연주 (지은이)에 대한 간단 소개입니다.', '이 책은 4학년 수학에 대해 다룬 도서입니다. 4학년 수학에 대한 기초적이고 전반적인 내용을 확인할 수 있도록 구성했습니다.') ON DUPLICATE KEY UPDATE sold_out=VALUES(sold_out), free_shipping=VALUES(free_shipping), list_price=VALUES(list_price), sale_price=VALUES(sale_price), author_bio=VALUES(author_bio), book_description=VALUES(book_description);
INSERT INTO book (isbn, title, subtitle, author, image_url, published_date, publisher) VALUES ('9788905052256', '초등 풍산자 개념×유형 수학 5-1 (2022년) - 2015 개정 교육과정', '초등풍산자개념유형수학512022년2015개정교육과정', '강연주 (지은이)', 'https://image.aladin.co.kr/product/27839/80/cover/8905052258_1.jpg', '2021-08-01', '지학사(참고서)') ON DUPLICATE KEY UPDATE title=VALUES(title), subtitle=VALUES(subtitle), author=VALUES(author), image_url=VALUES(image_url), published_date=VALUES(published_date), publisher=VALUES(publisher);
INSERT INTO book_detail (isbn, sold_out, free_shipping, list_price, sale_price, author_bio, book_description) VALUES ('9788905052256', 0, 0, 8500, 8500, '강연주 (지은이)에 대한 간단 소개입니다.', '이 책은 5학년 수학에 대해 다룬 도서입니다. 5학년 수학에 대한 기초적이고 전반적인 내용을 확인할 수 있도록 구성했습니다.') ON DUPLICATE KEY UPDATE sold_out=VALUES(sold_out), free_shipping=VALUES(free_shipping), list_price=VALUES(list_price), sale_price=VALUES(sale_price), author_bio=VALUES(author_bio), book_description=VALUES(book_description);
INSERT INTO book (isbn, title, subtitle, author, image_url, published_date, publisher) VALUES ('9788905052270', '초등 풍산자 개념×유형 수학 6-1 (2022년) - 2015 개정 교육과정', '초등풍산자개념유형수학612022년2015개정교육과정', '강연주 (지은이)', 'https://image.aladin.co.kr/product/27834/99/cover/8905052274_1.jpg', '2021-08-01', '지학사(참고서)') ON DUPLICATE KEY UPDATE title=VALUES(title), subtitle=VALUES(subtitle), author=VALUES(author), image_url=VALUES(image_url), published_date=VALUES(published_date), publisher=VALUES(publisher);
INSERT INTO book_detail (isbn, sold_out, free_shipping, list_price, sale_price, author_bio, book_description) VALUES ('9788905052270', 0, 0, 8500, 8500, '강연주 (지은이)에 대한 간단 소개입니다.', '이 책은 6학년 수학에 대해 다룬 도서입니다. 6학년 수학에 대한 기초적이고 전반적인 내용을 확인할 수 있도록 구성했습니다.') ON DUPLICATE KEY UPDATE sold_out=VALUES(sold_out), free_shipping=VALUES(free_shipping), list_price=VALUES(list_price), sale_price=VALUES(sale_price), author_bio=VALUES(author_bio), book_description=VALUES(book_description);
INSERT INTO book (isbn, title, subtitle, author, image_url, published_date, publisher) VALUES ('9791167021571', '거미손 국어 문학의 끝 심화편 vol. 2 (2021년)', '거미손국어문학의끝심화편vol22021년', '유현주 (지은이)', 'https://image.aladin.co.kr/product/27666/98/cover/k002733235_1.jpg', '2021-07-29', '(주)오르비') ON DUPLICATE KEY UPDATE title=VALUES(title), subtitle=VALUES(subtitle), author=VALUES(author), image_url=VALUES(image_url), published_date=VALUES(published_date), publisher=VALUES(publisher);
INSERT INTO book_detail (isbn, sold_out, free_shipping, list_price, sale_price, author_bio, book_description) VALUES ('9791167021571', 0, 0, 19800, 19800, '유현주 (지은이)에 대한 간단 소개입니다.', '거미손이란 거시독해와 미시독해의 방법들을 모두 손글씨로 표기한 분석서다. 한 문장도 빠짐없이 분석하고, 직접 표시할 수 있도록 실전에서 진짜 쓸 수 있는 선생님의 두뇌와 손 모두를 꺼낸 교재다.') ON DUPLICATE KEY UPDATE sold_out=VALUES(sold_out), free_shipping=VALUES(free_shipping), list_price=VALUES(list_price), sale_price=VALUES(sale_price), author_bio=VALUES(author_bio), book_description=VALUES(book_description);
INSERT INTO book (isbn, title, subtitle, author, image_url, published_date, publisher) VALUES ('9791167021489', '거미손 국어 독서 심화편 vol. 2 (2021년)', '거미손국어독서심화편vol22021년', '유현주 (지은이)', 'https://image.aladin.co.kr/product/27616/32/cover/k532733128_1.jpg', '2021-07-22', '(주)오르비') ON DUPLICATE KEY UPDATE title=VALUES(title), subtitle=VALUES(subtitle), author=VALUES(author), image_url=VALUES(image_url), published_date=VALUES(published_date), publisher=VALUES(publisher);
INSERT INTO book_detail (isbn, sold_out, free_shipping, list_price, sale_price, author_bio, book_description) VALUES ('9791167021489', 0, 1, 22000, 22000, '유현주 (지은이)에 대한 간단 소개입니다.', '거미손이란 거시독해와 미시독해의 방법들을 모두 손글씨로 표기한 분석서다. 한 문장도 빠짐없이 분석하고, 직접 표시할 수 있도록 실전에서 진짜 쓸 수 있는 선생님의 두뇌와 손 모두를 꺼낸 교재다.') ON DUPLICATE KEY UPDATE sold_out=VALUES(sold_out), free_shipping=VALUES(free_shipping), list_price=VALUES(list_price), sale_price=VALUES(sale_price), author_bio=VALUES(author_bio), book_description=VALUES(book_description);
INSERT INTO book (isbn, title, subtitle, author, image_url, published_date, publisher) VALUES ('9791159071287', '포스트 코로나시대 충남 서비스업 여성 일자리 변화와 대응방안 :', '포스트코로나시대충남서비스업여성일자리변화와대응방안', '연구자: 안수영', NULL, '2023-05-06', '충청남도여성정책개발원') ON DUPLICATE KEY UPDATE title=VALUES(title), subtitle=VALUES(subtitle), author=VALUES(author), image_url=VALUES(image_url), published_date=VALUES(published_date), publisher=VALUES(publisher);
INSERT INTO book_detail (isbn, sold_out, free_shipping, list_price, sale_price, author_bio, book_description) VALUES ('9791159071287', 0, 0, NULL, NULL, '연구자: 안수영에 대한 간단 소개입니다.', '포스트 코로나시대 충남 서비스업 여성 일자리 변화와 대응방안 : — 포스트코로나시대충남서비스업여성일자리변화와대응방안에 대한 자동 생성 소개입니다.') ON DUPLICATE KEY UPDATE sold_out=VALUES(sold_out), free_shipping=VALUES(free_shipping), list_price=VALUES(list_price), sale_price=VALUES(sale_price), author_bio=VALUES(author_bio), book_description=VALUES(book_description);
INSERT INTO book (isbn, title, subtitle, author, image_url, published_date, publisher) VALUES ('9791159071317', '충남 아동·청소년 성매매·성폭력 피해실태 및 지원 방안', '충남아동청소년성매매성폭력피해실태및지원방안', '연구자: 김영주', NULL, '2022-09-10', '충청남도여성정책개발원') ON DUPLICATE KEY UPDATE title=VALUES(title), subtitle=VALUES(subtitle), author=VALUES(author), image_url=VALUES(image_url), published_date=VALUES(published_date), publisher=VALUES(publisher);
INSERT INTO book_detail (isbn, sold_out, free_shipping, list_price, sale_price, author_bio, book_description) VALUES ('9791159071317', 0, 0, NULL, NULL, '연구자: 김영주에 대한 간단 소개입니다.', '충남 아동·청소년 성매매·성폭력 피해실태 및 지원 방안 — 충남아동청소년성매매성폭력피해실태및지원방안에 대한 자동 생성 소개입니다.') ON DUPLICATE KEY UPDATE sold_out=VALUES(sold_out), free_shipping=VALUES(free_shipping), list_price=VALUES(list_price), sale_price=VALUES(sale_price), author_bio=VALUES(author_bio), book_description=VALUES(book_description);
INSERT INTO book (isbn, title, subtitle, author, image_url, published_date, publisher) VALUES ('9791159071300', '충남 아동·청소년 삶의 질 현황 및 실태 분석 연구', '충남아동청소년삶의질현황및실태분석연구', '연구자: 안세아', NULL, '2022-04-23', '충청남도여성정책개발원') ON DUPLICATE KEY UPDATE title=VALUES(title), subtitle=VALUES(subtitle), author=VALUES(author), image_url=VALUES(image_url), published_date=VALUES(published_date), publisher=VALUES(publisher);
INSERT INTO book_detail (isbn, sold_out, free_shipping, list_price, sale_price, author_bio, book_description) VALUES ('9791159071300', 0, 0, NULL, NULL, '연구자: 안세아에 대한 간단 소개입니다.', '충남 아동·청소년 삶의 질 현황 및 실태 분석 연구 — 충남아동청소년삶의질현황및실태분석연구에 대한 자동 생성 소개입니다.') ON DUPLICATE KEY UPDATE sold_out=VALUES(sold_out), free_shipping=VALUES(free_shipping), list_price=VALUES(list_price), sale_price=VALUES(sale_price), author_bio=VALUES(author_bio), book_description=VALUES(book_description);
INSERT INTO book (isbn, title, subtitle, author, image_url, published_date, publisher) VALUES ('9788961204293', '방송 프로그램 포맷 등록심사 지침안', '방송프로그램포맷등록심사지침안', '오승종', NULL, '2024-09-09', '한국저작권위원회') ON DUPLICATE KEY UPDATE title=VALUES(title), subtitle=VALUES(subtitle), author=VALUES(author), image_url=VALUES(image_url), published_date=VALUES(published_date), publisher=VALUES(publisher);
INSERT INTO book_detail (isbn, sold_out, free_shipping, list_price, sale_price, author_bio, book_description) VALUES ('9788961204293', 0, 0, NULL, NULL, '오승종에 대한 간단 소개입니다.', '방송 프로그램 포맷 등록심사 지침안 — 방송프로그램포맷등록심사지침안에 대한 자동 생성 소개입니다.') ON DUPLICATE KEY UPDATE sold_out=VALUES(sold_out), free_shipping=VALUES(free_shipping), list_price=VALUES(list_price), sale_price=VALUES(sale_price), author_bio=VALUES(author_bio), book_description=VALUES(book_description);
INSERT INTO book (isbn, title, subtitle, author, image_url, published_date, publisher) VALUES ('9791165551452', '외국학술지지원센터(FRIC) 실무 교육', '외국학술지지원센터fric실무교육', '한국교육학술정보원 [편]', NULL, '2022-04-18', '한국교육학술정보원') ON DUPLICATE KEY UPDATE title=VALUES(title), subtitle=VALUES(subtitle), author=VALUES(author), image_url=VALUES(image_url), published_date=VALUES(published_date), publisher=VALUES(publisher);
INSERT INTO book_detail (isbn, sold_out, free_shipping, list_price, sale_price, author_bio, book_description) VALUES ('9791165551452', 0, 0, NULL, NULL, '한국교육학술정보원 [편]에 대한 간단 소개입니다.', '외국학술지지원센터(FRIC) 실무 교육 — 외국학술지지원센터fric실무교육에 대한 자동 생성 소개입니다.') ON DUPLICATE KEY UPDATE sold_out=VALUES(sold_out), free_shipping=VALUES(free_shipping), list_price=VALUES(list_price), sale_price=VALUES(sale_price), author_bio=VALUES(author_bio), book_description=VALUES(book_description);
INSERT INTO book (isbn, title, subtitle, author, image_url, published_date, publisher) VALUES ('9791190491457', '전남 해안쓰레기 분포특성 및 수거·처리 방안 연구 =', '전남해안쓰레기분포특성및수거처리방안연구', '연구책임: 김동주', NULL, '2024-01-25', '광주전남연구원') ON DUPLICATE KEY UPDATE title=VALUES(title), subtitle=VALUES(subtitle), author=VALUES(author), image_url=VALUES(image_url), published_date=VALUES(published_date), publisher=VALUES(publisher);
INSERT INTO book_detail (isbn, sold_out, free_shipping, list_price, sale_price, author_bio, book_description) VALUES ('9791190491457', 0, 0, NULL, NULL, '연구책임: 김동주에 대한 간단 소개입니다.', '전남 해안쓰레기 분포특성 및 수거·처리 방안 연구 = — 전남해안쓰레기분포특성및수거처리방안연구에 대한 자동 생성 소개입니다.') ON DUPLICATE KEY UPDATE sold_out=VALUES(sold_out), free_shipping=VALUES(free_shipping), list_price=VALUES(list_price), sale_price=VALUES(sale_price), author_bio=VALUES(author_bio), book_description=VALUES(book_description);
INSERT INTO book (isbn, title, subtitle, author, image_url, published_date, publisher) VALUES ('9788961204231', '지역저작권서비스센터 선정을 위한 지원기관 현황조사 :', '지역저작권서비스센터선정을위한지원기관현황조사', '연구수행기관: SnC경영컨설팅', NULL, '2025-04-20', '한국저작권위원회') ON DUPLICATE KEY UPDATE title=VALUES(title), subtitle=VALUES(subtitle), author=VALUES(author), image_url=VALUES(image_url), published_date=VALUES(published_date), publisher=VALUES(publisher);
INSERT INTO book_detail (isbn, sold_out, free_shipping, list_price, sale_price, author_bio, book_description) VALUES ('9788961204231', 0, 0, NULL, NULL, '연구수행기관: SnC경영컨설팅에 대한 간단 소개입니다.', '지역저작권서비스센터 선정을 위한 지원기관 현황조사 : — 지역저작권서비스센터선정을위한지원기관현황조사에 대한 자동 생성 소개입니다.') ON DUPLICATE KEY UPDATE sold_out=VALUES(sold_out), free_shipping=VALUES(free_shipping), list_price=VALUES(list_price), sale_price=VALUES(sale_price), author_bio=VALUES(author_bio), book_description=VALUES(book_description);
INSERT INTO book (isbn, title, subtitle, author, image_url, published_date, publisher) VALUES ('9791190491426', '''1시군 1특화작목 육성'' 1단계 성과분석 및 발전방안 연구 =', '1시군1특화작목육성1단계성과분석및발전방안연구', '연구책임: 김진이', NULL, '2025-08-05', '광주전남연구원') ON DUPLICATE KEY UPDATE title=VALUES(title), subtitle=VALUES(subtitle), author=VALUES(author), image_url=VALUES(image_url), published_date=VALUES(published_date), publisher=VALUES(publisher);
INSERT INTO book_detail (isbn, sold_out, free_shipping, list_price, sale_price, author_bio, book_description) VALUES ('9791190491426', 0, 0, NULL, NULL, '연구책임: 김진이에 대한 간단 소개입니다.', '''1시군 1특화작목 육성'' 1단계 성과분석 및 발전방안 연구 = — 1시군1특화작목육성1단계성과분석및발전방안연구에 대한 자동 생성 소개입니다.') ON DUPLICATE KEY UPDATE sold_out=VALUES(sold_out), free_shipping=VALUES(free_shipping), list_price=VALUES(list_price), sale_price=VALUES(sale_price), author_bio=VALUES(author_bio), book_description=VALUES(book_description);
INSERT INTO book (isbn, title, subtitle, author, image_url, published_date, publisher) VALUES ('9791166632877', 'C 프로그래밍 기초 :', 'c프로그래밍기초', '전유찬 지음', NULL, '2024-10-08', 'Bookpod(북팟)') ON DUPLICATE KEY UPDATE title=VALUES(title), subtitle=VALUES(subtitle), author=VALUES(author), image_url=VALUES(image_url), published_date=VALUES(published_date), publisher=VALUES(publisher);
INSERT INTO book_detail (isbn, sold_out, free_shipping, list_price, sale_price, author_bio, book_description) VALUES ('9791166632877', 0, 0, NULL, NULL, '전유찬 지음에 대한 간단 소개입니다.', 'C 프로그래밍 기초 : — c프로그래밍기초에 대한 자동 생성 소개입니다.') ON DUPLICATE KEY UPDATE sold_out=VALUES(sold_out), free_shipping=VALUES(free_shipping), list_price=VALUES(list_price), sale_price=VALUES(sale_price), author_bio=VALUES(author_bio), book_description=VALUES(book_description);
INSERT INTO book (isbn, title, subtitle, author, image_url, published_date, publisher) VALUES ('9791166632778', 'My turning point', 'myturningpoint', '박성대 지음', NULL, '2022-01-17', 'Bookpod(북팟)') ON DUPLICATE KEY UPDATE title=VALUES(title), subtitle=VALUES(subtitle), author=VALUES(author), image_url=VALUES(image_url), published_date=VALUES(published_date), publisher=VALUES(publisher);
INSERT INTO book_detail (isbn, sold_out, free_shipping, list_price, sale_price, author_bio, book_description) VALUES ('9791166632778', 0, 0, NULL, NULL, '박성대 지음에 대한 간단 소개입니다.', 'My turning point — myturningpoint에 대한 자동 생성 소개입니다.') ON DUPLICATE KEY UPDATE sold_out=VALUES(sold_out), free_shipping=VALUES(free_shipping), list_price=VALUES(list_price), sale_price=VALUES(sale_price), author_bio=VALUES(author_bio), book_description=VALUES(book_description);
INSERT INTO book (isbn, title, subtitle, author, image_url, published_date, publisher) VALUES ('9791166632761', '아픈 만큼, 아플 만큼', '아픈만큼,아플만큼', '임서영 지음', NULL, '2023-02-08', 'Bookpod(북팟)') ON DUPLICATE KEY UPDATE title=VALUES(title), subtitle=VALUES(subtitle), author=VALUES(author), image_url=VALUES(image_url), published_date=VALUES(published_date), publisher=VALUES(publisher);
INSERT INTO book_detail (isbn, sold_out, free_shipping, list_price, sale_price, author_bio, book_description) VALUES ('9791166632761', 0, 0, NULL, NULL, '임서영 지음에 대한 간단 소개입니다.', '아픈 만큼, 아플 만큼 — 아픈만큼,아플만큼에 대한 자동 생성 소개입니다.') ON DUPLICATE KEY UPDATE sold_out=VALUES(sold_out), free_shipping=VALUES(free_shipping), list_price=VALUES(list_price), sale_price=VALUES(sale_price), author_bio=VALUES(author_bio), book_description=VALUES(book_description);
INSERT INTO book (isbn, title, subtitle, author, image_url, published_date, publisher) VALUES ('9788999724909', '사회보장론 =', '사회보장론', '이준영', NULL, '2024-06-09', '학지사') ON DUPLICATE KEY UPDATE title=VALUES(title), subtitle=VALUES(subtitle), author=VALUES(author), image_url=VALUES(image_url), published_date=VALUES(published_date), publisher=VALUES(publisher);
INSERT INTO book_detail (isbn, sold_out, free_shipping, list_price, sale_price, author_bio, book_description) VALUES ('9788999724909', 0, 0, NULL, NULL, '이준영에 대한 간단 소개입니다.', '사회보장론 = — 사회보장론에 대한 자동 생성 소개입니다.') ON DUPLICATE KEY UPDATE sold_out=VALUES(sold_out), free_shipping=VALUES(free_shipping), list_price=VALUES(list_price), sale_price=VALUES(sale_price), author_bio=VALUES(author_bio), book_description=VALUES(book_description);
INSERT INTO book (isbn, title, subtitle, author, image_url, published_date, publisher) VALUES ('9791166632723', '우리의 삶은 언제나 소소한 행복 속에서 기회가 찾아온다', '우리의삶은언제나소소한행복속에서기회가찾아온다', '엄민식 지음', NULL, '2022-01-22', 'Bookpod(북팟)') ON DUPLICATE KEY UPDATE title=VALUES(title), subtitle=VALUES(subtitle), author=VALUES(author), image_url=VALUES(image_url), published_date=VALUES(published_date), publisher=VALUES(publisher);
INSERT INTO book_detail (isbn, sold_out, free_shipping, list_price, sale_price, author_bio, book_description) VALUES ('9791166632723', 0, 0, NULL, NULL, '엄민식 지음에 대한 간단 소개입니다.', '우리의 삶은 언제나 소소한 행복 속에서 기회가 찾아온다 — 우리의삶은언제나소소한행복속에서기회가찾아온다에 대한 자동 생성 소개입니다.') ON DUPLICATE KEY UPDATE sold_out=VALUES(sold_out), free_shipping=VALUES(free_shipping), list_price=VALUES(list_price), sale_price=VALUES(sale_price), author_bio=VALUES(author_bio), book_description=VALUES(book_description);
INSERT INTO book (isbn, title, subtitle, author, image_url, published_date, publisher) VALUES ('9791166632716', '베트남 현장 르포 :', '베트남현장르포', '최규완 지음', NULL, '2025-07-24', 'Bookpod(북팟)') ON DUPLICATE KEY UPDATE title=VALUES(title), subtitle=VALUES(subtitle), author=VALUES(author), image_url=VALUES(image_url), published_date=VALUES(published_date), publisher=VALUES(publisher);
INSERT INTO book_detail (isbn, sold_out, free_shipping, list_price, sale_price, author_bio, book_description) VALUES ('9791166632716', 0, 0, NULL, NULL, '최규완 지음에 대한 간단 소개입니다.', '베트남 현장 르포 : — 베트남현장르포에 대한 자동 생성 소개입니다.') ON DUPLICATE KEY UPDATE sold_out=VALUES(sold_out), free_shipping=VALUES(free_shipping), list_price=VALUES(list_price), sale_price=VALUES(sale_price), author_bio=VALUES(author_bio), book_description=VALUES(book_description);
INSERT INTO book (isbn, title, subtitle, author, image_url, published_date, publisher) VALUES ('9791166632686', '알고 계십니까?', '알고계십니까', '한진희 지음', NULL, '2025-03-13', 'Bookpod(북팟)') ON DUPLICATE KEY UPDATE title=VALUES(title), subtitle=VALUES(subtitle), author=VALUES(author), image_url=VALUES(image_url), published_date=VALUES(published_date), publisher=VALUES(publisher);
INSERT INTO book_detail (isbn, sold_out, free_shipping, list_price, sale_price, author_bio, book_description) VALUES ('9791166632686', 0, 0, NULL, NULL, '한진희 지음에 대한 간단 소개입니다.', '알고 계십니까? — 알고계십니까에 대한 자동 생성 소개입니다.') ON DUPLICATE KEY UPDATE sold_out=VALUES(sold_out), free_shipping=VALUES(free_shipping), list_price=VALUES(list_price), sale_price=VALUES(sale_price), author_bio=VALUES(author_bio), book_description=VALUES(book_description);
INSERT INTO book (isbn, title, subtitle, author, image_url, published_date, publisher) VALUES ('9791166632679', '터닝포인트 :', '터닝포인트', '배숙현 지음', NULL, '2024-01-12', 'Bookpod(북팟)') ON DUPLICATE KEY UPDATE title=VALUES(title), subtitle=VALUES(subtitle), author=VALUES(author), image_url=VALUES(image_url), published_date=VALUES(published_date), publisher=VALUES(publisher);
INSERT INTO book_detail (isbn, sold_out, free_shipping, list_price, sale_price, author_bio, book_description) VALUES ('9791166632679', 0, 0, NULL, NULL, '배숙현 지음에 대한 간단 소개입니다.', '터닝포인트 : — 터닝포인트에 대한 자동 생성 소개입니다.') ON DUPLICATE KEY UPDATE sold_out=VALUES(sold_out), free_shipping=VALUES(free_shipping), list_price=VALUES(list_price), sale_price=VALUES(sale_price), author_bio=VALUES(author_bio), book_description=VALUES(book_description);
INSERT INTO book (isbn, title, subtitle, author, image_url, published_date, publisher) VALUES ('9791166632662', '인생역전', '인생역전', '정미경 지음', NULL, '2023-06-24', 'Bookpod(북팟)') ON DUPLICATE KEY UPDATE title=VALUES(title), subtitle=VALUES(subtitle), author=VALUES(author), image_url=VALUES(image_url), published_date=VALUES(published_date), publisher=VALUES(publisher);
INSERT INTO book_detail (isbn, sold_out, free_shipping, list_price, sale_price, author_bio, book_description) VALUES ('9791166632662', 0, 0, NULL, NULL, '정미경 지음에 대한 간단 소개입니다.', '인생역전 — 인생역전에 대한 자동 생성 소개입니다.') ON DUPLICATE KEY UPDATE sold_out=VALUES(sold_out), free_shipping=VALUES(free_shipping), list_price=VALUES(list_price), sale_price=VALUES(sale_price), author_bio=VALUES(author_bio), book_description=VALUES(book_description);
INSERT INTO book (isbn, title, subtitle, author, image_url, published_date, publisher) VALUES ('9791166632655', '기적 (컬러판) (불가능을 가능케 하신 하나님)', '기적컬러판불가능을가능케하신하나님', '김경언', 'https://bookthumb-phinf.pstatic.net/cover/209/057/20905709.jpg?type=m1&udate=20210903', '2021-09-03', '북팟') ON DUPLICATE KEY UPDATE title=VALUES(title), subtitle=VALUES(subtitle), author=VALUES(author), image_url=VALUES(image_url), published_date=VALUES(published_date), publisher=VALUES(publisher);
INSERT INTO book_detail (isbn, sold_out, free_shipping, list_price, sale_price, author_bio, book_description) VALUES ('9791166632655', 0, 0, 15000, 15000, '김경언에 대한 간단 소개입니다.', '여러분은 여러분의 인생이 바뀌게 된 시점이 언제부터였는지 기억하시나요? 이 이야기는 저의 인생이 바뀌게 된 시점에 대한 이야기입니다.그 시점은 &quot;&quot;기적&quot;&quot;으로부터 시작되었습니다.하나님께서는 불가능을 가능하게 하시는 분이십니다. 그것을 깨달았을 때, 저는 저의 삶의 모든 순간이 하나님께서 허락하신...') ON DUPLICATE KEY UPDATE sold_out=VALUES(sold_out), free_shipping=VALUES(free_shipping), list_price=VALUES(list_price), sale_price=VALUES(sale_price), author_bio=VALUES(author_bio), book_description=VALUES(book_description);
INSERT INTO book (isbn, title, subtitle, author, image_url, published_date, publisher) VALUES ('9791166973482', '중환자 간호학', '중환자간호학', '임순옥 저', NULL, '2022-04-16', '현문사') ON DUPLICATE KEY UPDATE title=VALUES(title), subtitle=VALUES(subtitle), author=VALUES(author), image_url=VALUES(image_url), published_date=VALUES(published_date), publisher=VALUES(publisher);
INSERT INTO book_detail (isbn, sold_out, free_shipping, list_price, sale_price, author_bio, book_description) VALUES ('9791166973482', 0, 0, NULL, NULL, '임순옥 저에 대한 간단 소개입니다.', '중환자 간호학 — 중환자간호학에 대한 자동 생성 소개입니다.') ON DUPLICATE KEY UPDATE sold_out=VALUES(sold_out), free_shipping=VALUES(free_shipping), list_price=VALUES(list_price), sale_price=VALUES(sale_price), author_bio=VALUES(author_bio), book_description=VALUES(book_description);
INSERT INTO book (isbn, title, subtitle, author, image_url, published_date, publisher) VALUES ('9791166632648', '나의 사계 :', '나의사계', '김희정 지음', NULL, '2025-02-17', 'Bookpod(북팟)') ON DUPLICATE KEY UPDATE title=VALUES(title), subtitle=VALUES(subtitle), author=VALUES(author), image_url=VALUES(image_url), published_date=VALUES(published_date), publisher=VALUES(publisher);
INSERT INTO book_detail (isbn, sold_out, free_shipping, list_price, sale_price, author_bio, book_description) VALUES ('9791166632648', 0, 0, NULL, NULL, '김희정 지음에 대한 간단 소개입니다.', '나의 사계 : — 나의사계에 대한 자동 생성 소개입니다.') ON DUPLICATE KEY UPDATE sold_out=VALUES(sold_out), free_shipping=VALUES(free_shipping), list_price=VALUES(list_price), sale_price=VALUES(sale_price), author_bio=VALUES(author_bio), book_description=VALUES(book_description);
INSERT INTO book (isbn, title, subtitle, author, image_url, published_date, publisher) VALUES ('9791167460141', '파도소리로 굽이쳐 봐도 느낌표에 남는 사량아 첫사랑아', '파도소리로굽이쳐봐도느낌표에남는사량아첫사랑아', '그리운파도소리모임회', 'https://bookthumb-phinf.pstatic.net/cover/209/187/20918700.jpg?type=m1&udate=20210909', '2021-09-06', '경남') ON DUPLICATE KEY UPDATE title=VALUES(title), subtitle=VALUES(subtitle), author=VALUES(author), image_url=VALUES(image_url), published_date=VALUES(published_date), publisher=VALUES(publisher);
INSERT INTO book_detail (isbn, sold_out, free_shipping, list_price, sale_price, author_bio, book_description) VALUES ('9791167460141', 0, 0, 12000, 12000, '그리운파도소리모임회에 대한 간단 소개입니다.', '파도소리로 굽이쳐 봐도 느낌표에 남는 사량아 첫사랑아 — 파도소리로굽이쳐봐도느낌표에남는사량아첫사랑아에 대한 자동 생성 소개입니다.') ON DUPLICATE KEY UPDATE sold_out=VALUES(sold_out), free_shipping=VALUES(free_shipping), list_price=VALUES(list_price), sale_price=VALUES(sale_price), author_bio=VALUES(author_bio), book_description=VALUES(book_description);
INSERT INTO book (isbn, title, subtitle, author, image_url, published_date, publisher) VALUES ('9791167460158', '계룡상 억새능선(돋을볕 시인선 007)', '계룡상억새능선돋을볕시인선007', '김용호', 'https://bookthumb-phinf.pstatic.net/cover/209/350/20935095.jpg?type=m1&udate=20210915', '2021-09-05', '경남') ON DUPLICATE KEY UPDATE title=VALUES(title), subtitle=VALUES(subtitle), author=VALUES(author), image_url=VALUES(image_url), published_date=VALUES(published_date), publisher=VALUES(publisher);
INSERT INTO book_detail (isbn, sold_out, free_shipping, list_price, sale_price, author_bio, book_description) VALUES ('9791167460158', 0, 0, 10000, 10000, '김용호에 대한 간단 소개입니다.', '계룡상 억새능선(돋을볕 시인선 007) — 계룡상억새능선돋을볕시인선007에 대한 자동 생성 소개입니다.') ON DUPLICATE KEY UPDATE sold_out=VALUES(sold_out), free_shipping=VALUES(free_shipping), list_price=VALUES(list_price), sale_price=VALUES(sale_price), author_bio=VALUES(author_bio), book_description=VALUES(book_description);
INSERT INTO book (isbn, title, subtitle, author, image_url, published_date, publisher) VALUES ('9791197183225', '(2021) 부산의 맛, 문학으로 만나다', '2021부산의맛,문학으로만나다', '김선아 외 35명 [지음]', NULL, '2022-02-20', '부산여성문학인협회') ON DUPLICATE KEY UPDATE title=VALUES(title), subtitle=VALUES(subtitle), author=VALUES(author), image_url=VALUES(image_url), published_date=VALUES(published_date), publisher=VALUES(publisher);
INSERT INTO book_detail (isbn, sold_out, free_shipping, list_price, sale_price, author_bio, book_description) VALUES ('9791197183225', 0, 0, NULL, NULL, '김선아 외 35명 [지음]에 대한 간단 소개입니다.', '(2021) 부산의 맛, 문학으로 만나다 — 2021부산의맛,문학으로만나다에 대한 자동 생성 소개입니다.') ON DUPLICATE KEY UPDATE sold_out=VALUES(sold_out), free_shipping=VALUES(free_shipping), list_price=VALUES(list_price), sale_price=VALUES(sale_price), author_bio=VALUES(author_bio), book_description=VALUES(book_description);
INSERT INTO book (isbn, title, subtitle, author, image_url, published_date, publisher) VALUES ('9791161435855', '소하고 순한 믿음에 관하여', '소하고순한믿음에관하여', '김용삼 (지은이)', 'https://image.aladin.co.kr/product/27719/52/cover/k602733543_1.jpg', '2021-07-30', '쿰란출판사') ON DUPLICATE KEY UPDATE title=VALUES(title), subtitle=VALUES(subtitle), author=VALUES(author), image_url=VALUES(image_url), published_date=VALUES(published_date), publisher=VALUES(publisher);
INSERT INTO book_detail (isbn, sold_out, free_shipping, list_price, sale_price, author_bio, book_description) VALUES ('9791161435855', 0, 0, 12000, 12000, '김용삼 (지은이)에 대한 간단 소개입니다.', '시인이자 화가인 저자가 꿈속으로 찾아오신 하나님과의 만남에 대한 감격을 글과 그림으로 표현했다. 돌베개를 쌓는 야곱의 심정으로 성도들과 나눈 글에는 기쁨의 찬송이 입가에 떠나지 않기를 바라는 마음이 담겨있다.') ON DUPLICATE KEY UPDATE sold_out=VALUES(sold_out), free_shipping=VALUES(free_shipping), list_price=VALUES(list_price), sale_price=VALUES(sale_price), author_bio=VALUES(author_bio), book_description=VALUES(book_description);
INSERT INTO book (isbn, title, subtitle, author, image_url, published_date, publisher) VALUES ('9791161435657', '5월이 되면', '5월이되면', '조석환 (지은이)', 'https://image.aladin.co.kr/product/27719/52/cover/k692733543_1.jpg', '2021-07-30', '쿰란출판사') ON DUPLICATE KEY UPDATE title=VALUES(title), subtitle=VALUES(subtitle), author=VALUES(author), image_url=VALUES(image_url), published_date=VALUES(published_date), publisher=VALUES(publisher);
INSERT INTO book_detail (isbn, sold_out, free_shipping, list_price, sale_price, author_bio, book_description) VALUES ('9791161435657', 0, 0, 11000, 11000, '조석환 (지은이)에 대한 간단 소개입니다.', '1950년 한국전쟁 때 북에서 내려온 피난민들은 5월이 되면 고향으로 돌아가게 될 것이라고 생각하였으나, 그 소원은 이루어지지 않았다. 평양에서 남한으로, 남한에서 미국으로 가게 된 저자의 삶을 총 8장으로 구성해 이 책에 담았다.') ON DUPLICATE KEY UPDATE sold_out=VALUES(sold_out), free_shipping=VALUES(free_shipping), list_price=VALUES(list_price), sale_price=VALUES(sale_price), author_bio=VALUES(author_bio), book_description=VALUES(book_description);
INSERT INTO book (isbn, title, subtitle, author, image_url, published_date, publisher) VALUES ('9791161435879', '이방인이 만난 예수', '이방인이만난예수', '김영길 (지은이)', 'https://image.aladin.co.kr/product/27819/19/cover/k422734679_1.jpg', '2021-08-20', '쿰란출판사') ON DUPLICATE KEY UPDATE title=VALUES(title), subtitle=VALUES(subtitle), author=VALUES(author), image_url=VALUES(image_url), published_date=VALUES(published_date), publisher=VALUES(publisher);
INSERT INTO book_detail (isbn, sold_out, free_shipping, list_price, sale_price, author_bio, book_description) VALUES ('9791161435879', 0, 0, 17000, 17000, '김영길 (지은이)에 대한 간단 소개입니다.', '가슴으로 읽는 성경 6권. 사건의 연속성을 지닌 누가복음과 사도행전을 같이 배치했으며, 이방인의 세계로 찾아온 구원의 은혜를 낱낱이 보여주고 있다. 이방인이었던 누가의 시선으로 바라본 이 책을 통해 구원의 은혜를 찾아가기를 바란다.') ON DUPLICATE KEY UPDATE sold_out=VALUES(sold_out), free_shipping=VALUES(free_shipping), list_price=VALUES(list_price), sale_price=VALUES(sale_price), author_bio=VALUES(author_bio), book_description=VALUES(book_description);
INSERT INTO book (isbn, title, subtitle, author, image_url, published_date, publisher) VALUES ('9791161435848', '복음의 확신과 신앙의 성숙 Ⅱ', '복음의확신과신앙의성숙', '공용준 (지은이)', 'https://image.aladin.co.kr/product/27719/57/cover/k782733543_1.jpg', '2021-07-01', '쿰란출판사') ON DUPLICATE KEY UPDATE title=VALUES(title), subtitle=VALUES(subtitle), author=VALUES(author), image_url=VALUES(image_url), published_date=VALUES(published_date), publisher=VALUES(publisher);
INSERT INTO book_detail (isbn, sold_out, free_shipping, list_price, sale_price, author_bio, book_description) VALUES ('9791161435848', 0, 1, 21000, 21000, '공용준 (지은이)에 대한 간단 소개입니다.', '모세오경의 중간 역할을 하며, 언약을 통해 이스라엘을 구원하시는 하나님의 섭리와 인도하심을 다루고 있는 출애굽기를 총 40일 동안 필사하며 묵상하고 삶에 적용할 수 있도록 구성된 필사묵상집이다.') ON DUPLICATE KEY UPDATE sold_out=VALUES(sold_out), free_shipping=VALUES(free_shipping), list_price=VALUES(list_price), sale_price=VALUES(sale_price), author_bio=VALUES(author_bio), book_description=VALUES(book_description);
INSERT INTO book (isbn, title, subtitle, author, image_url, published_date, publisher) VALUES ('9791161435183', '위드 코로나 시대를 살아가는 신앙인의 진면목', '위드코로나시대를살아가는신앙인의진면목', '김용대 (지은이)', 'https://image.aladin.co.kr/product/27818/71/cover/k442734678_1.jpg', '2021-07-30', '쿰란출판사') ON DUPLICATE KEY UPDATE title=VALUES(title), subtitle=VALUES(subtitle), author=VALUES(author), image_url=VALUES(image_url), published_date=VALUES(published_date), publisher=VALUES(publisher);
INSERT INTO book_detail (isbn, sold_out, free_shipping, list_price, sale_price, author_bio, book_description) VALUES ('9791161435183', 0, 0, 11000, 11000, '김용대 (지은이)에 대한 간단 소개입니다.', '코로나19로 인해 모든 것이 달라진 삶을 살아가는 성도들에게 무엇이 가장 중요할지 고민한 저자는 이 시대를 사는 성도의 진면목, 하나님과 사람 앞에 꼭 필요한 성도의 민낯에 대한 설교를 이 책에 담았다.') ON DUPLICATE KEY UPDATE sold_out=VALUES(sold_out), free_shipping=VALUES(free_shipping), list_price=VALUES(list_price), sale_price=VALUES(sale_price), author_bio=VALUES(author_bio), book_description=VALUES(book_description);
INSERT INTO book (isbn, title, subtitle, author, image_url, published_date, publisher) VALUES ('9791161435190', '‘요-나’에게 베푸신 하나님의 사랑', '요나에게베푸신하나님의사랑', '김용대 (지은이)', 'https://image.aladin.co.kr/product/27818/81/cover/k762734678_1.jpg', '2021-07-30', '쿰란출판사') ON DUPLICATE KEY UPDATE title=VALUES(title), subtitle=VALUES(subtitle), author=VALUES(author), image_url=VALUES(image_url), published_date=VALUES(published_date), publisher=VALUES(publisher);
INSERT INTO book_detail (isbn, sold_out, free_shipping, list_price, sale_price, author_bio, book_description) VALUES ('9791161435190', 0, 0, 13000, 13000, '김용대 (지은이)에 대한 간단 소개입니다.', '요나서에서 하나님의 위로와 소망을 발견하고 새벽 강단에서 선포한 말씀을 엮은 책이다. 위기 가운데서도 요나처럼 먼저 자신의 죄악을 철저히 회개하고 기도하면 하나님의 놀라운 사랑과 회복을 경험하게 될 것이다.') ON DUPLICATE KEY UPDATE sold_out=VALUES(sold_out), free_shipping=VALUES(free_shipping), list_price=VALUES(list_price), sale_price=VALUES(sale_price), author_bio=VALUES(author_bio), book_description=VALUES(book_description);
INSERT INTO book (isbn, title, subtitle, author, image_url, published_date, publisher) VALUES ('9791161435862', '숨이 쉬어집니다 - 욕심을 버리고 삶을 가볍게', '숨이쉬어집니다욕심을버리고삶을가볍게', '써니 김 (지은이)', 'https://image.aladin.co.kr/product/27882/48/cover/k512734896_1.jpg', '2021-07-30', '쿰란출판사') ON DUPLICATE KEY UPDATE title=VALUES(title), subtitle=VALUES(subtitle), author=VALUES(author), image_url=VALUES(image_url), published_date=VALUES(published_date), publisher=VALUES(publisher);
INSERT INTO book_detail (isbn, sold_out, free_shipping, list_price, sale_price, author_bio, book_description) VALUES ('9791161435862', 0, 0, 8000, 8000, '써니 김 (지은이)에 대한 간단 소개입니다.', '저자가 매일 아침마다 전 세계 사람들과 나눈 글을 모아 엮은 묵상집이다. 자신만의 터널을 통과하고 있는 이들에게 격려와 위로가 되는 글들이 담겨 있으며, 묵상을 통해 삶의 여정 가운데 변함없이 붙잡아 주시는 하나님을 만날 수 있다.') ON DUPLICATE KEY UPDATE sold_out=VALUES(sold_out), free_shipping=VALUES(free_shipping), list_price=VALUES(list_price), sale_price=VALUES(sale_price), author_bio=VALUES(author_bio), book_description=VALUES(book_description);
INSERT INTO book (isbn, title, subtitle, author, image_url, published_date, publisher) VALUES ('9791166840395', '신한국 책략 4.0 - 북한 핵위협과 한반도 안보, 제3판', '신한국책략40북한핵위협과한반도안보,제3판', '김우상 (지은이)', 'https://image.aladin.co.kr/product/27835/9/cover/k462734788_1.jpg', '2021-08-20', '세창출판사(세창미디어)') ON DUPLICATE KEY UPDATE title=VALUES(title), subtitle=VALUES(subtitle), author=VALUES(author), image_url=VALUES(image_url), published_date=VALUES(published_date), publisher=VALUES(publisher);
INSERT INTO book_detail (isbn, sold_out, free_shipping, list_price, sale_price, author_bio, book_description) VALUES ('9791166840395', 0, 1, 23000, 23000, '김우상 (지은이)에 대한 간단 소개입니다.', '제3판에는 2019년 1월에 개정한 &lt;신한국책략 4.0&gt;을 한 번 더 개정하여 문재인정부와 트럼프정부의 한반도 비핵화에 관한 성과, 바이든정부의 출범과 미.중 경쟁의 심화, 미.중 사이에서 한국이 취해야 할 입장 및 한.미동맹 강화 방안 등에 관한 입장을 밝혔다.') ON DUPLICATE KEY UPDATE sold_out=VALUES(sold_out), free_shipping=VALUES(free_shipping), list_price=VALUES(list_price), sale_price=VALUES(sale_price), author_bio=VALUES(author_bio), book_description=VALUES(book_description);
INSERT INTO book (isbn, title, subtitle, author, image_url, published_date, publisher) VALUES ('9791166632617', '살아감을 사랑한다는 건', '살아감을사랑한다는건', '정정현', 'https://bookthumb-phinf.pstatic.net/cover/208/880/20888056.jpg?type=m1&udate=20210903', '2021-08-31', '북팟') ON DUPLICATE KEY UPDATE title=VALUES(title), subtitle=VALUES(subtitle), author=VALUES(author), image_url=VALUES(image_url), published_date=VALUES(published_date), publisher=VALUES(publisher);
INSERT INTO book_detail (isbn, sold_out, free_shipping, list_price, sale_price, author_bio, book_description) VALUES ('9791166632617', 0, 1, 22000, 22000, '정정현에 대한 간단 소개입니다.', '사람을 사랑하는 데 걸리는 시간은 3초. 그런데 평생을 살아가도 우리는 우리가 살아가는 삶을 사랑하지 못한다. 애증(愛憎)이라는 말이 적절한 관계. 나와 나 사이. 그런 당신이 당신의 살아감을 조금 더 사랑스럽게 바라볼 수 있도록, 누군가를 사랑했고, 이별했고, 또는 자책했고, 추억하고, 그리워하는, 또...') ON DUPLICATE KEY UPDATE sold_out=VALUES(sold_out), free_shipping=VALUES(free_shipping), list_price=VALUES(list_price), sale_price=VALUES(sale_price), author_bio=VALUES(author_bio), book_description=VALUES(book_description);
INSERT INTO book (isbn, title, subtitle, author, image_url, published_date, publisher) VALUES ('9791166632594', '핵심비결 내가보는 셀프사주 (컬러판) (사주는 과학, 이제 직접 풀어 보자)', '핵심비결내가보는셀프사주컬러판사주는과학,이제직접풀어보자', '차카니', 'https://bookthumb-phinf.pstatic.net/cover/209/057/20905703.jpg?type=m1&udate=20210903', '2021-09-03', '북팟') ON DUPLICATE KEY UPDATE title=VALUES(title), subtitle=VALUES(subtitle), author=VALUES(author), image_url=VALUES(image_url), published_date=VALUES(published_date), publisher=VALUES(publisher);
INSERT INTO book_detail (isbn, sold_out, free_shipping, list_price, sale_price, author_bio, book_description) VALUES ('9791166632594', 0, 1, 23000, 23000, '차카니에 대한 간단 소개입니다.', '''핵심비결 내가보는 셀프사주'' 의 내용 - 사주팔자의 기초적인 부분인 음양오행을 비롯한 천간과 지지, 지장간 등 기본적인 부분은 확실히 정리해 두었습니다.- 처음 만세력을 접하신 분들을 기준으로 만세력 보는 법 및 각종 명칭에 대해 정리했습니다.- 사주의 강/약을 확인하는 부분 그리고 이를 해석하는 육신...') ON DUPLICATE KEY UPDATE sold_out=VALUES(sold_out), free_shipping=VALUES(free_shipping), list_price=VALUES(list_price), sale_price=VALUES(sale_price), author_bio=VALUES(author_bio), book_description=VALUES(book_description);
INSERT INTO book (isbn, title, subtitle, author, image_url, published_date, publisher) VALUES ('9791166632556', '이런 삶을 어떻게 견뎌야 하죠 (이정수 희곡집)', '이런삶을어떻게견뎌야하죠이정수희곡집', '이정수', 'https://bookthumb-phinf.pstatic.net/cover/209/056/20905679.jpg?type=m1&udate=20210903', '2021-08-31', '북팟') ON DUPLICATE KEY UPDATE title=VALUES(title), subtitle=VALUES(subtitle), author=VALUES(author), image_url=VALUES(image_url), published_date=VALUES(published_date), publisher=VALUES(publisher);
INSERT INTO book_detail (isbn, sold_out, free_shipping, list_price, sale_price, author_bio, book_description) VALUES ('9791166632556', 0, 0, 11000, 11000, '이정수에 대한 간단 소개입니다.', '안네 2009 - 전쟁과 평화가 하나의 관광상품처럼 되어 버린 이 시대에 작가는 어린이들에게 어른들의 전쟁은 무엇인지, 어른들의 평화가 어린이들에게도 평화인지 묻고 있다. 정의를 상징하는‘백의’와 불의를 상징하는‘적의’의 대립을 통해 정의란 무엇인가에 대한 극적인 접근과 답을 구해보고자...') ON DUPLICATE KEY UPDATE sold_out=VALUES(sold_out), free_shipping=VALUES(free_shipping), list_price=VALUES(list_price), sale_price=VALUES(sale_price), author_bio=VALUES(author_bio), book_description=VALUES(book_description);
INSERT INTO book (isbn, title, subtitle, author, image_url, published_date, publisher) VALUES ('9791161435909', '지금 읽어야 할 계시록 Return to the Lord', '지금읽어야할계시록returntothelord', '황수경 (지은이)', 'https://image.aladin.co.kr/product/27882/41/cover/k442734896_1.jpg', '2021-07-30', '쿰란출판사') ON DUPLICATE KEY UPDATE title=VALUES(title), subtitle=VALUES(subtitle), author=VALUES(author), image_url=VALUES(image_url), published_date=VALUES(published_date), publisher=VALUES(publisher);
INSERT INTO book_detail (isbn, sold_out, free_shipping, list_price, sale_price, author_bio, book_description) VALUES ('9791161435909', 0, 0, 10000, 10000, '황수경 (지은이)에 대한 간단 소개입니다.', '저자는 해석이나 주석에만 의지하지 않고 성경 안에서 답을 찾고자 계시록을 읽고 또 읽으면서 가이드라인을 정해 이 책을 써 내려갔다. 계시록을 더 이해하기를 바라고, 말씀에 갈급한 이들에게 큰 도움이 되는 책이다.') ON DUPLICATE KEY UPDATE sold_out=VALUES(sold_out), free_shipping=VALUES(free_shipping), list_price=VALUES(list_price), sale_price=VALUES(sale_price), author_bio=VALUES(author_bio), book_description=VALUES(book_description);
INSERT INTO book (isbn, title, subtitle, author, image_url, published_date, publisher) VALUES ('9791166632549', '아름다운 고국의 산과 바다여! :', '아름다운고국의산과바다여', '조명철 지음', NULL, '2025-03-29', 'Bookpod(북팟)') ON DUPLICATE KEY UPDATE title=VALUES(title), subtitle=VALUES(subtitle), author=VALUES(author), image_url=VALUES(image_url), published_date=VALUES(published_date), publisher=VALUES(publisher);
INSERT INTO book_detail (isbn, sold_out, free_shipping, list_price, sale_price, author_bio, book_description) VALUES ('9791166632549', 0, 0, NULL, NULL, '조명철 지음에 대한 간단 소개입니다.', '아름다운 고국의 산과 바다여! : — 아름다운고국의산과바다여에 대한 자동 생성 소개입니다.') ON DUPLICATE KEY UPDATE sold_out=VALUES(sold_out), free_shipping=VALUES(free_shipping), list_price=VALUES(list_price), sale_price=VALUES(sale_price), author_bio=VALUES(author_bio), book_description=VALUES(book_description);
INSERT INTO book (isbn, title, subtitle, author, image_url, published_date, publisher) VALUES ('9791161435640', '내가 걸은 한국문화, 한국교회 - 1952-2021, 69년의 서사', '내가걸은한국문화,한국교회19522021,69년의서사', '안준배 (지은이)', 'https://image.aladin.co.kr/product/27709/88/cover/k512733446_1.jpg', '2021-06-25', '쿰란출판사') ON DUPLICATE KEY UPDATE title=VALUES(title), subtitle=VALUES(subtitle), author=VALUES(author), image_url=VALUES(image_url), published_date=VALUES(published_date), publisher=VALUES(publisher);
INSERT INTO book_detail (isbn, sold_out, free_shipping, list_price, sale_price, author_bio, book_description) VALUES ('9791161435640', 0, 1, 20000, 20000, '안준배 (지은이)에 대한 간단 소개입니다.', '내가 걸은 한국문화, 한국교회 - 1952-2021, 69년의 서사 — 내가걸은한국문화,한국교회19522021,69년의서사에 대한 자동 생성 소개입니다.') ON DUPLICATE KEY UPDATE sold_out=VALUES(sold_out), free_shipping=VALUES(free_shipping), list_price=VALUES(list_price), sale_price=VALUES(sale_price), author_bio=VALUES(author_bio), book_description=VALUES(book_description);
INSERT INTO book (isbn, title, subtitle, author, image_url, published_date, publisher) VALUES ('9791166632457', '감사의 레시피 (컬러판) (스토리가 있는 행복나무의 자연식 사찰음식 두 번째 이야기)', '감사의레시피컬러판스토리가있는행복나무의자연식사찰음식두번째이야기', '홍지우', 'https://bookthumb-phinf.pstatic.net/cover/209/057/20905706.jpg?type=m1&udate=20210903', '2021-09-03', '북팟') ON DUPLICATE KEY UPDATE title=VALUES(title), subtitle=VALUES(subtitle), author=VALUES(author), image_url=VALUES(image_url), published_date=VALUES(published_date), publisher=VALUES(publisher);
INSERT INTO book_detail (isbn, sold_out, free_shipping, list_price, sale_price, author_bio, book_description) VALUES ('9791166632457', 0, 1, 23000, 23000, '홍지우에 대한 간단 소개입니다.', '2권 감사의 레시피로 고마운 마음을 전합니다.유명한 작가도 아닌 행복나무의 &lt;스토리가 있는 행복나무의 자연식 사찰음식 노트&gt;를 구매하신 분들에게 어떻게 고마운 마음을 전할까 생각했습니다.아이들이 쓰던 미술도구로 그리고싶었던 그림을 그리다 연꽃을 그리게 되었습니다. 레시피도 삽화를...') ON DUPLICATE KEY UPDATE sold_out=VALUES(sold_out), free_shipping=VALUES(free_shipping), list_price=VALUES(list_price), sale_price=VALUES(sale_price), author_bio=VALUES(author_bio), book_description=VALUES(book_description);
INSERT INTO book (isbn, title, subtitle, author, image_url, published_date, publisher) VALUES ('9791166632471', '전심전력	크리스천 청년들에게 보내는 편지 (크리스천 청년들에게 보내는 편지)', '전심전력크리스천청년들에게보내는편지크리스천청년들에게보내는편지', '강민수', 'https://bookthumb-phinf.pstatic.net/cover/208/880/20888058.jpg?type=m1&udate=20210903', '2021-08-31', '북팟') ON DUPLICATE KEY UPDATE title=VALUES(title), subtitle=VALUES(subtitle), author=VALUES(author), image_url=VALUES(image_url), published_date=VALUES(published_date), publisher=VALUES(publisher);
INSERT INTO book_detail (isbn, sold_out, free_shipping, list_price, sale_price, author_bio, book_description) VALUES ('9791166632471', 0, 0, 8500, 8500, '강민수에 대한 간단 소개입니다.', '사랑의교회 대학부 리더로 세움 받아 현재까지 섬기고 있는 저자는 길을 잃어버린 크리스천 청년들에게 세상을 살아가는 방법과 진심어린 격려와 위로를 전달하기 위해 「전심전력: 크리스천 청년들에게 보내는 편지」를 출간했다.저자는예배회복, 복음진리, 함께회복, STAND ON YOUR FEET의 시리즈로 연재한...') ON DUPLICATE KEY UPDATE sold_out=VALUES(sold_out), free_shipping=VALUES(free_shipping), list_price=VALUES(list_price), sale_price=VALUES(sale_price), author_bio=VALUES(author_bio), book_description=VALUES(book_description);
INSERT INTO book (isbn, title, subtitle, author, image_url, published_date, publisher) VALUES ('9791166632464', '미 상', '미상', '송희네|류바', 'https://bookthumb-phinf.pstatic.net/cover/208/881/20888158.jpg?type=m1&udate=20210903', '2021-08-31', '북팟') ON DUPLICATE KEY UPDATE title=VALUES(title), subtitle=VALUES(subtitle), author=VALUES(author), image_url=VALUES(image_url), published_date=VALUES(published_date), publisher=VALUES(publisher);
INSERT INTO book_detail (isbn, sold_out, free_shipping, list_price, sale_price, author_bio, book_description) VALUES ('9791166632464', 0, 0, 6200, 6200, '송희네|류바에 대한 간단 소개입니다.', '사랑, 외로움.인간을 본질적으로 고통스럽게 하는 감정을 겪으면서 우리는 어떻게 극복해나가야 할까요.아픔을 잊을 수 있는 완벽한 방법은 있을까요우리는 이렇게 무뎌져 가야만 할까요') ON DUPLICATE KEY UPDATE sold_out=VALUES(sold_out), free_shipping=VALUES(free_shipping), list_price=VALUES(list_price), sale_price=VALUES(sale_price), author_bio=VALUES(author_bio), book_description=VALUES(book_description);
INSERT INTO book (isbn, title, subtitle, author, image_url, published_date, publisher) VALUES ('9788999724572', '가족치료의 기술 :', '가족치료의기술', 'J. Patterson', NULL, '2022-11-25', '학지사') ON DUPLICATE KEY UPDATE title=VALUES(title), subtitle=VALUES(subtitle), author=VALUES(author), image_url=VALUES(image_url), published_date=VALUES(published_date), publisher=VALUES(publisher);
INSERT INTO book_detail (isbn, sold_out, free_shipping, list_price, sale_price, author_bio, book_description) VALUES ('9788999724572', 0, 0, NULL, NULL, 'J. Patterson에 대한 간단 소개입니다.', '가족치료의 기술 : — 가족치료의기술에 대한 자동 생성 소개입니다.') ON DUPLICATE KEY UPDATE sold_out=VALUES(sold_out), free_shipping=VALUES(free_shipping), list_price=VALUES(list_price), sale_price=VALUES(sale_price), author_bio=VALUES(author_bio), book_description=VALUES(book_description);
INSERT INTO book (isbn, title, subtitle, author, image_url, published_date, publisher) VALUES ('9791166632396', '성공하는 기업에서 성장하는 기업으로 (컬러판) (자영업자로 10년 살아남기)', '성공하는기업에서성장하는기업으로컬러판자영업자로10년살아남기', '송영렬', 'https://bookthumb-phinf.pstatic.net/cover/209/057/20905796.jpg?type=m1&udate=20210903', '2021-09-02', '북팟') ON DUPLICATE KEY UPDATE title=VALUES(title), subtitle=VALUES(subtitle), author=VALUES(author), image_url=VALUES(image_url), published_date=VALUES(published_date), publisher=VALUES(publisher);
INSERT INTO book_detail (isbn, sold_out, free_shipping, list_price, sale_price, author_bio, book_description) VALUES ('9791166632396', 0, 1, 22500, 22500, '송영렬에 대한 간단 소개입니다.', '17년 전 어느날 미래를 위한 고민을 하면서 직장에서 직업으로 선택을 했습니다.그리고 17년을 유지하면서 느끼고 고민했던 내용들을 같이 공유하고자 합니다. 성공은 과정이고 성장이 목표라는 것입니다.고민하고 느끼고 고민했던 부분들을 공유하면서 더 발전하고자 합니다.') ON DUPLICATE KEY UPDATE sold_out=VALUES(sold_out), free_shipping=VALUES(free_shipping), list_price=VALUES(list_price), sale_price=VALUES(sale_price), author_bio=VALUES(author_bio), book_description=VALUES(book_description);
INSERT INTO book (isbn, title, subtitle, author, image_url, published_date, publisher) VALUES ('9788999724657', '(초보자를 위한) 학위논문 작성법 =', '초보자를위한학위논문작성법', '김혜숙', NULL, '2022-02-07', '학지사') ON DUPLICATE KEY UPDATE title=VALUES(title), subtitle=VALUES(subtitle), author=VALUES(author), image_url=VALUES(image_url), published_date=VALUES(published_date), publisher=VALUES(publisher);
INSERT INTO book_detail (isbn, sold_out, free_shipping, list_price, sale_price, author_bio, book_description) VALUES ('9788999724657', 0, 0, NULL, NULL, '김혜숙에 대한 간단 소개입니다.', '(초보자를 위한) 학위논문 작성법 = — 초보자를위한학위논문작성법에 대한 자동 생성 소개입니다.') ON DUPLICATE KEY UPDATE sold_out=VALUES(sold_out), free_shipping=VALUES(free_shipping), list_price=VALUES(list_price), sale_price=VALUES(sale_price), author_bio=VALUES(author_bio), book_description=VALUES(book_description);
INSERT INTO book (isbn, title, subtitle, author, image_url, published_date, publisher) VALUES ('9788959728374', 'IFRS 회계원리', 'ifrs회계원리', '박선영', 'https://image.aladin.co.kr/product/27925/51/cover/8959728373_1.jpg', '2021-08-30', '청람') ON DUPLICATE KEY UPDATE title=VALUES(title), subtitle=VALUES(subtitle), author=VALUES(author), image_url=VALUES(image_url), published_date=VALUES(published_date), publisher=VALUES(publisher);
INSERT INTO book_detail (isbn, sold_out, free_shipping, list_price, sale_price, author_bio, book_description) VALUES ('9788959728374', 0, 1, 23000, 23000, '박선영에 대한 간단 소개입니다.', '모두 4부(13장)로 구성되어 있다. 제1부는 회계의 기초개념, 제2부는 회계의 순환과정, 제3부는 계정과목별 회계처리, 제4부는 회계정보의 활용을 다루고 있다.') ON DUPLICATE KEY UPDATE sold_out=VALUES(sold_out), free_shipping=VALUES(free_shipping), list_price=VALUES(list_price), sale_price=VALUES(sale_price), author_bio=VALUES(author_bio), book_description=VALUES(book_description);
INSERT INTO book (isbn, title, subtitle, author, image_url, published_date, publisher) VALUES ('9791197452093', '누구나 백만장자 실전(블러그 유튜브 스마트폰으로)', '누구나백만장자실전블러그유튜브스마트폰으로', '오연근', 'https://bookthumb-phinf.pstatic.net/cover/209/191/20919136.jpg?type=m1&udate=20210908', '2021-09-08', '더스페이스') ON DUPLICATE KEY UPDATE title=VALUES(title), subtitle=VALUES(subtitle), author=VALUES(author), image_url=VALUES(image_url), published_date=VALUES(published_date), publisher=VALUES(publisher);
INSERT INTO book_detail (isbn, sold_out, free_shipping, list_price, sale_price, author_bio, book_description) VALUES ('9791197452093', 0, 1, 49900, 49900, '오연근에 대한 간단 소개입니다.', '누구나 백만장자 실전(블러그 유튜브 스마트폰으로) — 누구나백만장자실전블러그유튜브스마트폰으로에 대한 자동 생성 소개입니다.') ON DUPLICATE KEY UPDATE sold_out=VALUES(sold_out), free_shipping=VALUES(free_shipping), list_price=VALUES(list_price), sale_price=VALUES(sale_price), author_bio=VALUES(author_bio), book_description=VALUES(book_description);
INSERT INTO book (isbn, title, subtitle, author, image_url, published_date, publisher) VALUES ('9791166632389', '사진 경계 해체 (컬러판) (사진미학 디지털 이미지론 명상에 관한 사진문집)', '사진경계해체컬러판사진미학디지털이미지론명상에관한사진문집', '김성훈', 'https://bookthumb-phinf.pstatic.net/cover/209/057/20905701.jpg?type=m1&udate=20210903', '2021-09-03', '북팟') ON DUPLICATE KEY UPDATE title=VALUES(title), subtitle=VALUES(subtitle), author=VALUES(author), image_url=VALUES(image_url), published_date=VALUES(published_date), publisher=VALUES(publisher);
INSERT INTO book_detail (isbn, sold_out, free_shipping, list_price, sale_price, author_bio, book_description) VALUES ('9791166632389', 0, 0, 14000, 14000, '김성훈에 대한 간단 소개입니다.', '사진미학 디지털 이미지론 명상에 관한 사진문집이다.모호하고 혼돈스러운 세상에서 대상의 내면과 감각의 상상력에 대한 사진(이미지)이라는 환유적 확장의 힘을 생각하는, 고독하지만 자유로운 오감만족 자유산책자,하이브리드 문화 향유자가 엮어낸 이미지와 텍스트로 이루어진 작품집이다.오래 보고 생각할...') ON DUPLICATE KEY UPDATE sold_out=VALUES(sold_out), free_shipping=VALUES(free_shipping), list_price=VALUES(list_price), sale_price=VALUES(sale_price), author_bio=VALUES(author_bio), book_description=VALUES(book_description);
INSERT INTO book (isbn, title, subtitle, author, image_url, published_date, publisher) VALUES ('9788959728367', '(개념을 알면 쉬운) 재무회계 =', '개념을알면쉬운재무회계', '저자: 윤재원', NULL, '2023-09-02', '청람') ON DUPLICATE KEY UPDATE title=VALUES(title), subtitle=VALUES(subtitle), author=VALUES(author), image_url=VALUES(image_url), published_date=VALUES(published_date), publisher=VALUES(publisher);
INSERT INTO book_detail (isbn, sold_out, free_shipping, list_price, sale_price, author_bio, book_description) VALUES ('9788959728367', 0, 0, NULL, NULL, '저자: 윤재원에 대한 간단 소개입니다.', '(개념을 알면 쉬운) 재무회계 = — 개념을알면쉬운재무회계에 대한 자동 생성 소개입니다.') ON DUPLICATE KEY UPDATE sold_out=VALUES(sold_out), free_shipping=VALUES(free_shipping), list_price=VALUES(list_price), sale_price=VALUES(sale_price), author_bio=VALUES(author_bio), book_description=VALUES(book_description);
INSERT INTO book (isbn, title, subtitle, author, image_url, published_date, publisher) VALUES ('9791166632365', '문화유산을 읽는 새로운 시각, 빅데이터 (고고미술사학과 대학원생들의 빅데이터 체험기)', '문화유산을읽는새로운시각,빅데이터고고미술사학과대학원생들의빅데이터체험기', '김민서|김수정|김예은|김재원', 'https://bookthumb-phinf.pstatic.net/cover/208/880/20888057.jpg?type=m1&udate=20210903', '2021-08-31', '북팟') ON DUPLICATE KEY UPDATE title=VALUES(title), subtitle=VALUES(subtitle), author=VALUES(author), image_url=VALUES(image_url), published_date=VALUES(published_date), publisher=VALUES(publisher);
INSERT INTO book_detail (isbn, sold_out, free_shipping, list_price, sale_price, author_bio, book_description) VALUES ('9791166632365', 0, 0, 11000, 11000, '김민서|김수정|김예은|김재원에 대한 간단 소개입니다.', '이 책은 이른바 문과생으로 긴 시간을 살아온 학생들이 어느 날 갑자기 빅데이터를 시작하게 된 이야기이다. 고려대학교 고고미술사학과 전공과목인 &lt;문화유산과 빅데이터&gt; 수업에서 만난 우리는 빅데이터가 미술사나 고고학 분야에 어떻게 적용될 수 있는지 열심히 탐색했고, 서툴지만 천천히 빅데이터와...') ON DUPLICATE KEY UPDATE sold_out=VALUES(sold_out), free_shipping=VALUES(free_shipping), list_price=VALUES(list_price), sale_price=VALUES(sale_price), author_bio=VALUES(author_bio), book_description=VALUES(book_description);
INSERT INTO book (isbn, title, subtitle, author, image_url, published_date, publisher) VALUES ('9788959728305', 'FTA 무역실무 - 제2판', 'fta무역실무제2판', '구종순', 'https://image.aladin.co.kr/product/27890/87/cover/8959728306_1.jpg', '2021-08-20', '청람') ON DUPLICATE KEY UPDATE title=VALUES(title), subtitle=VALUES(subtitle), author=VALUES(author), image_url=VALUES(image_url), published_date=VALUES(published_date), publisher=VALUES(publisher);
INSERT INTO book_detail (isbn, sold_out, free_shipping, list_price, sale_price, author_bio, book_description) VALUES ('9788959728305', 0, 1, 28000, 28000, '구종순에 대한 간단 소개입니다.', '최근 우리나라 무역의 화두인 FTA를 염두에 두고 이에 걸맞는 무역실무를 체계화한 것이다. 모두 12개장으로 구성되어 있고 그 내용에 따라 크게 2부로 나누었다.') ON DUPLICATE KEY UPDATE sold_out=VALUES(sold_out), free_shipping=VALUES(free_shipping), list_price=VALUES(list_price), sale_price=VALUES(sale_price), author_bio=VALUES(author_bio), book_description=VALUES(book_description);
INSERT INTO book (isbn, title, subtitle, author, image_url, published_date, publisher) VALUES ('9791166632310', 'X의 질문 이정수 희곡집 (당신들은 누구입니까)', 'x의질문이정수희곡집당신들은누구입니까', '이정수', 'https://bookthumb-phinf.pstatic.net/cover/209/057/20905719.jpg?type=m1&udate=20210903', '2021-08-31', '북팟') ON DUPLICATE KEY UPDATE title=VALUES(title), subtitle=VALUES(subtitle), author=VALUES(author), image_url=VALUES(image_url), published_date=VALUES(published_date), publisher=VALUES(publisher);
INSERT INTO book_detail (isbn, sold_out, free_shipping, list_price, sale_price, author_bio, book_description) VALUES ('9791166632310', 0, 0, 11000, 11000, '이정수에 대한 간단 소개입니다.', '바야흐로 바이러스의 시대이다. 우리가 바이러스를 조금이라도 이해하고 그로부터 자유롭고자 원한다면 우리는 사스, 메르스, 코로나19와 같은 구체적 명칭을 버리고 X라는 미지수로 그 모두를 치환해야 한다. 그리고 그 미지수의 진정한 값을 찾기 위한 여정을 떠나야 한다.') ON DUPLICATE KEY UPDATE sold_out=VALUES(sold_out), free_shipping=VALUES(free_shipping), list_price=VALUES(list_price), sale_price=VALUES(sale_price), author_bio=VALUES(author_bio), book_description=VALUES(book_description);
INSERT INTO book (isbn, title, subtitle, author, image_url, published_date, publisher) VALUES ('9788988524541', '경륜과 섭리', '경륜과섭리', '지은이: 김성봉', NULL, '2024-11-12', '나눔과 섬김') ON DUPLICATE KEY UPDATE title=VALUES(title), subtitle=VALUES(subtitle), author=VALUES(author), image_url=VALUES(image_url), published_date=VALUES(published_date), publisher=VALUES(publisher);
INSERT INTO book_detail (isbn, sold_out, free_shipping, list_price, sale_price, author_bio, book_description) VALUES ('9788988524541', 0, 0, NULL, NULL, '지은이: 김성봉에 대한 간단 소개입니다.', '경륜과 섭리 — 경륜과섭리에 대한 자동 생성 소개입니다.') ON DUPLICATE KEY UPDATE sold_out=VALUES(sold_out), free_shipping=VALUES(free_shipping), list_price=VALUES(list_price), sale_price=VALUES(sale_price), author_bio=VALUES(author_bio), book_description=VALUES(book_description);
INSERT INTO book (isbn, title, subtitle, author, image_url, published_date, publisher) VALUES ('9788988524565', '소명과 사명', '소명과사명', '지은이: 김성봉', NULL, '2025-05-20', '나눔과 섬김') ON DUPLICATE KEY UPDATE title=VALUES(title), subtitle=VALUES(subtitle), author=VALUES(author), image_url=VALUES(image_url), published_date=VALUES(published_date), publisher=VALUES(publisher);
INSERT INTO book_detail (isbn, sold_out, free_shipping, list_price, sale_price, author_bio, book_description) VALUES ('9788988524565', 0, 0, NULL, NULL, '지은이: 김성봉에 대한 간단 소개입니다.', '소명과 사명 — 소명과사명에 대한 자동 생성 소개입니다.') ON DUPLICATE KEY UPDATE sold_out=VALUES(sold_out), free_shipping=VALUES(free_shipping), list_price=VALUES(list_price), sale_price=VALUES(sale_price), author_bio=VALUES(author_bio), book_description=VALUES(book_description);
INSERT INTO book (isbn, title, subtitle, author, image_url, published_date, publisher) VALUES ('9791196690045', '당신 그리움에', '당신그리움에', '김정순 (지은이)', 'https://image.aladin.co.kr/product/27958/29/cover/k512734210_1.jpg', '2021-08-23', '도서출판유성') ON DUPLICATE KEY UPDATE title=VALUES(title), subtitle=VALUES(subtitle), author=VALUES(author), image_url=VALUES(image_url), published_date=VALUES(published_date), publisher=VALUES(publisher);
INSERT INTO book_detail (isbn, sold_out, free_shipping, list_price, sale_price, author_bio, book_description) VALUES ('9791196690045', 0, 0, 12000, 12000, '김정순 (지은이)에 대한 간단 소개입니다.', '당신 그리움에 — 당신그리움에에 대한 자동 생성 소개입니다.') ON DUPLICATE KEY UPDATE sold_out=VALUES(sold_out), free_shipping=VALUES(free_shipping), list_price=VALUES(list_price), sale_price=VALUES(sale_price), author_bio=VALUES(author_bio), book_description=VALUES(book_description);
INSERT INTO book (isbn, title, subtitle, author, image_url, published_date, publisher) VALUES ('9791159794520', '선박의 구조와 관리', '선박의구조와관리', '김성규 (지은이)', 'https://image.aladin.co.kr/product/27924/95/cover/k082734604_1.jpg', '2021-08-30', '세종출판사(이길안)') ON DUPLICATE KEY UPDATE title=VALUES(title), subtitle=VALUES(subtitle), author=VALUES(author), image_url=VALUES(image_url), published_date=VALUES(published_date), publisher=VALUES(publisher);
INSERT INTO book_detail (isbn, sold_out, free_shipping, list_price, sale_price, author_bio, book_description) VALUES ('9791159794520', 0, 1, 20000, 20000, '김성규 (지은이)에 대한 간단 소개입니다.', '선박의 구조와 관리 — 선박의구조와관리에 대한 자동 생성 소개입니다.') ON DUPLICATE KEY UPDATE sold_out=VALUES(sold_out), free_shipping=VALUES(free_shipping), list_price=VALUES(list_price), sale_price=VALUES(sale_price), author_bio=VALUES(author_bio), book_description=VALUES(book_description);
INSERT INTO book (isbn, title, subtitle, author, image_url, published_date, publisher) VALUES ('9791159794476', '초록은 동색', '초록은동색', '김흥규 (지은이)', 'https://image.aladin.co.kr/product/27801/14/cover/k202734161_1.jpg', '2021-05-06', '세종출판사(이길안)') ON DUPLICATE KEY UPDATE title=VALUES(title), subtitle=VALUES(subtitle), author=VALUES(author), image_url=VALUES(image_url), published_date=VALUES(published_date), publisher=VALUES(publisher);
INSERT INTO book_detail (isbn, sold_out, free_shipping, list_price, sale_price, author_bio, book_description) VALUES ('9791159794476', 0, 0, 10000, 10000, '김흥규 (지은이)에 대한 간단 소개입니다.', '저자 김흥규의 『초록은 동색』은 〈법산에 부는 바람〉, 〈뿌리깊은 나무〉, 〈낙화되지 않는 꽃〉, 〈파도없는 바다〉 등으로 이루어진 한국현대시집이다.') ON DUPLICATE KEY UPDATE sold_out=VALUES(sold_out), free_shipping=VALUES(free_shipping), list_price=VALUES(list_price), sale_price=VALUES(sale_price), author_bio=VALUES(author_bio), book_description=VALUES(book_description);
INSERT INTO book (isbn, title, subtitle, author, image_url, published_date, publisher) VALUES ('9791197547409', '교리, 설교로 말하다', '교리,설교로말하다', '성기호 지음', NULL, '2023-11-03', '코디엠') ON DUPLICATE KEY UPDATE title=VALUES(title), subtitle=VALUES(subtitle), author=VALUES(author), image_url=VALUES(image_url), published_date=VALUES(published_date), publisher=VALUES(publisher);
INSERT INTO book_detail (isbn, sold_out, free_shipping, list_price, sale_price, author_bio, book_description) VALUES ('9791197547409', 0, 0, NULL, NULL, '성기호 지음에 대한 간단 소개입니다.', '교리, 설교로 말하다 — 교리,설교로말하다에 대한 자동 생성 소개입니다.') ON DUPLICATE KEY UPDATE sold_out=VALUES(sold_out), free_shipping=VALUES(free_shipping), list_price=VALUES(list_price), sale_price=VALUES(sale_price), author_bio=VALUES(author_bio), book_description=VALUES(book_description);
INSERT INTO book (isbn, title, subtitle, author, image_url, published_date, publisher) VALUES ('9791159794513', '시간의 흔적 :', '시간의흔적', '지은이: 박석현', NULL, '2025-01-18', '세종출판사') ON DUPLICATE KEY UPDATE title=VALUES(title), subtitle=VALUES(subtitle), author=VALUES(author), image_url=VALUES(image_url), published_date=VALUES(published_date), publisher=VALUES(publisher);
INSERT INTO book_detail (isbn, sold_out, free_shipping, list_price, sale_price, author_bio, book_description) VALUES ('9791159794513', 0, 0, NULL, NULL, '지은이: 박석현에 대한 간단 소개입니다.', '시간의 흔적 : — 시간의흔적에 대한 자동 생성 소개입니다.') ON DUPLICATE KEY UPDATE sold_out=VALUES(sold_out), free_shipping=VALUES(free_shipping), list_price=VALUES(list_price), sale_price=VALUES(sale_price), author_bio=VALUES(author_bio), book_description=VALUES(book_description);
INSERT INTO book (isbn, title, subtitle, author, image_url, published_date, publisher) VALUES ('9791197547492', '웨슬리신학과 사중복음', '웨슬리신학과사중복음', '김영택 지음', NULL, '2024-08-19', '코디엠') ON DUPLICATE KEY UPDATE title=VALUES(title), subtitle=VALUES(subtitle), author=VALUES(author), image_url=VALUES(image_url), published_date=VALUES(published_date), publisher=VALUES(publisher);
INSERT INTO book_detail (isbn, sold_out, free_shipping, list_price, sale_price, author_bio, book_description) VALUES ('9791197547492', 0, 0, NULL, NULL, '김영택 지음에 대한 간단 소개입니다.', '웨슬리신학과 사중복음 — 웨슬리신학과사중복음에 대한 자동 생성 소개입니다.') ON DUPLICATE KEY UPDATE sold_out=VALUES(sold_out), free_shipping=VALUES(free_shipping), list_price=VALUES(list_price), sale_price=VALUES(sale_price), author_bio=VALUES(author_bio), book_description=VALUES(book_description);
INSERT INTO book (isbn, title, subtitle, author, image_url, published_date, publisher) VALUES ('9791159794452', '통도사 :', '통도사', '지은이: 정영자', NULL, '2024-10-10', '세종출판사') ON DUPLICATE KEY UPDATE title=VALUES(title), subtitle=VALUES(subtitle), author=VALUES(author), image_url=VALUES(image_url), published_date=VALUES(published_date), publisher=VALUES(publisher);
INSERT INTO book_detail (isbn, sold_out, free_shipping, list_price, sale_price, author_bio, book_description) VALUES ('9791159794452', 0, 0, NULL, NULL, '지은이: 정영자에 대한 간단 소개입니다.', '통도사 : — 통도사에 대한 자동 생성 소개입니다.') ON DUPLICATE KEY UPDATE sold_out=VALUES(sold_out), free_shipping=VALUES(free_shipping), list_price=VALUES(list_price), sale_price=VALUES(sale_price), author_bio=VALUES(author_bio), book_description=VALUES(book_description);
INSERT INTO book (isbn, title, subtitle, author, image_url, published_date, publisher) VALUES ('9791190491464', '전남 여성농업인 실태 분석과 정책과제 =', '전남여성농업인실태분석과정책과제', '연구책임: 서정원', NULL, '2024-04-02', '광주전남연구원') ON DUPLICATE KEY UPDATE title=VALUES(title), subtitle=VALUES(subtitle), author=VALUES(author), image_url=VALUES(image_url), published_date=VALUES(published_date), publisher=VALUES(publisher);
INSERT INTO book_detail (isbn, sold_out, free_shipping, list_price, sale_price, author_bio, book_description) VALUES ('9791190491464', 0, 0, NULL, NULL, '연구책임: 서정원에 대한 간단 소개입니다.', '전남 여성농업인 실태 분석과 정책과제 = — 전남여성농업인실태분석과정책과제에 대한 자동 생성 소개입니다.') ON DUPLICATE KEY UPDATE sold_out=VALUES(sold_out), free_shipping=VALUES(free_shipping), list_price=VALUES(list_price), sale_price=VALUES(sale_price), author_bio=VALUES(author_bio), book_description=VALUES(book_description);
INSERT INTO book (isbn, title, subtitle, author, image_url, published_date, publisher) VALUES ('9791190491471', '전남 어촌체험마을 활성화 방안 연구 =', '전남어촌체험마을활성화방안연구', '연구책임: 박은옥', NULL, '2022-03-21', '광주전남연구원') ON DUPLICATE KEY UPDATE title=VALUES(title), subtitle=VALUES(subtitle), author=VALUES(author), image_url=VALUES(image_url), published_date=VALUES(published_date), publisher=VALUES(publisher);
INSERT INTO book_detail (isbn, sold_out, free_shipping, list_price, sale_price, author_bio, book_description) VALUES ('9791190491471', 0, 0, NULL, NULL, '연구책임: 박은옥에 대한 간단 소개입니다.', '전남 어촌체험마을 활성화 방안 연구 = — 전남어촌체험마을활성화방안연구에 대한 자동 생성 소개입니다.') ON DUPLICATE KEY UPDATE sold_out=VALUES(sold_out), free_shipping=VALUES(free_shipping), list_price=VALUES(list_price), sale_price=VALUES(sale_price), author_bio=VALUES(author_bio), book_description=VALUES(book_description);
INSERT INTO book (isbn, title, subtitle, author, image_url, published_date, publisher) VALUES ('9788999724930', '교육정책학', '교육정책학', '정일환', 'https://image.aladin.co.kr/product/27902/29/cover/899972493x_1.jpg', '2021-09-15', '학지사') ON DUPLICATE KEY UPDATE title=VALUES(title), subtitle=VALUES(subtitle), author=VALUES(author), image_url=VALUES(image_url), published_date=VALUES(published_date), publisher=VALUES(publisher);
INSERT INTO book_detail (isbn, sold_out, free_shipping, list_price, sale_price, author_bio, book_description) VALUES ('9788999724930', 0, 0, 19000, 19000, '정일환에 대한 간단 소개입니다.', '『교육정책학』은 전체 2부로 구성하였다. 제1부 ‘교육정책학의 기초’에서 제1장은 교육정책의 의의와 특성을 기술하였으며, 제2장에서는 교육정책학의 학문적 성격을 규명하고, 교육정책학의 패러다임에 관하여 논의하였다. 제3장에서는 교육정책분석의 이념과 가치에 대해 기술하였으며, 제4장에서는...') ON DUPLICATE KEY UPDATE sold_out=VALUES(sold_out), free_shipping=VALUES(free_shipping), list_price=VALUES(list_price), sale_price=VALUES(sale_price), author_bio=VALUES(author_bio), book_description=VALUES(book_description);
INSERT INTO book (isbn, title, subtitle, author, image_url, published_date, publisher) VALUES ('9791190340977', '디자인이 궁금해? :', '디자인이궁금해', '글: 윤성원', NULL, '2025-05-23', '한국디자인진흥원 디자인혁신실') ON DUPLICATE KEY UPDATE title=VALUES(title), subtitle=VALUES(subtitle), author=VALUES(author), image_url=VALUES(image_url), published_date=VALUES(published_date), publisher=VALUES(publisher);
INSERT INTO book_detail (isbn, sold_out, free_shipping, list_price, sale_price, author_bio, book_description) VALUES ('9791190340977', 0, 0, NULL, NULL, '글: 윤성원에 대한 간단 소개입니다.', '디자인이 궁금해? : — 디자인이궁금해에 대한 자동 생성 소개입니다.') ON DUPLICATE KEY UPDATE sold_out=VALUES(sold_out), free_shipping=VALUES(free_shipping), list_price=VALUES(list_price), sale_price=VALUES(sale_price), author_bio=VALUES(author_bio), book_description=VALUES(book_description);
INSERT INTO book (isbn, title, subtitle, author, image_url, published_date, publisher) VALUES ('9788961204507', '알기쉬운 UCI :', '알기쉬운uci', '한국저작권위원회 [편]', NULL, '2022-07-14', '한국저작권위원회') ON DUPLICATE KEY UPDATE title=VALUES(title), subtitle=VALUES(subtitle), author=VALUES(author), image_url=VALUES(image_url), published_date=VALUES(published_date), publisher=VALUES(publisher);
INSERT INTO book_detail (isbn, sold_out, free_shipping, list_price, sale_price, author_bio, book_description) VALUES ('9788961204507', 0, 0, NULL, NULL, '한국저작권위원회 [편]에 대한 간단 소개입니다.', '알기쉬운 UCI : — 알기쉬운uci에 대한 자동 생성 소개입니다.') ON DUPLICATE KEY UPDATE sold_out=VALUES(sold_out), free_shipping=VALUES(free_shipping), list_price=VALUES(list_price), sale_price=VALUES(sale_price), author_bio=VALUES(author_bio), book_description=VALUES(book_description);
INSERT INTO book (isbn, title, subtitle, author, image_url, published_date, publisher) VALUES ('9788961204309', '저작권 분쟁조정 사례집.', '저작권분쟁조정사례집', '집필: 정은주', NULL, '2025-03-01', '한국저작권위원회') ON DUPLICATE KEY UPDATE title=VALUES(title), subtitle=VALUES(subtitle), author=VALUES(author), image_url=VALUES(image_url), published_date=VALUES(published_date), publisher=VALUES(publisher);
INSERT INTO book_detail (isbn, sold_out, free_shipping, list_price, sale_price, author_bio, book_description) VALUES ('9788961204309', 0, 0, NULL, NULL, '집필: 정은주에 대한 간단 소개입니다.', '저작권 분쟁조정 사례집. — 저작권분쟁조정사례집에 대한 자동 생성 소개입니다.') ON DUPLICATE KEY UPDATE sold_out=VALUES(sold_out), free_shipping=VALUES(free_shipping), list_price=VALUES(list_price), sale_price=VALUES(sale_price), author_bio=VALUES(author_bio), book_description=VALUES(book_description);
INSERT INTO book (isbn, title, subtitle, author, image_url, published_date, publisher) VALUES ('9788961204316', '저작권 동향 2019', '저작권동향2019', '한국저작권위원회 [편]', NULL, '2024-11-14', '한국저작권위원회') ON DUPLICATE KEY UPDATE title=VALUES(title), subtitle=VALUES(subtitle), author=VALUES(author), image_url=VALUES(image_url), published_date=VALUES(published_date), publisher=VALUES(publisher);
INSERT INTO book_detail (isbn, sold_out, free_shipping, list_price, sale_price, author_bio, book_description) VALUES ('9788961204316', 0, 0, NULL, NULL, '한국저작권위원회 [편]에 대한 간단 소개입니다.', '저작권 동향 2019 — 저작권동향2019에 대한 자동 생성 소개입니다.') ON DUPLICATE KEY UPDATE sold_out=VALUES(sold_out), free_shipping=VALUES(free_shipping), list_price=VALUES(list_price), sale_price=VALUES(sale_price), author_bio=VALUES(author_bio), book_description=VALUES(book_description);
INSERT INTO book (isbn, title, subtitle, author, image_url, published_date, publisher) VALUES ('9788961204354', '저작인접권자 보호 연혁에 관한 분석 연구', '저작인접권자보호연혁에관한분석연구', '연구수행기관: 부산대학교', NULL, '2025-02-12', '한국저작권위원회') ON DUPLICATE KEY UPDATE title=VALUES(title), subtitle=VALUES(subtitle), author=VALUES(author), image_url=VALUES(image_url), published_date=VALUES(published_date), publisher=VALUES(publisher);
INSERT INTO book_detail (isbn, sold_out, free_shipping, list_price, sale_price, author_bio, book_description) VALUES ('9788961204354', 0, 0, NULL, NULL, '연구수행기관: 부산대학교에 대한 간단 소개입니다.', '저작인접권자 보호 연혁에 관한 분석 연구 — 저작인접권자보호연혁에관한분석연구에 대한 자동 생성 소개입니다.') ON DUPLICATE KEY UPDATE sold_out=VALUES(sold_out), free_shipping=VALUES(free_shipping), list_price=VALUES(list_price), sale_price=VALUES(sale_price), author_bio=VALUES(author_bio), book_description=VALUES(book_description);
INSERT INTO book (isbn, title, subtitle, author, image_url, published_date, publisher) VALUES ('9791159794551', '자화상 :', '자화상', '지은이: 정영자', NULL, '2022-04-03', '세종출판사') ON DUPLICATE KEY UPDATE title=VALUES(title), subtitle=VALUES(subtitle), author=VALUES(author), image_url=VALUES(image_url), published_date=VALUES(published_date), publisher=VALUES(publisher);
INSERT INTO book_detail (isbn, sold_out, free_shipping, list_price, sale_price, author_bio, book_description) VALUES ('9791159794551', 0, 0, NULL, NULL, '지은이: 정영자에 대한 간단 소개입니다.', '자화상 : — 자화상에 대한 자동 생성 소개입니다.') ON DUPLICATE KEY UPDATE sold_out=VALUES(sold_out), free_shipping=VALUES(free_shipping), list_price=VALUES(list_price), sale_price=VALUES(sale_price), author_bio=VALUES(author_bio), book_description=VALUES(book_description);
INSERT INTO book (isbn, title, subtitle, author, image_url, published_date, publisher) VALUES ('9788999724916', '검사제작과 분석', '검사제작과분석', '신진아 (지은이)', 'https://image.aladin.co.kr/product/27890/48/cover/8999724913_1.jpg', '2021-09-20', '학지사') ON DUPLICATE KEY UPDATE title=VALUES(title), subtitle=VALUES(subtitle), author=VALUES(author), image_url=VALUES(image_url), published_date=VALUES(published_date), publisher=VALUES(publisher);
INSERT INTO book_detail (isbn, sold_out, free_shipping, list_price, sale_price, author_bio, book_description) VALUES ('9788999724916', 0, 1, 26000, 26000, '신진아 (지은이)에 대한 간단 소개입니다.', '『검사제작과 분석』은 변화하고 있는 검사 상황을 반영하기 위하여 지필검사 문항의 실제 예시를 최대한 최근 내용으로 하였으며, 특히 컴퓨터화 검사 제작과 수행평가 과제 제작에 대한 내용을 다루었다. 컴퓨터화 검사와 수행평가의 기초 이론과 문항 제작 원리를 소개하고, 독자의 이해를 돕기 위해...') ON DUPLICATE KEY UPDATE sold_out=VALUES(sold_out), free_shipping=VALUES(free_shipping), list_price=VALUES(list_price), sale_price=VALUES(sale_price), author_bio=VALUES(author_bio), book_description=VALUES(book_description);
INSERT INTO book (isbn, title, subtitle, author, image_url, published_date, publisher) VALUES ('9791159794544', '(정영자의) 창작시극집', '정영자의창작시극집', '지은이: 정영자', NULL, '2024-05-29', '세종출판사') ON DUPLICATE KEY UPDATE title=VALUES(title), subtitle=VALUES(subtitle), author=VALUES(author), image_url=VALUES(image_url), published_date=VALUES(published_date), publisher=VALUES(publisher);
INSERT INTO book_detail (isbn, sold_out, free_shipping, list_price, sale_price, author_bio, book_description) VALUES ('9791159794544', 0, 0, NULL, NULL, '지은이: 정영자에 대한 간단 소개입니다.', '(정영자의) 창작시극집 — 정영자의창작시극집에 대한 자동 생성 소개입니다.') ON DUPLICATE KEY UPDATE sold_out=VALUES(sold_out), free_shipping=VALUES(free_shipping), list_price=VALUES(list_price), sale_price=VALUES(sale_price), author_bio=VALUES(author_bio), book_description=VALUES(book_description);
INSERT INTO book (isbn, title, subtitle, author, image_url, published_date, publisher) VALUES ('9791197183218', '(2021) 한국대표여성 문학선집', '2021한국대표여성문학선집', '부산여성문학인협회 [편]', NULL, '2024-12-13', '부산여성문학인협회') ON DUPLICATE KEY UPDATE title=VALUES(title), subtitle=VALUES(subtitle), author=VALUES(author), image_url=VALUES(image_url), published_date=VALUES(published_date), publisher=VALUES(publisher);
INSERT INTO book_detail (isbn, sold_out, free_shipping, list_price, sale_price, author_bio, book_description) VALUES ('9791197183218', 0, 0, NULL, NULL, '부산여성문학인협회 [편]에 대한 간단 소개입니다.', '(2021) 한국대표여성 문학선집 — 2021한국대표여성문학선집에 대한 자동 생성 소개입니다.') ON DUPLICATE KEY UPDATE sold_out=VALUES(sold_out), free_shipping=VALUES(free_shipping), list_price=VALUES(list_price), sale_price=VALUES(sale_price), author_bio=VALUES(author_bio), book_description=VALUES(book_description);
INSERT INTO book (isbn, title, subtitle, author, image_url, published_date, publisher) VALUES ('9788999724886', '청소년복지론 (정익중 외)', '청소년복지론정익중외', '정익중 (지은이)', 'https://image.aladin.co.kr/product/27920/37/cover/8999724883_1.jpg', '2021-08-30', '학지사') ON DUPLICATE KEY UPDATE title=VALUES(title), subtitle=VALUES(subtitle), author=VALUES(author), image_url=VALUES(image_url), published_date=VALUES(published_date), publisher=VALUES(publisher);
INSERT INTO book_detail (isbn, sold_out, free_shipping, list_price, sale_price, author_bio, book_description) VALUES ('9788999724886', 0, 1, 22000, 22000, '정익중 (지은이)에 대한 간단 소개입니다.', '청소년은 내일을 주도하고 ‘여기에서 오늘’을 살고 있는 성장과정의 인간이다. 따라서 오늘을 살고 있는 청소년 보호를 위한 사회안전망 지원을 강화함과 동시에, 미래 사회를 이끌어 갈 성숙한 시민으로서의 준비과정으로 청소년들의 사회참여 및 권리를 확대하는 방안을 모색해야 한다. 이 책이 이러한...') ON DUPLICATE KEY UPDATE sold_out=VALUES(sold_out), free_shipping=VALUES(free_shipping), list_price=VALUES(list_price), sale_price=VALUES(sale_price), author_bio=VALUES(author_bio), book_description=VALUES(book_description);
INSERT INTO book (isbn, title, subtitle, author, image_url, published_date, publisher) VALUES ('9791197183232', '부산여성문학사 :', '부산여성문학사', '저자: 정영자', NULL, '2024-08-03', '부산여성문학인협회') ON DUPLICATE KEY UPDATE title=VALUES(title), subtitle=VALUES(subtitle), author=VALUES(author), image_url=VALUES(image_url), published_date=VALUES(published_date), publisher=VALUES(publisher);
INSERT INTO book_detail (isbn, sold_out, free_shipping, list_price, sale_price, author_bio, book_description) VALUES ('9791197183232', 0, 0, NULL, NULL, '저자: 정영자에 대한 간단 소개입니다.', '부산여성문학사 : — 부산여성문학사에 대한 자동 생성 소개입니다.') ON DUPLICATE KEY UPDATE sold_out=VALUES(sold_out), free_shipping=VALUES(free_shipping), list_price=VALUES(list_price), sale_price=VALUES(sale_price), author_bio=VALUES(author_bio), book_description=VALUES(book_description);
INSERT INTO book (isbn, title, subtitle, author, image_url, published_date, publisher) VALUES ('9791166632563', '갈수록 빛나는 솔빛이네 듣기 중심 영어의 힘 (엄마표 영어 핵 원조 솔빛엄마와 전국 각지 다섯 엄마의 24년 검증된 엄마표 영어 길라잡이)', '갈수록빛나는솔빛이네듣기중심영어의엄마표영어핵원조솔빛엄마와전국각지다섯엄마의24년검증된엄마표영어길라잡이', '이남수|김미경|박은홍|고은아', 'https://bookthumb-phinf.pstatic.net/cover/208/880/20888059.jpg?type=m1&udate=20210903', '2021-08-31', '북팟') ON DUPLICATE KEY UPDATE title=VALUES(title), subtitle=VALUES(subtitle), author=VALUES(author), image_url=VALUES(image_url), published_date=VALUES(published_date), publisher=VALUES(publisher);
INSERT INTO book_detail (isbn, sold_out, free_shipping, list_price, sale_price, author_bio, book_description) VALUES ('9791166632563', 0, 0, 15800, 15800, '이남수|김미경|박은홍|고은아에 대한 간단 소개입니다.', '우리나라의 엄마표 영어 핵 원조 솔빛엄마 이남수와 함께 성장한 전국 각지 5명 엄마의 아이 영어 이야기와 영어연수 길라잡이.더 일찍, 더 많이 영어에 노출하라는 수많은 엄마표 영어책 사이에서 한결같은 목소리로 초3 이후가 오히려 적기라고 주장한다.고비용 저효율의 영어교육이 불만스럽다면 24년의...') ON DUPLICATE KEY UPDATE sold_out=VALUES(sold_out), free_shipping=VALUES(free_shipping), list_price=VALUES(list_price), sale_price=VALUES(sale_price), author_bio=VALUES(author_bio), book_description=VALUES(book_description);
INSERT INTO book (isbn, title, subtitle, author, image_url, published_date, publisher) VALUES ('9791161435893', '인생 역전을 위한 최고의 선택', '인생역전을위한최고의선택', '김동훈 (지은이)', 'https://image.aladin.co.kr/product/27882/39/cover/k472734896_1.jpg', '2021-08-25', '쿰란출판사') ON DUPLICATE KEY UPDATE title=VALUES(title), subtitle=VALUES(subtitle), author=VALUES(author), image_url=VALUES(image_url), published_date=VALUES(published_date), publisher=VALUES(publisher);
INSERT INTO book_detail (isbn, sold_out, free_shipping, list_price, sale_price, author_bio, book_description) VALUES ('9791161435893', 0, 0, 10000, 10000, '김동훈 (지은이)에 대한 간단 소개입니다.', '복음의 핵심 내용을 ‘묻고 답하는 형식’으로 구성하여 초신자와 새신자의 의문들을 짚어서 알려주며, 구원의 확신으로 믿음의 뿌리를 내리게 도와준다. 스토리텔링 기법을 활용하여 쉬우면서도 깊이 있게 접근했고, 복음이 복음답게 신자에게 다가가도록 이끈다.') ON DUPLICATE KEY UPDATE sold_out=VALUES(sold_out), free_shipping=VALUES(free_shipping), list_price=VALUES(list_price), sale_price=VALUES(sale_price), author_bio=VALUES(author_bio), book_description=VALUES(book_description);
INSERT INTO book (isbn, title, subtitle, author, image_url, published_date, publisher) VALUES ('9791166632495', '평범 (내가 인생이 평범한 건 아니잖아)', '평범내가인생이평범한건아니잖아', '권주형', 'https://bookthumb-phinf.pstatic.net/cover/208/880/20888055.jpg?type=m1&udate=20210903', '2021-08-31', '북팟') ON DUPLICATE KEY UPDATE title=VALUES(title), subtitle=VALUES(subtitle), author=VALUES(author), image_url=VALUES(image_url), published_date=VALUES(published_date), publisher=VALUES(publisher);
INSERT INTO book_detail (isbn, sold_out, free_shipping, list_price, sale_price, author_bio, book_description) VALUES ('9791166632495', 0, 0, 9000, 9000, '권주형에 대한 간단 소개입니다.', '평범하게 살고 싶은 학생에 평범할 수 없는 인생을 담아낸 이야기를 시나리오처럼 만든 작품으로 책을 읽으면서 영화를 보는 느낌을 받을 수 있습니다. 제가 이 책을 쓰게 된 이유는 대중들의 심리에 대해 생각을 하던 중 사람들이 어려운 상황에 직면했을 때 그 상황에서 빠져나올 수 없는 모습을 사실적으로...') ON DUPLICATE KEY UPDATE sold_out=VALUES(sold_out), free_shipping=VALUES(free_shipping), list_price=VALUES(list_price), sale_price=VALUES(sale_price), author_bio=VALUES(author_bio), book_description=VALUES(book_description);
INSERT INTO book (isbn, title, subtitle, author, image_url, published_date, publisher) VALUES ('9788940073155', '노자의 블랙홀', '노자의블랙홀', '박제천 (지은이)', 'https://image.aladin.co.kr/product/27982/33/cover/8940073150_1.jpg', '2021-09-15', '문학아카데미') ON DUPLICATE KEY UPDATE title=VALUES(title), subtitle=VALUES(subtitle), author=VALUES(author), image_url=VALUES(image_url), published_date=VALUES(published_date), publisher=VALUES(publisher);
INSERT INTO book_detail (isbn, sold_out, free_shipping, list_price, sale_price, author_bio, book_description) VALUES ('9788940073155', 0, 0, 10000, 10000, '박제천 (지은이)에 대한 간단 소개입니다.', '노자의 블랙홀 — 노자의블랙홀에 대한 자동 생성 소개입니다.') ON DUPLICATE KEY UPDATE sold_out=VALUES(sold_out), free_shipping=VALUES(free_shipping), list_price=VALUES(list_price), sale_price=VALUES(sale_price), author_bio=VALUES(author_bio), book_description=VALUES(book_description);
INSERT INTO book (isbn, title, subtitle, author, image_url, published_date, publisher) VALUES ('9788999722509', '음악교육심리학', '음악교육심리학', '승윤희', 'https://image.aladin.co.kr/product/27931/27/cover/8999722503_1.jpg', '2021-08-31', '학지사') ON DUPLICATE KEY UPDATE title=VALUES(title), subtitle=VALUES(subtitle), author=VALUES(author), image_url=VALUES(image_url), published_date=VALUES(published_date), publisher=VALUES(publisher);
INSERT INTO book_detail (isbn, sold_out, free_shipping, list_price, sale_price, author_bio, book_description) VALUES ('9788999722509', 0, 1, 21000, 21000, '승윤희에 대한 간단 소개입니다.', '『음악교육심리학』에는 기초적인 심리학 이론부터 구체적인 음악 교수·학습의 원리 및 방법에 이르기까지, 음악심리학과 교육심리학이라는 핵심적인 두 축을 근간으로 하여 많은 내용이 담겨 있다. 책의 내용 중 일부는 저자들이 그동안 썼던 논문과 저서에 이미 실린 내용들로, 이번에 책을 내면서 주제에 맞게...') ON DUPLICATE KEY UPDATE sold_out=VALUES(sold_out), free_shipping=VALUES(free_shipping), list_price=VALUES(list_price), sale_price=VALUES(sale_price), author_bio=VALUES(author_bio), book_description=VALUES(book_description);
INSERT INTO book (isbn, title, subtitle, author, image_url, published_date, publisher) VALUES ('9791166632419', '아내와의 데이트 (컬러판) (아내와 함께 볼거리와 먹거리를 찾아가는 데이트 일기)', '아내와의데이트컬러판아내와함께볼거리와먹거리를찾아가는데이트일기', '송영렬', 'https://bookthumb-phinf.pstatic.net/cover/209/057/20905797.jpg?type=m1&udate=20210903', '2021-09-02', '북팟') ON DUPLICATE KEY UPDATE title=VALUES(title), subtitle=VALUES(subtitle), author=VALUES(author), image_url=VALUES(image_url), published_date=VALUES(published_date), publisher=VALUES(publisher);
INSERT INTO book_detail (isbn, sold_out, free_shipping, list_price, sale_price, author_bio, book_description) VALUES ('9791166632419', 0, 1, 21500, 21500, '송영렬에 대한 간단 소개입니다.', '아내와 함께하는 맛집과 볼거리에 대한 부부의 데이트 이야기 입니다.') ON DUPLICATE KEY UPDATE sold_out=VALUES(sold_out), free_shipping=VALUES(free_shipping), list_price=VALUES(list_price), sale_price=VALUES(sale_price), author_bio=VALUES(author_bio), book_description=VALUES(book_description);
INSERT INTO book (isbn, title, subtitle, author, image_url, published_date, publisher) VALUES ('9791188266289', '나의 祖國 나의 教會 :', '나의나의', '엮은이: 한순정', NULL, '2022-09-22', '굿보이스') ON DUPLICATE KEY UPDATE title=VALUES(title), subtitle=VALUES(subtitle), author=VALUES(author), image_url=VALUES(image_url), published_date=VALUES(published_date), publisher=VALUES(publisher);
INSERT INTO book_detail (isbn, sold_out, free_shipping, list_price, sale_price, author_bio, book_description) VALUES ('9791188266289', 0, 0, NULL, NULL, '엮은이: 한순정에 대한 간단 소개입니다.', '나의 祖國 나의 教會 : — 나의나의에 대한 자동 생성 소개입니다.') ON DUPLICATE KEY UPDATE sold_out=VALUES(sold_out), free_shipping=VALUES(free_shipping), list_price=VALUES(list_price), sale_price=VALUES(sale_price), author_bio=VALUES(author_bio), book_description=VALUES(book_description);
INSERT INTO book (isbn, title, subtitle, author, image_url, published_date, publisher) VALUES ('9788964476826', '민중.민주.민족을 향한 여정 - 목민 고영근 사료집 Ⅳ (1980-1987년)', '민중민주민족을향한여정목민고영근사료집19801987년', '고성휘 (엮은이)', 'https://image.aladin.co.kr/product/27902/49/cover/8964476824_1.jpg', '2021-08-27', '동연출판사') ON DUPLICATE KEY UPDATE title=VALUES(title), subtitle=VALUES(subtitle), author=VALUES(author), image_url=VALUES(image_url), published_date=VALUES(published_date), publisher=VALUES(publisher);
INSERT INTO book_detail (isbn, sold_out, free_shipping, list_price, sale_price, author_bio, book_description) VALUES ('9788964476826', 0, 1, 40000, 40000, '고성휘 (엮은이)에 대한 간단 소개입니다.', '민중.민주.민족을 향한 여정 - 목민 고영근 사료집 Ⅳ (1980-1987년) — 민중민주민족을향한여정목민고영근사료집19801987년에 대한 자동 생성 소개입니다.') ON DUPLICATE KEY UPDATE sold_out=VALUES(sold_out), free_shipping=VALUES(free_shipping), list_price=VALUES(list_price), sale_price=VALUES(sale_price), author_bio=VALUES(author_bio), book_description=VALUES(book_description);
INSERT INTO book (isbn, title, subtitle, author, image_url, published_date, publisher) VALUES ('9791197447501', '회상심리미술치료 : 그리기 편', '회상심리미술치료그리기편', '박민 (지은이)', 'https://image.aladin.co.kr/product/27587/66/cover/k332733015_1.jpg', '2021-06-25', '부산양서협동조합') ON DUPLICATE KEY UPDATE title=VALUES(title), subtitle=VALUES(subtitle), author=VALUES(author), image_url=VALUES(image_url), published_date=VALUES(published_date), publisher=VALUES(publisher);
INSERT INTO book_detail (isbn, sold_out, free_shipping, list_price, sale_price, author_bio, book_description) VALUES ('9791197447501', 0, 1, 25000, 25000, '박민 (지은이)에 대한 간단 소개입니다.', '이 책의 미술 활동은 그림 그리는 방법에 관심을 두지 않았다. 그보다는 주제를 제시하고, 그림을 그려나갈 때 이야기하고, 상상력을 많이 동원하고, 생각하게 한다. 또 어르신에게 그리기 동작을 하게 하고, 나아가 생각을 자유로이 표현하도록 한다.') ON DUPLICATE KEY UPDATE sold_out=VALUES(sold_out), free_shipping=VALUES(free_shipping), list_price=VALUES(list_price), sale_price=VALUES(sale_price), author_bio=VALUES(author_bio), book_description=VALUES(book_description);
INSERT INTO book (isbn, title, subtitle, author, image_url, published_date, publisher) VALUES ('9788959728312', 'NCS 기반의 취업전략 - 제2판', 'ncs기반의취업전략제2판', '최일수', 'https://image.aladin.co.kr/product/27858/93/cover/8959728314_1.jpg', '2021-08-25', '청람') ON DUPLICATE KEY UPDATE title=VALUES(title), subtitle=VALUES(subtitle), author=VALUES(author), image_url=VALUES(image_url), published_date=VALUES(published_date), publisher=VALUES(publisher);
INSERT INTO book_detail (isbn, sold_out, free_shipping, list_price, sale_price, author_bio, book_description) VALUES ('9788959728312', 0, 1, 20000, 20000, '최일수에 대한 간단 소개입니다.', '2018년부터 공기업, 공공기관, 공무원은 물론 대기업 공채에서 국가직무능력표준(NCS)에 의한 능력 중심 블라인드 채용 프로세스를 활용하고 있다. 이러한 고용시장의 환경과 채용정책의 변화를 수용하여 NCS 기반의 블라인드 채용 관련 내용을 기술한 교재다.') ON DUPLICATE KEY UPDATE sold_out=VALUES(sold_out), free_shipping=VALUES(free_shipping), list_price=VALUES(list_price), sale_price=VALUES(sale_price), author_bio=VALUES(author_bio), book_description=VALUES(book_description);
INSERT INTO book (isbn, title, subtitle, author, image_url, published_date, publisher) VALUES ('9788959728350', '(개념을 알면 쉬운) 재무회계 =', '개념을알면쉬운재무회계', '저자: 김경호', NULL, '2025-05-19', '청람') ON DUPLICATE KEY UPDATE title=VALUES(title), subtitle=VALUES(subtitle), author=VALUES(author), image_url=VALUES(image_url), published_date=VALUES(published_date), publisher=VALUES(publisher);
INSERT INTO book_detail (isbn, sold_out, free_shipping, list_price, sale_price, author_bio, book_description) VALUES ('9788959728350', 0, 0, NULL, NULL, '저자: 김경호에 대한 간단 소개입니다.', '(개념을 알면 쉬운) 재무회계 = — 개념을알면쉬운재무회계에 대한 자동 생성 소개입니다.') ON DUPLICATE KEY UPDATE sold_out=VALUES(sold_out), free_shipping=VALUES(free_shipping), list_price=VALUES(list_price), sale_price=VALUES(sale_price), author_bio=VALUES(author_bio), book_description=VALUES(book_description);
INSERT INTO book (isbn, title, subtitle, author, image_url, published_date, publisher) VALUES ('9788959728299', '생산운영관리 - 전체 최적화를 위한 시스템 사고와 제약 관리', '생산운영관리전체최적화를위한시스템사고와제약관리', '이견직 (지은이)', 'https://image.aladin.co.kr/product/27858/65/cover/8959728292_1.jpg', '2021-08-20', '청람') ON DUPLICATE KEY UPDATE title=VALUES(title), subtitle=VALUES(subtitle), author=VALUES(author), image_url=VALUES(image_url), published_date=VALUES(published_date), publisher=VALUES(publisher);
INSERT INTO book_detail (isbn, sold_out, free_shipping, list_price, sale_price, author_bio, book_description) VALUES ('9788959728299', 0, 1, 22000, 22000, '이견직 (지은이)에 대한 간단 소개입니다.', '전일적 사고에 기초한 생산운영관리의 접근을 피력하는 교재다. 전일적 사고는 관계중심적 사고로 부분의 최선이 전체의 최선으로 이어지지 않을 수 있음을 직시하는 접근법이다. 이를 연장하여 사람 중심적인 경영의 효과성도 강조한다.') ON DUPLICATE KEY UPDATE sold_out=VALUES(sold_out), free_shipping=VALUES(free_shipping), list_price=VALUES(list_price), sale_price=VALUES(sale_price), author_bio=VALUES(author_bio), book_description=VALUES(book_description);
INSERT INTO book (isbn, title, subtitle, author, image_url, published_date, publisher) VALUES ('9788994833712', '플라스틱 여자', '플라스틱여자', '주선미 (지은이)', 'https://image.aladin.co.kr/product/27892/76/cover/8994833714_1.jpg', '2021-08-30', '시와문화사') ON DUPLICATE KEY UPDATE title=VALUES(title), subtitle=VALUES(subtitle), author=VALUES(author), image_url=VALUES(image_url), published_date=VALUES(published_date), publisher=VALUES(publisher);
INSERT INTO book_detail (isbn, sold_out, free_shipping, list_price, sale_price, author_bio, book_description) VALUES ('9788994833712', 0, 0, 12000, 12000, '주선미 (지은이)에 대한 간단 소개입니다.', '주선미 시인의 네 번째 시집. 그동안 시인의 삶의 근거지인 안면도 일대에서 만난 사상들을 원형상징의 관점에서 큰 비중을 두고 접근했다면, 이번 시집에서는 고향을 떠나 서울 등지로 진출한 여성들이 겪는 부당한 감정노동 등 공감대가 넓은 소재들을 택하고 있다.') ON DUPLICATE KEY UPDATE sold_out=VALUES(sold_out), free_shipping=VALUES(free_shipping), list_price=VALUES(list_price), sale_price=VALUES(sale_price), author_bio=VALUES(author_bio), book_description=VALUES(book_description);
INSERT INTO book (isbn, title, subtitle, author, image_url, published_date, publisher) VALUES ('9791167840073', '2021 기업가치평가와 재무실사', '2021기업가치평가와재무실사', '이중욱', 'https://image.aladin.co.kr/product/27848/39/cover/k002734689_1.jpg', '2021-08-26', '삼일인포마인') ON DUPLICATE KEY UPDATE title=VALUES(title), subtitle=VALUES(subtitle), author=VALUES(author), image_url=VALUES(image_url), published_date=VALUES(published_date), publisher=VALUES(publisher);
INSERT INTO book_detail (isbn, sold_out, free_shipping, list_price, sale_price, author_bio, book_description) VALUES ('9791167840073', 0, 1, 75000, 75000, '이중욱에 대한 간단 소개입니다.', '다양한 실무사례를 소개할 뿐 아니라 자본비용 등 여러가지 실무적용 사례 분석을 수행하여 시장의 Practice를 참고할 수 있도록 구성하였다. Key concept, wrap-up을 통해 기본 개념을 쉽게 이해할 수 있도록 하며, 이를 바탕으로 실무 방법론과 실무적 이슈에 접근할 수 있도록 구성하였다.') ON DUPLICATE KEY UPDATE sold_out=VALUES(sold_out), free_shipping=VALUES(free_shipping), list_price=VALUES(list_price), sale_price=VALUES(sale_price), author_bio=VALUES(author_bio), book_description=VALUES(book_description);
INSERT INTO book (isbn, title, subtitle, author, image_url, published_date, publisher) VALUES ('9788930451079', '(첫걸음을 위한) 생리학 =', '첫걸음을위한생리학', '저자: 정계선', NULL, '2023-03-26', '수문사') ON DUPLICATE KEY UPDATE title=VALUES(title), subtitle=VALUES(subtitle), author=VALUES(author), image_url=VALUES(image_url), published_date=VALUES(published_date), publisher=VALUES(publisher);
INSERT INTO book_detail (isbn, sold_out, free_shipping, list_price, sale_price, author_bio, book_description) VALUES ('9788930451079', 0, 0, NULL, NULL, '저자: 정계선에 대한 간단 소개입니다.', '(첫걸음을 위한) 생리학 = — 첫걸음을위한생리학에 대한 자동 생성 소개입니다.') ON DUPLICATE KEY UPDATE sold_out=VALUES(sold_out), free_shipping=VALUES(free_shipping), list_price=VALUES(list_price), sale_price=VALUES(sale_price), author_bio=VALUES(author_bio), book_description=VALUES(book_description);
INSERT INTO book (isbn, title, subtitle, author, image_url, published_date, publisher) VALUES ('9788988524558', '순응', '순응', '지은이: 김성봉', NULL, '2022-12-14', '나눔과 섬김') ON DUPLICATE KEY UPDATE title=VALUES(title), subtitle=VALUES(subtitle), author=VALUES(author), image_url=VALUES(image_url), published_date=VALUES(published_date), publisher=VALUES(publisher);
INSERT INTO book_detail (isbn, sold_out, free_shipping, list_price, sale_price, author_bio, book_description) VALUES ('9788988524558', 0, 0, NULL, NULL, '지은이: 김성봉에 대한 간단 소개입니다.', '순응 — 순응에 대한 자동 생성 소개입니다.') ON DUPLICATE KEY UPDATE sold_out=VALUES(sold_out), free_shipping=VALUES(free_shipping), list_price=VALUES(list_price), sale_price=VALUES(sale_price), author_bio=VALUES(author_bio), book_description=VALUES(book_description);
INSERT INTO book (isbn, title, subtitle, author, image_url, published_date, publisher) VALUES ('9788999724763', '평생교육철학 - 행복한 삶의 여행을 위한 철학 안내서', '평생교육철학행복한삶의여행을위한철학안내서', '이관춘 (지은이)', 'https://image.aladin.co.kr/product/27852/77/cover/899972476x_1.jpg', '2021-08-15', '학지사') ON DUPLICATE KEY UPDATE title=VALUES(title), subtitle=VALUES(subtitle), author=VALUES(author), image_url=VALUES(image_url), published_date=VALUES(published_date), publisher=VALUES(publisher);
INSERT INTO book_detail (isbn, sold_out, free_shipping, list_price, sale_price, author_bio, book_description) VALUES ('9788999724763', 0, 1, 25000, 25000, '이관춘 (지은이)에 대한 간단 소개입니다.', '행복한 삶의 여행을 위한 저자 이관춘의 철학 안내서이다.') ON DUPLICATE KEY UPDATE sold_out=VALUES(sold_out), free_shipping=VALUES(free_shipping), list_price=VALUES(list_price), sale_price=VALUES(sale_price), author_bio=VALUES(author_bio), book_description=VALUES(book_description);
INSERT INTO book (isbn, title, subtitle, author, image_url, published_date, publisher) VALUES ('9788999724824', '아동관찰 및 행동연구 - 2판', '아동관찰및행동연구2판', '성미영 (지은이)', 'https://image.aladin.co.kr/product/27882/88/cover/8999724824_1.jpg', '2021-08-30', '학지사') ON DUPLICATE KEY UPDATE title=VALUES(title), subtitle=VALUES(subtitle), author=VALUES(author), image_url=VALUES(image_url), published_date=VALUES(published_date), publisher=VALUES(publisher);
INSERT INTO book_detail (isbn, sold_out, free_shipping, list_price, sale_price, author_bio, book_description) VALUES ('9788999724824', 0, 0, 19000, 19000, '성미영 (지은이)에 대한 간단 소개입니다.', '『아동관찰 및 행동연구』에서는 아동관찰 및 행동연구 교과목의 표준교과개요에 근거하여 장별 내용을 구성하였으며, 장별로 이론적인 내용과 실제 현장의 내용을 함께 배치하여 이론과 실제를 한눈에 파악하도록 하였다. 이 책의 전체 목차는 초판과 동일하게 구성하였으며, 구체적으로 제1부 아동관찰...') ON DUPLICATE KEY UPDATE sold_out=VALUES(sold_out), free_shipping=VALUES(free_shipping), list_price=VALUES(list_price), sale_price=VALUES(sale_price), author_bio=VALUES(author_bio), book_description=VALUES(book_description);
INSERT INTO book (isbn, title, subtitle, author, image_url, published_date, publisher) VALUES ('9788999724848', '유아교육연구를 위한 고급통계 - SPSS와 AMOS 활용예제와 함께', '유아교육연구를위한고급통계spss와amos활용예제와함께', '이경옥 (지은이)', 'https://image.aladin.co.kr/product/27882/92/cover/8999724840_1.jpg', '2021-08-29', '학지사') ON DUPLICATE KEY UPDATE title=VALUES(title), subtitle=VALUES(subtitle), author=VALUES(author), image_url=VALUES(image_url), published_date=VALUES(published_date), publisher=VALUES(publisher);
INSERT INTO book_detail (isbn, sold_out, free_shipping, list_price, sale_price, author_bio, book_description) VALUES ('9788999724848', 0, 0, 18000, 18000, '이경옥 (지은이)에 대한 간단 소개입니다.', '『유아교육연구를 위한 고급통계』에서는 유아교육분야에서 연구를 수행하는 연구자들이 처음 고급통계를 접할 때 필요한 기초이론과 활용사례를 균형 있게 다루려고 노력하였다. 지나치게 이론에만 치중하게 되면 실제적인 분석이나 논문작성에 도움이 되지 못하는 이론서가 될 수도 있고, 사례에만 초점을...') ON DUPLICATE KEY UPDATE sold_out=VALUES(sold_out), free_shipping=VALUES(free_shipping), list_price=VALUES(list_price), sale_price=VALUES(sale_price), author_bio=VALUES(author_bio), book_description=VALUES(book_description);
INSERT INTO book (isbn, title, subtitle, author, image_url, published_date, publisher) VALUES ('9791190491433', '전라남도 해양바이오산업 육성방안 =', '전라남도해양바이오산업육성방안', '연구책임: 박은옥', NULL, '2022-12-05', '광주전남연구원') ON DUPLICATE KEY UPDATE title=VALUES(title), subtitle=VALUES(subtitle), author=VALUES(author), image_url=VALUES(image_url), published_date=VALUES(published_date), publisher=VALUES(publisher);
INSERT INTO book_detail (isbn, sold_out, free_shipping, list_price, sale_price, author_bio, book_description) VALUES ('9791190491433', 0, 0, NULL, NULL, '연구책임: 박은옥에 대한 간단 소개입니다.', '전라남도 해양바이오산업 육성방안 = — 전라남도해양바이오산업육성방안에 대한 자동 생성 소개입니다.') ON DUPLICATE KEY UPDATE sold_out=VALUES(sold_out), free_shipping=VALUES(free_shipping), list_price=VALUES(list_price), sale_price=VALUES(sale_price), author_bio=VALUES(author_bio), book_description=VALUES(book_description);
INSERT INTO book (isbn, title, subtitle, author, image_url, published_date, publisher) VALUES ('9791190340762', '한국디자인진흥원 50년사 =', '한국디자인진흥원50년사', '한국디자인진흥원 [편]', NULL, '2023-04-29', '한국디자인진흥원') ON DUPLICATE KEY UPDATE title=VALUES(title), subtitle=VALUES(subtitle), author=VALUES(author), image_url=VALUES(image_url), published_date=VALUES(published_date), publisher=VALUES(publisher);
INSERT INTO book_detail (isbn, sold_out, free_shipping, list_price, sale_price, author_bio, book_description) VALUES ('9791190340762', 0, 0, NULL, NULL, '한국디자인진흥원 [편]에 대한 간단 소개입니다.', '한국디자인진흥원 50년사 = — 한국디자인진흥원50년사에 대한 자동 생성 소개입니다.') ON DUPLICATE KEY UPDATE sold_out=VALUES(sold_out), free_shipping=VALUES(free_shipping), list_price=VALUES(list_price), sale_price=VALUES(sale_price), author_bio=VALUES(author_bio), book_description=VALUES(book_description);
INSERT INTO book (isbn, title, subtitle, author, image_url, published_date, publisher) VALUES ('9788999724954', '교육과 일의 세계', '교육과일의세계', '장원섭 (지은이)', 'https://image.aladin.co.kr/product/27902/30/cover/8999724956_1.jpg', '2021-08-31', '학지사') ON DUPLICATE KEY UPDATE title=VALUES(title), subtitle=VALUES(subtitle), author=VALUES(author), image_url=VALUES(image_url), published_date=VALUES(published_date), publisher=VALUES(publisher);
INSERT INTO book_detail (isbn, sold_out, free_shipping, list_price, sale_price, author_bio, book_description) VALUES ('9788999724954', 0, 1, 21000, 21000, '장원섭 (지은이)에 대한 간단 소개입니다.', '『교육과 일의 세계』는 학교에서의 진로와 직업교육, 대학에서의 취·창업교육, 기업의 인재 채용과 육성, 그리고 전 생애에 걸친 새로운 경력개발의 양태, 여성의 일하는 삶 등 다양한 주제를 포함한다. 이를 통해 새로운 산업사회에서 필요한 미래 역량과 일의 교육에 대한 실천적 함의를 찾는다. 또한 빠르게...') ON DUPLICATE KEY UPDATE sold_out=VALUES(sold_out), free_shipping=VALUES(free_shipping), list_price=VALUES(list_price), sale_price=VALUES(sale_price), author_bio=VALUES(author_bio), book_description=VALUES(book_description);
INSERT INTO book (isbn, title, subtitle, author, image_url, published_date, publisher) VALUES ('9788965149484', '장애인 대상 실감콘텐츠 보급 방안 조사 =', '장애인대상실감콘텐츠보급방안조사', '주관기관: 한국콘텐츠진흥원', NULL, '2025-02-09', '한국콘텐츠진흥원') ON DUPLICATE KEY UPDATE title=VALUES(title), subtitle=VALUES(subtitle), author=VALUES(author), image_url=VALUES(image_url), published_date=VALUES(published_date), publisher=VALUES(publisher);
INSERT INTO book_detail (isbn, sold_out, free_shipping, list_price, sale_price, author_bio, book_description) VALUES ('9788965149484', 0, 0, NULL, NULL, '주관기관: 한국콘텐츠진흥원에 대한 간단 소개입니다.', '장애인 대상 실감콘텐츠 보급 방안 조사 = — 장애인대상실감콘텐츠보급방안조사에 대한 자동 생성 소개입니다.') ON DUPLICATE KEY UPDATE sold_out=VALUES(sold_out), free_shipping=VALUES(free_shipping), list_price=VALUES(list_price), sale_price=VALUES(sale_price), author_bio=VALUES(author_bio), book_description=VALUES(book_description);
INSERT INTO book (isbn, title, subtitle, author, image_url, published_date, publisher) VALUES ('9791165802202', 'Still Sick 스틸 시크 3 - 시프트코믹스', 'stillsick스틸시크3시프트코믹스', '아카시 (지은이)', 'https://image.aladin.co.kr/product/25819/90/cover/k032736431_1.jpg', '2020-12-15', 'YNK MEDIA(만화)') ON DUPLICATE KEY UPDATE title=VALUES(title), subtitle=VALUES(subtitle), author=VALUES(author), image_url=VALUES(image_url), published_date=VALUES(published_date), publisher=VALUES(publisher);
INSERT INTO book_detail (isbn, sold_out, free_shipping, list_price, sale_price, author_bio, book_description) VALUES ('9791165802202', 0, 0, 5000, 5000, '아카시 (지은이)에 대한 간단 소개입니다.', '만화가 복귀를 목표로 노력하는 전 만화가인 회사원 마에카와 아카네와 그녀를 응원하는 직장 동료, 시미즈 마코토. 시미즈와 함께 있는 동안 싹트게 된 감정에 안절부절못하면서도 자신의 마음을 외면하지 않기로 한 마에카와. 마에카와는 과연 변할 수 있을까?') ON DUPLICATE KEY UPDATE sold_out=VALUES(sold_out), free_shipping=VALUES(free_shipping), list_price=VALUES(list_price), sale_price=VALUES(sale_price), author_bio=VALUES(author_bio), book_description=VALUES(book_description);
INSERT INTO book (isbn, title, subtitle, author, image_url, published_date, publisher) VALUES ('9791165802790', '마왕의 오른팔이 되었으니 원작 개악합니다 1 - 시프트코믹스', '마왕의오른팔이되었으니원작개악합니다1시프트코믹스', '지로 아루바 (지은이)', 'https://image.aladin.co.kr/product/25543/5/cover/k362633327_1.jpg', '2020-11-16', 'YNK MEDIA(만화)') ON DUPLICATE KEY UPDATE title=VALUES(title), subtitle=VALUES(subtitle), author=VALUES(author), image_url=VALUES(image_url), published_date=VALUES(published_date), publisher=VALUES(publisher);
INSERT INTO book_detail (isbn, sold_out, free_shipping, list_price, sale_price, author_bio, book_description) VALUES ('9791165802790', 0, 0, 5000, 5000, '지로 아루바 (지은이)에 대한 간단 소개입니다.', '검과 마법의 판타지 만화 ''라피스라줄리 월드'' 그 이야기에서 해피엔딩의 상징으로서 죽임을 당한 라스트 보스 「마왕」을 지지하던 몇 없는 팬이자 OL인 ''토오루''는 절망했다. ''당신에게, 전부, 드리고 싶었어.'' 그렇게 생각하자마자 옥상에서 떨어진 토오루.') ON DUPLICATE KEY UPDATE sold_out=VALUES(sold_out), free_shipping=VALUES(free_shipping), list_price=VALUES(list_price), sale_price=VALUES(sale_price), author_bio=VALUES(author_bio), book_description=VALUES(book_description);
INSERT INTO book (isbn, title, subtitle, author, image_url, published_date, publisher) VALUES ('9791186555316', 'Dokdo 45145 :', 'dokdo45145', 'photo', NULL, '2022-04-07', NULL) ON DUPLICATE KEY UPDATE title=VALUES(title), subtitle=VALUES(subtitle), author=VALUES(author), image_url=VALUES(image_url), published_date=VALUES(published_date), publisher=VALUES(publisher);
INSERT INTO book_detail (isbn, sold_out, free_shipping, list_price, sale_price, author_bio, book_description) VALUES ('9791186555316', 0, 0, NULL, NULL, 'photo에 대한 간단 소개입니다.', 'Dokdo 45145 : — dokdo45145에 대한 자동 생성 소개입니다.') ON DUPLICATE KEY UPDATE sold_out=VALUES(sold_out), free_shipping=VALUES(free_shipping), list_price=VALUES(list_price), sale_price=VALUES(sale_price), author_bio=VALUES(author_bio), book_description=VALUES(book_description);
INSERT INTO book (isbn, title, subtitle, author, image_url, published_date, publisher) VALUES ('9788905052591', '풍산자 필수유형 중학 수학 1-1 (2022년)', '풍산자필수유형중학수학112022년', '풍산자수학연구소 (지은이)', 'https://image.aladin.co.kr/product/27882/51/cover/8905052592_2.jpg', '2021-08-10', '지학사(참고서)') ON DUPLICATE KEY UPDATE title=VALUES(title), subtitle=VALUES(subtitle), author=VALUES(author), image_url=VALUES(image_url), published_date=VALUES(published_date), publisher=VALUES(publisher);
INSERT INTO book_detail (isbn, sold_out, free_shipping, list_price, sale_price, author_bio, book_description) VALUES ('9788905052591', 0, 0, 15000, 15000, '풍산자수학연구소 (지은이)에 대한 간단 소개입니다.', '풍쌤비법으로 모든 유형에 대비하는 문제기본서이다. 유형북에서는 개념다지기로 개념을 정리하고, 필수유형 공략하기로 꼭 필요한 유형들만 체계적으로 학습할 수 있도록 하였으며, 심화문제 도전하기로 심화문제를 학습할 수 있도록 하였다.') ON DUPLICATE KEY UPDATE sold_out=VALUES(sold_out), free_shipping=VALUES(free_shipping), list_price=VALUES(list_price), sale_price=VALUES(sale_price), author_bio=VALUES(author_bio), book_description=VALUES(book_description);
INSERT INTO book (isbn, title, subtitle, author, image_url, published_date, publisher) VALUES ('9788961204484', '소프트웨어 관리 가이드', '소프트웨어관리가이드', '한국저작권위원회', NULL, '2022-05-12', '한국저작권보호원') ON DUPLICATE KEY UPDATE title=VALUES(title), subtitle=VALUES(subtitle), author=VALUES(author), image_url=VALUES(image_url), published_date=VALUES(published_date), publisher=VALUES(publisher);
INSERT INTO book_detail (isbn, sold_out, free_shipping, list_price, sale_price, author_bio, book_description) VALUES ('9788961204484', 0, 0, NULL, NULL, '한국저작권위원회에 대한 간단 소개입니다.', '소프트웨어 관리 가이드 — 소프트웨어관리가이드에 대한 자동 생성 소개입니다.') ON DUPLICATE KEY UPDATE sold_out=VALUES(sold_out), free_shipping=VALUES(free_shipping), list_price=VALUES(list_price), sale_price=VALUES(sale_price), author_bio=VALUES(author_bio), book_description=VALUES(book_description);
INSERT INTO book (isbn, title, subtitle, author, image_url, published_date, publisher) VALUES ('9788961204453', '학교 교육과 저작권 - 저작권관계자료 2020-02', '학교교육과저작권저작권관계자료202002', '한국저작권위원회 (지은이)', 'https://image.aladin.co.kr/product/24043/49/cover/8961204459_1.jpg', '2020-02-01', '한국저작권위원회') ON DUPLICATE KEY UPDATE title=VALUES(title), subtitle=VALUES(subtitle), author=VALUES(author), image_url=VALUES(image_url), published_date=VALUES(published_date), publisher=VALUES(publisher);
INSERT INTO book_detail (isbn, sold_out, free_shipping, list_price, sale_price, author_bio, book_description) VALUES ('9788961204453', 0, 0, 5000, 5000, '한국저작권위원회 (지은이)에 대한 간단 소개입니다.', '▶ 이 책은 학교 교육과 저작권에 대해 다룬 도서입니다. 학교 교육과 저작권의 기초적이고 전반적인 내용을 확인할 수 있도록 구성했습니다.') ON DUPLICATE KEY UPDATE sold_out=VALUES(sold_out), free_shipping=VALUES(free_shipping), list_price=VALUES(list_price), sale_price=VALUES(sale_price), author_bio=VALUES(author_bio), book_description=VALUES(book_description);
INSERT INTO book (isbn, title, subtitle, author, image_url, published_date, publisher) VALUES ('9780669811667', '(The) Western tradition :from the ancient world to Louis XIV', 'thewesterntraditionfromtheancientworldtolouisxiv', 'Eugen Weber', NULL, '2023-02-23', NULL) ON DUPLICATE KEY UPDATE title=VALUES(title), subtitle=VALUES(subtitle), author=VALUES(author), image_url=VALUES(image_url), published_date=VALUES(published_date), publisher=VALUES(publisher);
INSERT INTO book_detail (isbn, sold_out, free_shipping, list_price, sale_price, author_bio, book_description) VALUES ('9780669811667', 0, 0, NULL, NULL, 'Eugen Weber에 대한 간단 소개입니다.', '(The) Western tradition :from the ancient world to Louis XIV — thewesterntraditionfromtheancientworldtolouisxiv에 대한 자동 생성 소개입니다.') ON DUPLICATE KEY UPDATE sold_out=VALUES(sold_out), free_shipping=VALUES(free_shipping), list_price=VALUES(list_price), sale_price=VALUES(sale_price), author_bio=VALUES(author_bio), book_description=VALUES(book_description);
INSERT INTO book (isbn, title, subtitle, author, image_url, published_date, publisher) VALUES ('9791197567407', '믿음의 영웅들 :하늘 보좌의 문지기', '믿음의영웅들하늘보좌의문지기', '저자: 최병묵', NULL, '2025-03-31', '상지출판사') ON DUPLICATE KEY UPDATE title=VALUES(title), subtitle=VALUES(subtitle), author=VALUES(author), image_url=VALUES(image_url), published_date=VALUES(published_date), publisher=VALUES(publisher);
INSERT INTO book_detail (isbn, sold_out, free_shipping, list_price, sale_price, author_bio, book_description) VALUES ('9791197567407', 0, 0, NULL, NULL, '저자: 최병묵에 대한 간단 소개입니다.', '믿음의 영웅들 :하늘 보좌의 문지기 — 믿음의영웅들하늘보좌의문지기에 대한 자동 생성 소개입니다.') ON DUPLICATE KEY UPDATE sold_out=VALUES(sold_out), free_shipping=VALUES(free_shipping), list_price=VALUES(list_price), sale_price=VALUES(sale_price), author_bio=VALUES(author_bio), book_description=VALUES(book_description);
INSERT INTO book (isbn, title, subtitle, author, image_url, published_date, publisher) VALUES ('9791134882211', '이누야샤 와이드판 8', '이누야샤와이드판8', '다카하시 루미코 (지은이)', 'https://image.aladin.co.kr/product/27232/72/cover/k992732496_1.jpg', '2021-05-28', '학산문화사(만화)') ON DUPLICATE KEY UPDATE title=VALUES(title), subtitle=VALUES(subtitle), author=VALUES(author), image_url=VALUES(image_url), published_date=VALUES(published_date), publisher=VALUES(publisher);
INSERT INTO book_detail (isbn, sold_out, free_shipping, list_price, sale_price, author_bio, book_description) VALUES ('9791134882211', 0, 0, 15000, 15000, '다카하시 루미코 (지은이)에 대한 간단 소개입니다.', '다카하시 루미코의 소년만화 〈이누야샤〉!!2021년, 〈이누야샤 와이드판〉으로 다시 탄생하다! !다카하시 루미코의 대표 작품중 하나인 이누야샤!!2000년대 초중반에 큰 인기를 끌었던 〈이누야샤〉가 드디어 와이드판으로 발행된다.약 300페이지 구성의 대 볼륨으로,새로운 컬러 표지와 이누야샤 해설...') ON DUPLICATE KEY UPDATE sold_out=VALUES(sold_out), free_shipping=VALUES(free_shipping), list_price=VALUES(list_price), sale_price=VALUES(sale_price), author_bio=VALUES(author_bio), book_description=VALUES(book_description);
INSERT INTO book (isbn, title, subtitle, author, image_url, published_date, publisher) VALUES ('9791163283119', '2022 EOS 교육학논술 All In One 2 : 문제 마스터 편 - 교원 임용고시 대비', '2022eos교육학논술allinone2문제마스터편교원임용고시대비', '이지원 (지은이)', 'https://image.aladin.co.kr/product/27466/36/cover/k202733689_1.jpg', '2021-06-15', '동문사(교재)') ON DUPLICATE KEY UPDATE title=VALUES(title), subtitle=VALUES(subtitle), author=VALUES(author), image_url=VALUES(image_url), published_date=VALUES(published_date), publisher=VALUES(publisher);
INSERT INTO book_detail (isbn, sold_out, free_shipping, list_price, sale_price, author_bio, book_description) VALUES ('9791163283119', 0, 1, 23000, 23000, '이지원 (지은이)에 대한 간단 소개입니다.', '교육학논술 논술형 기출문제를 영역별.연도별로 정리하였고, 객관식 역대 기출 문제 266문항을 영영벽로 메타분석 후 주관식 서.논술형으로 변형하였다. 또한, 실전모의고사 문제 채점기준표 & 모범답안 5회를 수록하였다.') ON DUPLICATE KEY UPDATE sold_out=VALUES(sold_out), free_shipping=VALUES(free_shipping), list_price=VALUES(list_price), sale_price=VALUES(sale_price), author_bio=VALUES(author_bio), book_description=VALUES(book_description);
INSERT INTO book (isbn, title, subtitle, author, image_url, published_date, publisher) VALUES ('9791165803018', '왕의 짐승 2 - 엄폐의 아르카나', '왕의짐승2엄폐의아르카나', '토마 레이 (지은이)', 'https://image.aladin.co.kr/product/25543/1/cover/k242633327_1.jpg', '2020-11-16', 'YNK MEDIA(만화)') ON DUPLICATE KEY UPDATE title=VALUES(title), subtitle=VALUES(subtitle), author=VALUES(author), image_url=VALUES(image_url), published_date=VALUES(published_date), publisher=VALUES(publisher);
INSERT INTO book_detail (isbn, sold_out, free_shipping, list_price, sale_price, author_bio, book_description) VALUES ('9791165803018', 0, 0, 5000, 5000, '토마 레이 (지은이)에 대한 간단 소개입니다.', '텐요의 결의에 동요하는 란게츠. 하지만 이런 빌어먹을 세상에서 황족인 당신을 무엇을 믿으란 말인가! 거부하는 란게츠였으나 필사적으로 쫓아오는 텐요를 보며 차츰 마음이 움직이고….') ON DUPLICATE KEY UPDATE sold_out=VALUES(sold_out), free_shipping=VALUES(free_shipping), list_price=VALUES(list_price), sale_price=VALUES(sale_price), author_bio=VALUES(author_bio), book_description=VALUES(book_description);
INSERT INTO book (isbn, title, subtitle, author, image_url, published_date, publisher) VALUES ('9788905052614', '풍산자 필수유형 중학 수학 3-1 (2022년)', '풍산자필수유형중학수학312022년', '풍산자수학연구소 (지은이)', 'https://image.aladin.co.kr/product/27882/53/cover/8905052614_2.jpg', '2021-08-10', '지학사(참고서)') ON DUPLICATE KEY UPDATE title=VALUES(title), subtitle=VALUES(subtitle), author=VALUES(author), image_url=VALUES(image_url), published_date=VALUES(published_date), publisher=VALUES(publisher);
INSERT INTO book_detail (isbn, sold_out, free_shipping, list_price, sale_price, author_bio, book_description) VALUES ('9788905052614', 0, 0, 15000, 15000, '풍산자수학연구소 (지은이)에 대한 간단 소개입니다.', '풍쌤비법으로 모든 유형에 대비하는 문제기본서이다. 유형북에서는 개념다지기로 개념을 정리하고, 필수유형 공략하기로 꼭 필요한 유형들만 체계적으로 학습할 수 있도록 하였으며, 필수유형 뛰어넘기로 심화문제를 학습할 수 있도록 하였다.') ON DUPLICATE KEY UPDATE sold_out=VALUES(sold_out), free_shipping=VALUES(free_shipping), list_price=VALUES(list_price), sale_price=VALUES(sale_price), author_bio=VALUES(author_bio), book_description=VALUES(book_description);
INSERT INTO book (isbn, title, subtitle, author, image_url, published_date, publisher) VALUES ('9791129382221', '외과의사 엘리제 4', '외과의사엘리제4', 'mini (지은이)', 'https://image.aladin.co.kr/product/27457/95/cover/k542733476_1.jpg', '2021-08-25', '파인툰') ON DUPLICATE KEY UPDATE title=VALUES(title), subtitle=VALUES(subtitle), author=VALUES(author), image_url=VALUES(image_url), published_date=VALUES(published_date), publisher=VALUES(publisher);
INSERT INTO book_detail (isbn, sold_out, free_shipping, list_price, sale_price, author_bio, book_description) VALUES ('9791129382221', 0, 0, 13500, 13500, 'mini (지은이)에 대한 간단 소개입니다.', '론도에 불어닥친 대재앙! 모두가 해결이 불가능하다 하였을 때 엘리제가 나섰다. 위험을 무릅쓰고 전염병을 해결하기 위해 나선 엘리제. 그리고 그녀 곁에는 황태자 린덴이 있었다. 이번에도 엘리제는 전염병을 해결하고 무사히 수도를 구해낼 수 있을 것인가.') ON DUPLICATE KEY UPDATE sold_out=VALUES(sold_out), free_shipping=VALUES(free_shipping), list_price=VALUES(list_price), sale_price=VALUES(sale_price), author_bio=VALUES(author_bio), book_description=VALUES(book_description);
INSERT INTO book (isbn, title, subtitle, author, image_url, published_date, publisher) VALUES ('9791165802806', '마왕의 오른팔이 되었으니 원작 개악합니다 2 - 시프트코믹스', '마왕의오른팔이되었으니원작개악합니다2시프트코믹스', '지로 아루바 (지은이)', 'https://image.aladin.co.kr/product/25543/8/cover/k392633327_1.jpg', '2020-11-16', 'YNK MEDIA(만화)') ON DUPLICATE KEY UPDATE title=VALUES(title), subtitle=VALUES(subtitle), author=VALUES(author), image_url=VALUES(image_url), published_date=VALUES(published_date), publisher=VALUES(publisher);
INSERT INTO book_detail (isbn, sold_out, free_shipping, list_price, sale_price, author_bio, book_description) VALUES ('9791165802806', 0, 0, 5000, 5000, '지로 아루바 (지은이)에 대한 간단 소개입니다.', '만화 ''라피스라줄리 월드''에서 해피엔딩의 상징으로서 죽임을 당한 라스트 보스 「마왕」을 지지하던 몇 없는 팬인 OL ''토오루''는 마왕이 죽기 직전의 이세계로 전이했다. 그를 구하기 위해 부하로써 하루하루 바삐 움직이던 어느 날.') ON DUPLICATE KEY UPDATE sold_out=VALUES(sold_out), free_shipping=VALUES(free_shipping), list_price=VALUES(list_price), sale_price=VALUES(sale_price), author_bio=VALUES(author_bio), book_description=VALUES(book_description);
INSERT INTO book (isbn, title, subtitle, author, image_url, published_date, publisher) VALUES ('9791129387400', '어느 날 공주가 되어버렸다 6 (양장 다이어리 + 천 파우치 + 탁상형 마그넷 엽서 3종 + 박스 포함 한정판)', NULL, '스푼 (지은이)', 'https://image.aladin.co.kr/product/28063/79/cover/k692734636_1.jpg', '2021-12-31', '캐롯툰') ON DUPLICATE KEY UPDATE title=VALUES(title), subtitle=VALUES(subtitle), author=VALUES(author), image_url=VALUES(image_url), published_date=VALUES(published_date), publisher=VALUES(publisher);
INSERT INTO book_detail (isbn, sold_out, free_shipping, list_price, sale_price, author_bio, book_description) VALUES ('9791129387400', 0, 1, 36000, 36000, '스푼 (지은이)에 대한 간단 소개입니다.', '아빠가 쓰러진 이유가 나 때문이었다고?!아빠는 루카스 덕분에 눈은 떴지만,여전히 날 기억하지 못하고….아빠에게 걸린 저주를 치료할 방법을 찾기 위해제니트를 곁에 두고 있었지만….“아빠!!!”피를 토하며 쓰러져 버린 아빠.알려줘, 루카스!아빠를 살리려면 어떻게 해야 하는 거야?!') ON DUPLICATE KEY UPDATE sold_out=VALUES(sold_out), free_shipping=VALUES(free_shipping), list_price=VALUES(list_price), sale_price=VALUES(sale_price), author_bio=VALUES(author_bio), book_description=VALUES(book_description);
INSERT INTO book (isbn, title, subtitle, author, image_url, published_date, publisher) VALUES ('9791129387387', '어느 날 공주가 되어버렸다 6 (일반판)', NULL, '스푼 (지은이)', 'https://image.aladin.co.kr/product/28064/2/cover/k622734636_1.jpg', '2021-12-31', '캐롯툰') ON DUPLICATE KEY UPDATE title=VALUES(title), subtitle=VALUES(subtitle), author=VALUES(author), image_url=VALUES(image_url), published_date=VALUES(published_date), publisher=VALUES(publisher);
INSERT INTO book_detail (isbn, sold_out, free_shipping, list_price, sale_price, author_bio, book_description) VALUES ('9791129387387', 0, 0, 14000, 14000, '스푼 (지은이)에 대한 간단 소개입니다.', '아빠가 쓰러진 이유가 나 때문이었다고?!아빠는 루카스 덕분에 눈은 떴지만,여전히 날 기억하지 못하고….아빠에게 걸린 저주를 치료할 방법을 찾기 위해제니트를 곁에 두고 있었지만….“아빠!!!”피를 토하며 쓰러져 버린 아빠.알려줘, 루카스!아빠를 살리려면 어떻게 해야 하는 거야?!') ON DUPLICATE KEY UPDATE sold_out=VALUES(sold_out), free_shipping=VALUES(free_shipping), list_price=VALUES(list_price), sale_price=VALUES(sale_price), author_bio=VALUES(author_bio), book_description=VALUES(book_description);
INSERT INTO book (isbn, title, subtitle, author, image_url, published_date, publisher) VALUES ('8809479920251', '2022 미니멀 가계부 × 피터래빗', NULL, '유나 편집부 (엮은이)', 'https://image.aladin.co.kr/product/28065/8/cover/k842734636_1.jpg', '2021-10-25', '유나') ON DUPLICATE KEY UPDATE title=VALUES(title), subtitle=VALUES(subtitle), author=VALUES(author), image_url=VALUES(image_url), published_date=VALUES(published_date), publisher=VALUES(publisher);
INSERT INTO book_detail (isbn, sold_out, free_shipping, list_price, sale_price, author_bio, book_description) VALUES ('8809479920251', 0, 0, 9000, 9000, '유나 편집부 (엮은이)에 대한 간단 소개입니다.', '모든 분들의 꿈을 쉽게 이룰 수 있도록 사용하기 쉬운 양식과 휴대하기 편한 크기를 가진 최고급 가계부. 불필요한 내용은 제거하고 사용자에게 꼭 필요한 내용만을 쓰기 쉽게 담았다.') ON DUPLICATE KEY UPDATE sold_out=VALUES(sold_out), free_shipping=VALUES(free_shipping), list_price=VALUES(list_price), sale_price=VALUES(sale_price), author_bio=VALUES(author_bio), book_description=VALUES(book_description);
INSERT INTO book (isbn, title, subtitle, author, image_url, published_date, publisher) VALUES ('9788954682381', '홈디저트 - 우리 집이 베이커리로 변신하는 레시피', NULL, '우치다 마미 (지은이)', 'https://image.aladin.co.kr/product/28061/54/cover/8954682383_1.jpg', '2021-10-05', '테이스트북스') ON DUPLICATE KEY UPDATE title=VALUES(title), subtitle=VALUES(subtitle), author=VALUES(author), image_url=VALUES(image_url), published_date=VALUES(published_date), publisher=VALUES(publisher);
INSERT INTO book_detail (isbn, sold_out, free_shipping, list_price, sale_price, author_bio, book_description) VALUES ('9788954682381', 0, 0, 18000, 18000, '우치다 마미 (지은이)에 대한 간단 소개입니다.', '오랫동안 디저트를 연구하며 베이킹 책을 다수 출간한 저자의 정확한 레시피가 담겨있다. 책이 이끄는 대로 따라한다면 초보도 실패하지 않고 전문점처럼 근사한 디저트를 만들 수 있다. 고난도의 베이킹 스킬 없이도 집에서 충분히 따라할 수 있다.') ON DUPLICATE KEY UPDATE sold_out=VALUES(sold_out), free_shipping=VALUES(free_shipping), list_price=VALUES(list_price), sale_price=VALUES(sale_price), author_bio=VALUES(author_bio), book_description=VALUES(book_description);
INSERT INTO book (isbn, title, subtitle, author, image_url, published_date, publisher) VALUES ('9791166831003', '펜트하우스 4 - 김순옥 대본집', NULL, '김순옥 (지은이)', 'https://image.aladin.co.kr/product/28061/44/cover/k872734634_1.jpg', '2021-10-18', '넥서스BOOKS') ON DUPLICATE KEY UPDATE title=VALUES(title), subtitle=VALUES(subtitle), author=VALUES(author), image_url=VALUES(image_url), published_date=VALUES(published_date), publisher=VALUES(publisher);
INSERT INTO book_detail (isbn, sold_out, free_shipping, list_price, sale_price, author_bio, book_description) VALUES ('9791166831003', 0, 1, 24000, 24000, '김순옥 (지은이)에 대한 간단 소개입니다.', '‘드라마의 공식’ 파괴자 김순옥 작가의 첫 공식 대본집. 지상파 드라마 5년 만에 시청률 30%를 돌파한 ''펜트하우스'' 무삭제 대본집이다. 광기 어린 명연기의 비결은 치밀한 극본에 있었다. TV에서는 볼 수 없었던 작가의 지시문들이 수록되었다.') ON DUPLICATE KEY UPDATE sold_out=VALUES(sold_out), free_shipping=VALUES(free_shipping), list_price=VALUES(list_price), sale_price=VALUES(sale_price), author_bio=VALUES(author_bio), book_description=VALUES(book_description);
INSERT INTO book (isbn, title, subtitle, author, image_url, published_date, publisher) VALUES ('9791190893961', '이주노동자를 묻는 십대에게 - 움직이는 노동력 뒤 진짜 사람 이야기', NULL, '이란주 (지은이)', 'https://image.aladin.co.kr/product/28061/37/cover/k652734634_1.jpg', '2021-10-15', '서해문집') ON DUPLICATE KEY UPDATE title=VALUES(title), subtitle=VALUES(subtitle), author=VALUES(author), image_url=VALUES(image_url), published_date=VALUES(published_date), publisher=VALUES(publisher);
INSERT INTO book_detail (isbn, sold_out, free_shipping, list_price, sale_price, author_bio, book_description) VALUES ('9791190893961', 0, 0, 13000, 13000, '이란주 (지은이)에 대한 간단 소개입니다.', '1995년부터 현재까지 이주민과 이주노동자의 인권 보호를 위한 활동을 활발히 하면서도 에세이와 르포 소설 등 관련 주제를 다양하게 집필해온 이란주 작가의 ‘청소년을 위한 이주노동자 입문서’다.') ON DUPLICATE KEY UPDATE sold_out=VALUES(sold_out), free_shipping=VALUES(free_shipping), list_price=VALUES(list_price), sale_price=VALUES(sale_price), author_bio=VALUES(author_bio), book_description=VALUES(book_description);
INSERT INTO book (isbn, title, subtitle, author, image_url, published_date, publisher) VALUES ('9791185359427', '특성 없는 남자 - 1-3권 합본 양장판', NULL, '로베르트 무질 (지은이)', 'https://image.aladin.co.kr/product/28061/30/cover/k452734634_1.jpg', '2021-09-30', '북인더갭') ON DUPLICATE KEY UPDATE title=VALUES(title), subtitle=VALUES(subtitle), author=VALUES(author), image_url=VALUES(image_url), published_date=VALUES(published_date), publisher=VALUES(publisher);
INSERT INTO book_detail (isbn, sold_out, free_shipping, list_price, sale_price, author_bio, book_description) VALUES ('9791185359427', 0, 1, 42000, 42000, '로베르트 무질 (지은이)에 대한 간단 소개입니다.', '&lt;잃어버린 시간을 찾아서&gt;, &lt;율리시즈&gt;와 함께 20세기 모더니즘의 3대 걸작 중 하나로 꼽히는 로베르트 무질의 소설. 20세기의 가장 독특한 ''사유 소설''로서 밀란 쿤데라와 존 쿠체 같은 현대작가들에게 지속적인 영향력을 끼친 작품이다.') ON DUPLICATE KEY UPDATE sold_out=VALUES(sold_out), free_shipping=VALUES(free_shipping), list_price=VALUES(list_price), sale_price=VALUES(sale_price), author_bio=VALUES(author_bio), book_description=VALUES(book_description);
INSERT INTO book (isbn, title, subtitle, author, image_url, published_date, publisher) VALUES ('9791165731892', '티나의 종이집', NULL, '김개미 (지은이)', 'https://image.aladin.co.kr/product/28061/26/cover/k382734634_1.jpg', '2021-10-05', '천개의바람') ON DUPLICATE KEY UPDATE title=VALUES(title), subtitle=VALUES(subtitle), author=VALUES(author), image_url=VALUES(image_url), published_date=VALUES(published_date), publisher=VALUES(publisher);
INSERT INTO book_detail (isbn, sold_out, free_shipping, list_price, sale_price, author_bio, book_description) VALUES ('9791165731892', 0, 0, 12000, 12000, '김개미 (지은이)에 대한 간단 소개입니다.', '바람동시책 1권. 시를 품은 이야기이자 이야기가 있는 동시집으로, 하나의 이야기 안에 인물들의 다양한 감정과 사건들을 동시로 풀어 놓고 있다. 김개미 작가는 누군가를 좋아하는 감정이 싹트기 시작한 아이의 마음을 시인의 눈으로 바라보았다.') ON DUPLICATE KEY UPDATE sold_out=VALUES(sold_out), free_shipping=VALUES(free_shipping), list_price=VALUES(list_price), sale_price=VALUES(sale_price), author_bio=VALUES(author_bio), book_description=VALUES(book_description);
INSERT INTO book (isbn, title, subtitle, author, image_url, published_date, publisher) VALUES ('9791185359410', '특성 없는 남자 3', NULL, '로베르트 무질 (지은이)', 'https://image.aladin.co.kr/product/28061/0/cover/k212734634_1.jpg', '2021-09-30', '북인더갭') ON DUPLICATE KEY UPDATE title=VALUES(title), subtitle=VALUES(subtitle), author=VALUES(author), image_url=VALUES(image_url), published_date=VALUES(published_date), publisher=VALUES(publisher);
INSERT INTO book_detail (isbn, sold_out, free_shipping, list_price, sale_price, author_bio, book_description) VALUES ('9791185359410', 0, 0, 17000, 17000, '로베르트 무질 (지은이)에 대한 간단 소개입니다.', '&lt;잃어버린 시간을 찾아서&gt;, &lt;율리시즈&gt;와 함께 20세기 모더니즘의 3대 걸작 중 하나로 꼽히는 로베르트 무질의 소설. 20세기의 가장 독특한 ''사유 소설''로서 밀란 쿤데라와 존 쿠체 같은 현대작가들에게 지속적인 영향력을 끼친 작품이다.') ON DUPLICATE KEY UPDATE sold_out=VALUES(sold_out), free_shipping=VALUES(free_shipping), list_price=VALUES(list_price), sale_price=VALUES(sale_price), author_bio=VALUES(author_bio), book_description=VALUES(book_description);
INSERT INTO book (isbn, title, subtitle, author, image_url, published_date, publisher) VALUES ('9788937444814', '마리에게 생긴 일', NULL, '이네스 바야르 (지은이)', 'https://image.aladin.co.kr/product/28060/61/cover/893744481x_1.jpg', '2021-09-24', '민음사') ON DUPLICATE KEY UPDATE title=VALUES(title), subtitle=VALUES(subtitle), author=VALUES(author), image_url=VALUES(image_url), published_date=VALUES(published_date), publisher=VALUES(publisher);
INSERT INTO book_detail (isbn, sold_out, free_shipping, list_price, sale_price, author_bio, book_description) VALUES ('9788937444814', 0, 0, 14000, 14000, '이네스 바야르 (지은이)에 대한 간단 소개입니다.', '케이트 엘리자베스 러셀과 함께 동시대 최고의 스릴러 작가로 주목받는 1991년생 무서운 신예 이네스 바야르의 첫 소설이다. 이 소설의 원제를 직역하면 ‘아랫도리의 불행’이라는 의미인데, 프랑스에서 출간되자마자 그 의미의 도발성부터 큰 화제를 낳았다.') ON DUPLICATE KEY UPDATE sold_out=VALUES(sold_out), free_shipping=VALUES(free_shipping), list_price=VALUES(list_price), sale_price=VALUES(sale_price), author_bio=VALUES(author_bio), book_description=VALUES(book_description);
INSERT INTO book (isbn, title, subtitle, author, image_url, published_date, publisher) VALUES ('9788947547567', '제로 투 원 (리커버) - 스탠퍼드대학교 스타트업 최고 명강의', NULL, '피터 틸', 'https://image.aladin.co.kr/product/28060/22/cover/8947547565_1.jpg', '2021-10-04', '한국경제신문') ON DUPLICATE KEY UPDATE title=VALUES(title), subtitle=VALUES(subtitle), author=VALUES(author), image_url=VALUES(image_url), published_date=VALUES(published_date), publisher=VALUES(publisher);
INSERT INTO book_detail (isbn, sold_out, free_shipping, list_price, sale_price, author_bio, book_description) VALUES ('9788947547567', 0, 0, 16000, 16000, '피터 틸에 대한 간단 소개입니다.', '페이팔 공동 창업자이자 벤처캐피탈 투자자인 피터 틸이 새로운 것을 창조하는 회사를 만들고, 미래의 흐름을 읽어 성공하는 법에 대해 말하는 책. 저자는 경쟁자를 따돌리고 새로운 시장을 개척하는 ‘독점’이야 말로 진정한 성공과 진보의 필요조건이라 말한다.') ON DUPLICATE KEY UPDATE sold_out=VALUES(sold_out), free_shipping=VALUES(free_shipping), list_price=VALUES(list_price), sale_price=VALUES(sale_price), author_bio=VALUES(author_bio), book_description=VALUES(book_description);
INSERT INTO book (isbn, title, subtitle, author, image_url, published_date, publisher) VALUES ('9791158362652', '모퉁이를 돌면', NULL, '성현정 (지은이)', 'https://image.aladin.co.kr/product/28059/95/cover/k892734631_1.jpg', '2021-09-30', '책읽는곰') ON DUPLICATE KEY UPDATE title=VALUES(title), subtitle=VALUES(subtitle), author=VALUES(author), image_url=VALUES(image_url), published_date=VALUES(published_date), publisher=VALUES(publisher);
INSERT INTO book_detail (isbn, sold_out, free_shipping, list_price, sale_price, author_bio, book_description) VALUES ('9791158362652', 0, 0, 11000, 11000, '성현정 (지은이)에 대한 간단 소개입니다.', '&lt;두 배로 카메라&gt;로 비룡소 문학상을 수상했던 성현정 작가가 현실의 무게를 견디며 현재를 살아가는 어린이들을 응원하는 판타지 동화 세 편을 가지고 돌아왔다. 세 아이는 과연 어떤 선택을 하게 될까?') ON DUPLICATE KEY UPDATE sold_out=VALUES(sold_out), free_shipping=VALUES(free_shipping), list_price=VALUES(list_price), sale_price=VALUES(sale_price), author_bio=VALUES(author_bio), book_description=VALUES(book_description);
INSERT INTO book (isbn, title, subtitle, author, image_url, published_date, publisher) VALUES ('9788960518902', '라이프 트렌드 2022 : Better Normal Life', NULL, '김용섭 (지은이)', 'https://image.aladin.co.kr/product/28059/83/cover/8960518905_1.jpg', '2021-10-20', '부키') ON DUPLICATE KEY UPDATE title=VALUES(title), subtitle=VALUES(subtitle), author=VALUES(author), image_url=VALUES(image_url), published_date=VALUES(published_date), publisher=VALUES(publisher);
INSERT INTO book_detail (isbn, sold_out, free_shipping, list_price, sale_price, author_bio, book_description) VALUES ('9788960518902', 0, 0, 18000, 18000, '김용섭 (지은이)에 대한 간단 소개입니다.', '2022년은 2020~2021년처럼 뉴 노멀(New Normal)에 적응하느라 급급한 때가 아니라 적극적으로 베터 노멀 라이프(Better Normal Life)를 욕망하는 해다. 과거로 돌아가는 것이 아니라 팬데믹을 거치면서 바뀐 우리의 욕망, 사회, 비즈니스 등을 흡수한 채 더 나은 일상을 찾고자 한다.') ON DUPLICATE KEY UPDATE sold_out=VALUES(sold_out), free_shipping=VALUES(free_shipping), list_price=VALUES(list_price), sale_price=VALUES(sale_price), author_bio=VALUES(author_bio), book_description=VALUES(book_description);
INSERT INTO book (isbn, title, subtitle, author, image_url, published_date, publisher) VALUES ('9791197329548', '숨을, 쉬다 - 무너진 내 몸과 감정의 균형을 찾아주는 맨 처음 처방', NULL, '애슐리 니스 (지은이)', 'https://image.aladin.co.kr/product/28059/74/cover/k152734630_1.jpg', '2021-10-04', '책사람집') ON DUPLICATE KEY UPDATE title=VALUES(title), subtitle=VALUES(subtitle), author=VALUES(author), image_url=VALUES(image_url), published_date=VALUES(published_date), publisher=VALUES(publisher);
INSERT INTO book_detail (isbn, sold_out, free_shipping, list_price, sale_price, author_bio, book_description) VALUES ('9791197329548', 0, 0, 15000, 15000, '애슐리 니스 (지은이)에 대한 간단 소개입니다.', '숨의 원리와 숨 쉬기의 기초, 숨과 감정이 연결되는 메커니즘, 스트레스 반응과 회복력의 관계를 알기 쉽게 설명하고, 불안?분노?긴장?슬픔?불면 등을 다스리며, 집중력?회복력?친밀함?즐거움?활력 등을 향상시키는, 일상을 위한 25가지 숨 연습을 친절하게 소개한다.') ON DUPLICATE KEY UPDATE sold_out=VALUES(sold_out), free_shipping=VALUES(free_shipping), list_price=VALUES(list_price), sale_price=VALUES(sale_price), author_bio=VALUES(author_bio), book_description=VALUES(book_description);
INSERT INTO book (isbn, title, subtitle, author, image_url, published_date, publisher) VALUES ('9788983928825', '크리스마스 피그', NULL, 'J.K. 롤링 (지은이)', 'https://image.aladin.co.kr/product/28059/73/cover/8983928824_1.jpg', '2021-10-12', '문학수첩') ON DUPLICATE KEY UPDATE title=VALUES(title), subtitle=VALUES(subtitle), author=VALUES(author), image_url=VALUES(image_url), published_date=VALUES(published_date), publisher=VALUES(publisher);
INSERT INTO book_detail (isbn, sold_out, free_shipping, list_price, sale_price, author_bio, book_description) VALUES ('9788983928825', 0, 1, 20000, 20000, 'J.K. 롤링 (지은이)에 대한 간단 소개입니다.', '&lt;해리 포터&gt; 시리즈를 집필한 이후 J.K. 롤링이 처음으로 쓴 어린이를 위한 소설이다. 작가는 어린이 독자를 염두에 두고 썼다고 말하지만, J.K. 롤링의 상상력과 문장력이 유감없이 발휘된 이 소설은 성인 독자에게도 독서의 즐거움과 잔잔한 감동을 선사한다.') ON DUPLICATE KEY UPDATE sold_out=VALUES(sold_out), free_shipping=VALUES(free_shipping), list_price=VALUES(list_price), sale_price=VALUES(sale_price), author_bio=VALUES(author_bio), book_description=VALUES(book_description);
INSERT INTO book (isbn, title, subtitle, author, image_url, published_date, publisher) VALUES ('9791160077360', '나는 오늘도 부동산에서 자유를 산다', NULL, '너우리 (지은이)', 'https://image.aladin.co.kr/product/28045/73/cover/k702734336_1.jpg', '2021-10-06', '한즈미디어(한스미디어)') ON DUPLICATE KEY UPDATE title=VALUES(title), subtitle=VALUES(subtitle), author=VALUES(author), image_url=VALUES(image_url), published_date=VALUES(published_date), publisher=VALUES(publisher);
INSERT INTO book_detail (isbn, sold_out, free_shipping, list_price, sale_price, author_bio, book_description) VALUES ('9791160077360', 0, 0, 17500, 17500, '너우리 (지은이)에 대한 간단 소개입니다.', '부동산 시장의 셈법이 날로 복잡해지고 있다. 불안정한 직장과 노후에 대한 고민까지 껴안고 있는 직장인이라면 얼굴에 수색이 가득할 것이다. 《나는 오늘도 부동산에서 자유를 산다》는 이처럼 ‘부동산’이라고 하면 속부터 답답해지는 독자들을 위한 속 시원한 안내서다.') ON DUPLICATE KEY UPDATE sold_out=VALUES(sold_out), free_shipping=VALUES(free_shipping), list_price=VALUES(list_price), sale_price=VALUES(sale_price), author_bio=VALUES(author_bio), book_description=VALUES(book_description);
INSERT INTO book (isbn, title, subtitle, author, image_url, published_date, publisher) VALUES ('9787338111516', 'Bossy boots', 'bossyboots', 'by Liza Charlesworth', NULL, '2022-01-21', NULL) ON DUPLICATE KEY UPDATE title=VALUES(title), subtitle=VALUES(subtitle), author=VALUES(author), image_url=VALUES(image_url), published_date=VALUES(published_date), publisher=VALUES(publisher);
INSERT INTO book_detail (isbn, sold_out, free_shipping, list_price, sale_price, author_bio, book_description) VALUES ('9787338111516', 0, 0, NULL, NULL, 'by Liza Charlesworth에 대한 간단 소개입니다.', 'Bossy boots — bossyboots에 대한 자동 생성 소개입니다.') ON DUPLICATE KEY UPDATE sold_out=VALUES(sold_out), free_shipping=VALUES(free_shipping), list_price=VALUES(list_price), sale_price=VALUES(sale_price), author_bio=VALUES(author_bio), book_description=VALUES(book_description);
INSERT INTO book (isbn, title, subtitle, author, image_url, published_date, publisher) VALUES ('9781338674248', '(The)Slippery ice pop', 'theslipperyicepop', 'by Liza Charlesworth', NULL, '2022-08-03', NULL) ON DUPLICATE KEY UPDATE title=VALUES(title), subtitle=VALUES(subtitle), author=VALUES(author), image_url=VALUES(image_url), published_date=VALUES(published_date), publisher=VALUES(publisher);
INSERT INTO book_detail (isbn, sold_out, free_shipping, list_price, sale_price, author_bio, book_description) VALUES ('9781338674248', 0, 0, NULL, NULL, 'by Liza Charlesworth에 대한 간단 소개입니다.', '(The)Slippery ice pop — theslipperyicepop에 대한 자동 생성 소개입니다.') ON DUPLICATE KEY UPDATE sold_out=VALUES(sold_out), free_shipping=VALUES(free_shipping), list_price=VALUES(list_price), sale_price=VALUES(sale_price), author_bio=VALUES(author_bio), book_description=VALUES(book_description);
INSERT INTO book (isbn, title, subtitle, author, image_url, published_date, publisher) VALUES ('9780578784045', 'Omma can do it', 'ommacandoit', 'by Allison Park Brown', NULL, '2023-05-28', NULL) ON DUPLICATE KEY UPDATE title=VALUES(title), subtitle=VALUES(subtitle), author=VALUES(author), image_url=VALUES(image_url), published_date=VALUES(published_date), publisher=VALUES(publisher);
INSERT INTO book_detail (isbn, sold_out, free_shipping, list_price, sale_price, author_bio, book_description) VALUES ('9780578784045', 0, 0, NULL, NULL, 'by Allison Park Brown에 대한 간단 소개입니다.', 'Omma can do it — ommacandoit에 대한 자동 생성 소개입니다.') ON DUPLICATE KEY UPDATE sold_out=VALUES(sold_out), free_shipping=VALUES(free_shipping), list_price=VALUES(list_price), sale_price=VALUES(sale_price), author_bio=VALUES(author_bio), book_description=VALUES(book_description);
INSERT INTO book (isbn, title, subtitle, author, image_url, published_date, publisher) VALUES ('9791162671795', '건강을 위해 귀를 보라', '건강을위해귀를보라', '김윤주 (지은이)', 'https://image.aladin.co.kr/product/27800/88/cover/e162538442_1.jpg', '2021-08-16', '담아') ON DUPLICATE KEY UPDATE title=VALUES(title), subtitle=VALUES(subtitle), author=VALUES(author), image_url=VALUES(image_url), published_date=VALUES(published_date), publisher=VALUES(publisher);
INSERT INTO book_detail (isbn, sold_out, free_shipping, list_price, sale_price, author_bio, book_description) VALUES ('9791162671795', 0, 0, 6000, 6000, '김윤주 (지은이)에 대한 간단 소개입니다.', '이혈 마사지를 통한 건강 지키기.쉽게 누구나 따라 할 수 있는 귀마사지를 습관화해 보세요.') ON DUPLICATE KEY UPDATE sold_out=VALUES(sold_out), free_shipping=VALUES(free_shipping), list_price=VALUES(list_price), sale_price=VALUES(sale_price), author_bio=VALUES(author_bio), book_description=VALUES(book_description);
INSERT INTO book (isbn, title, subtitle, author, image_url, published_date, publisher) VALUES ('9788990672259', '투명 인간', '투명인간', '허버트 조지 웰스 지음', NULL, '2024-08-16', NULL) ON DUPLICATE KEY UPDATE title=VALUES(title), subtitle=VALUES(subtitle), author=VALUES(author), image_url=VALUES(image_url), published_date=VALUES(published_date), publisher=VALUES(publisher);
INSERT INTO book_detail (isbn, sold_out, free_shipping, list_price, sale_price, author_bio, book_description) VALUES ('9788990672259', 0, 0, NULL, NULL, '허버트 조지 웰스 지음에 대한 간단 소개입니다.', '투명 인간 — 투명인간에 대한 자동 생성 소개입니다.') ON DUPLICATE KEY UPDATE sold_out=VALUES(sold_out), free_shipping=VALUES(free_shipping), list_price=VALUES(list_price), sale_price=VALUES(sale_price), author_bio=VALUES(author_bio), book_description=VALUES(book_description);
INSERT INTO book (isbn, title, subtitle, author, image_url, published_date, publisher) VALUES ('9791197221415', '7일 만에 스스로 동안童顔 만들기 - 아름다움은 눈에 보이지 않는 힘!', '7일만에스스로동안만들기아름다움은눈에보이지않는', '김성숙 (지은이)', 'https://image.aladin.co.kr/product/27549/14/cover/k932733496_1.jpg', '2021-06-30', '은누리') ON DUPLICATE KEY UPDATE title=VALUES(title), subtitle=VALUES(subtitle), author=VALUES(author), image_url=VALUES(image_url), published_date=VALUES(published_date), publisher=VALUES(publisher);
INSERT INTO book_detail (isbn, sold_out, free_shipping, list_price, sale_price, author_bio, book_description) VALUES ('9791197221415', 0, 0, 12000, 12000, '김성숙 (지은이)에 대한 간단 소개입니다.', '탁상용 캘린더 형으로 활용도가 높으며, 마사지 동작(일러스트)을 따라 하기 쉽다. 자가관리 경락마사지로 부작용이 없다. 단기(7일 만에) 공략 목표를 제시하며, 아로마 에션셀오일에 대한 이해를 높인다.') ON DUPLICATE KEY UPDATE sold_out=VALUES(sold_out), free_shipping=VALUES(free_shipping), list_price=VALUES(list_price), sale_price=VALUES(sale_price), author_bio=VALUES(author_bio), book_description=VALUES(book_description);
INSERT INTO book (isbn, title, subtitle, author, image_url, published_date, publisher) VALUES ('9791195969463', '직독직해로 영어일기 완성하기(기본)(5)', '직독직해로영어일기완성하기기본5', '이상익', 'https://bookthumb-phinf.pstatic.net/cover/115/451/11545142.jpg?type=m1&udate=20170802', '2016-12-20', 'SNN') ON DUPLICATE KEY UPDATE title=VALUES(title), subtitle=VALUES(subtitle), author=VALUES(author), image_url=VALUES(image_url), published_date=VALUES(published_date), publisher=VALUES(publisher);
INSERT INTO book_detail (isbn, sold_out, free_shipping, list_price, sale_price, author_bio, book_description) VALUES ('9791195969463', 0, 0, 3000, 3000, '이상익에 대한 간단 소개입니다.', '아직도 영어 읽기를 잘 못하나요. 여기에서 쉬운 원리만 조금 익히면 100% 영어읽기가 가능합니다. 이 방법이면 영어 읽기를 한글 책 읽듯이 읽어 나갈 수 있습니다 .  영어 읽기는 아주 쉽습니다.') ON DUPLICATE KEY UPDATE sold_out=VALUES(sold_out), free_shipping=VALUES(free_shipping), list_price=VALUES(list_price), sale_price=VALUES(sale_price), author_bio=VALUES(author_bio), book_description=VALUES(book_description);
INSERT INTO book (isbn, title, subtitle, author, image_url, published_date, publisher) VALUES ('9791195969425', '직독직해로 영어읽기 완성하기(기본)(1)', '직독직해로영어읽기완성하기기본1', '이상익', 'https://bookthumb-phinf.pstatic.net/cover/115/451/11545139.jpg?type=m1&udate=20170802', '2016-12-19', 'SNN') ON DUPLICATE KEY UPDATE title=VALUES(title), subtitle=VALUES(subtitle), author=VALUES(author), image_url=VALUES(image_url), published_date=VALUES(published_date), publisher=VALUES(publisher);
INSERT INTO book_detail (isbn, sold_out, free_shipping, list_price, sale_price, author_bio, book_description) VALUES ('9791195969425', 0, 0, 3000, 3000, '이상익에 대한 간단 소개입니다.', '아직도 영어 읽기를 잘 못하나요. 여기에서 쉬운 원리만 조금 익히면 100% 영어읽기가 가능합니다. 이 방법이면 영어 읽기를 한글 책 읽듯이 읽어 나갈 수 있습니다 .  영어 읽기는 아주 쉽습니다.') ON DUPLICATE KEY UPDATE sold_out=VALUES(sold_out), free_shipping=VALUES(free_shipping), list_price=VALUES(list_price), sale_price=VALUES(sale_price), author_bio=VALUES(author_bio), book_description=VALUES(book_description);
INSERT INTO book (isbn, title, subtitle, author, image_url, published_date, publisher) VALUES ('9791187932017', '직독직해로 영어읽기 완성하기(기본)(10)', '직독직해로영어읽기완성하기기본10', '이상익', 'https://bookthumb-phinf.pstatic.net/cover/115/157/11515710.jpg?type=m1&udate=20170802', '2017-01-01', 'SNN') ON DUPLICATE KEY UPDATE title=VALUES(title), subtitle=VALUES(subtitle), author=VALUES(author), image_url=VALUES(image_url), published_date=VALUES(published_date), publisher=VALUES(publisher);
INSERT INTO book_detail (isbn, sold_out, free_shipping, list_price, sale_price, author_bio, book_description) VALUES ('9791187932017', 0, 0, 3000, 3000, '이상익에 대한 간단 소개입니다.', '아직도 영어 읽기를 잘 못하나요. 여기에서 쉬운 원리만 조금 익히면 100% 영어읽기가 가능합니다. 이 방법이면 영어 읽기를 한글 책 읽듯이 읽어 나갈 수 있습니다.  영어 읽기는 아주 쉽습니다.') ON DUPLICATE KEY UPDATE sold_out=VALUES(sold_out), free_shipping=VALUES(free_shipping), list_price=VALUES(list_price), sale_price=VALUES(sale_price), author_bio=VALUES(author_bio), book_description=VALUES(book_description);
INSERT INTO book (isbn, title, subtitle, author, image_url, published_date, publisher) VALUES ('9791195969432', '직독직해로 영어읽기 완성하기(기본)(2)', '직독직해로영어읽기완성하기기본2', '이상익', 'https://bookthumb-phinf.pstatic.net/cover/115/451/11545138.jpg?type=m1&udate=20170802', '2016-12-19', 'SNN') ON DUPLICATE KEY UPDATE title=VALUES(title), subtitle=VALUES(subtitle), author=VALUES(author), image_url=VALUES(image_url), published_date=VALUES(published_date), publisher=VALUES(publisher);
INSERT INTO book_detail (isbn, sold_out, free_shipping, list_price, sale_price, author_bio, book_description) VALUES ('9791195969432', 0, 0, 3000, 3000, '이상익에 대한 간단 소개입니다.', '아직도 영어 읽기를 잘 못하나요. 여기에서 쉬운 원리만 조금 익히면 100% 영어읽기가 가능합니다. 이 방법이면 영어 읽기를 한글 책 읽듯이 읽어 나갈 수 있습니다 .  영어 읽기는 아주 쉽습니다.') ON DUPLICATE KEY UPDATE sold_out=VALUES(sold_out), free_shipping=VALUES(free_shipping), list_price=VALUES(list_price), sale_price=VALUES(sale_price), author_bio=VALUES(author_bio), book_description=VALUES(book_description);
INSERT INTO book (isbn, title, subtitle, author, image_url, published_date, publisher) VALUES ('9791195969449', '직독직해로 영어읽기 완성하기(기본)(3)', '직독직해로영어읽기완성하기기본3', '이상익', 'https://bookthumb-phinf.pstatic.net/cover/115/451/11545137.jpg?type=m1&udate=20170802', '2016-12-19', 'SNN') ON DUPLICATE KEY UPDATE title=VALUES(title), subtitle=VALUES(subtitle), author=VALUES(author), image_url=VALUES(image_url), published_date=VALUES(published_date), publisher=VALUES(publisher);
INSERT INTO book_detail (isbn, sold_out, free_shipping, list_price, sale_price, author_bio, book_description) VALUES ('9791195969449', 0, 0, 3000, 3000, '이상익에 대한 간단 소개입니다.', '아직도 영어 읽기를 잘 못하나요. 여기에서 쉬운 원리만 조금 익히면 100% 영어읽기가 가능합니다. 이 방법이면 영어 읽기를 한글 책 읽듯이 읽어 나갈 수 있습니다 .  영어 읽기는 아주 쉽습니다.') ON DUPLICATE KEY UPDATE sold_out=VALUES(sold_out), free_shipping=VALUES(free_shipping), list_price=VALUES(list_price), sale_price=VALUES(sale_price), author_bio=VALUES(author_bio), book_description=VALUES(book_description);
INSERT INTO book (isbn, title, subtitle, author, image_url, published_date, publisher) VALUES ('9791195969456', '직독직해로 영어읽기 완성하기(기본)(4)', '직독직해로영어읽기완성하기기본4', '이상익', 'https://bookthumb-phinf.pstatic.net/cover/115/451/11545143.jpg?type=m1&udate=20170802', '2016-12-20', 'SNN') ON DUPLICATE KEY UPDATE title=VALUES(title), subtitle=VALUES(subtitle), author=VALUES(author), image_url=VALUES(image_url), published_date=VALUES(published_date), publisher=VALUES(publisher);
INSERT INTO book_detail (isbn, sold_out, free_shipping, list_price, sale_price, author_bio, book_description) VALUES ('9791195969456', 0, 0, 3000, 3000, '이상익에 대한 간단 소개입니다.', '아직도 영어 읽기를 잘 못하나요. 여기에서 쉬운 원리만 조금 익히면 100% 영어읽기가 가능합니다. 이 방법이면 영어 읽기를 한글 책 읽듯이 읽어 나갈 수 있습니다 .  영어 읽기는 아주 쉽습니다.') ON DUPLICATE KEY UPDATE sold_out=VALUES(sold_out), free_shipping=VALUES(free_shipping), list_price=VALUES(list_price), sale_price=VALUES(sale_price), author_bio=VALUES(author_bio), book_description=VALUES(book_description);
INSERT INTO book (isbn, title, subtitle, author, image_url, published_date, publisher) VALUES ('9791195969470', '직독직해로 영어읽기 완성하기(기본)(6)', '직독직해로영어읽기완성하기기본6', '이상익', 'https://bookthumb-phinf.pstatic.net/cover/115/451/11545141.jpg?type=m1&udate=20170802', '2016-12-20', 'SNN') ON DUPLICATE KEY UPDATE title=VALUES(title), subtitle=VALUES(subtitle), author=VALUES(author), image_url=VALUES(image_url), published_date=VALUES(published_date), publisher=VALUES(publisher);
INSERT INTO book_detail (isbn, sold_out, free_shipping, list_price, sale_price, author_bio, book_description) VALUES ('9791195969470', 0, 0, 3000, 3000, '이상익에 대한 간단 소개입니다.', '아직도 영어 읽기를 잘 못하나요. 여기에서 쉬운 원리만 조금 익히면 100% 영어읽기가 가능합니다. 이 방법이면 영어 읽기를 한글 책 읽듯이 읽어 나갈 수 있습니다 .  영어 읽기는 아주 쉽습니다.') ON DUPLICATE KEY UPDATE sold_out=VALUES(sold_out), free_shipping=VALUES(free_shipping), list_price=VALUES(list_price), sale_price=VALUES(sale_price), author_bio=VALUES(author_bio), book_description=VALUES(book_description);
INSERT INTO book (isbn, title, subtitle, author, image_url, published_date, publisher) VALUES ('9791195969494', '직독직해로 영어읽기 완성하기(기본)(8)', '직독직해로영어읽기완성하기기본8', '이상익', 'https://bookthumb-phinf.pstatic.net/cover/115/157/11515711.jpg?type=m1&udate=20170802', '2017-01-01', 'SNN') ON DUPLICATE KEY UPDATE title=VALUES(title), subtitle=VALUES(subtitle), author=VALUES(author), image_url=VALUES(image_url), published_date=VALUES(published_date), publisher=VALUES(publisher);
INSERT INTO book_detail (isbn, sold_out, free_shipping, list_price, sale_price, author_bio, book_description) VALUES ('9791195969494', 0, 0, 3000, 3000, '이상익에 대한 간단 소개입니다.', '아직도 영어 읽기를 잘 못하나요. 여기에서 쉬운 원리만 조금 익히면 100% 영어읽기가 가능합니다. 이 방법이면 영어 읽기를 한글 책 읽듯이 읽어 나갈 수 있습니다 .  영어 읽기는 아주 쉽습니다.') ON DUPLICATE KEY UPDATE sold_out=VALUES(sold_out), free_shipping=VALUES(free_shipping), list_price=VALUES(list_price), sale_price=VALUES(sale_price), author_bio=VALUES(author_bio), book_description=VALUES(book_description);
INSERT INTO book (isbn, title, subtitle, author, image_url, published_date, publisher) VALUES ('9791187932000', '직독직해로 영어읽기 완성하기(기본)(9)', '직독직해로영어읽기완성하기기본9', '이상익', 'https://bookthumb-phinf.pstatic.net/cover/115/157/11515712.jpg?type=m1&udate=20170802', '2017-01-01', 'SNN') ON DUPLICATE KEY UPDATE title=VALUES(title), subtitle=VALUES(subtitle), author=VALUES(author), image_url=VALUES(image_url), published_date=VALUES(published_date), publisher=VALUES(publisher);
INSERT INTO book_detail (isbn, sold_out, free_shipping, list_price, sale_price, author_bio, book_description) VALUES ('9791187932000', 0, 0, 3000, 3000, '이상익에 대한 간단 소개입니다.', '아직도 영어 읽기를 잘 못하나요. 여기에서 쉬운 원리만 조금 익히면 100% 영어읽기가 가능합니다. 이 방법이면 영어 읽기를 한글 책 읽듯이 읽어 나갈 수 있습니다 .  영어 읽기는 아주 쉽습니다.') ON DUPLICATE KEY UPDATE sold_out=VALUES(sold_out), free_shipping=VALUES(free_shipping), list_price=VALUES(list_price), sale_price=VALUES(sale_price), author_bio=VALUES(author_bio), book_description=VALUES(book_description);
INSERT INTO book (isbn, title, subtitle, author, image_url, published_date, publisher) VALUES ('9791189950538', '벌거벗은 임금님', '벌거벗은임금님', '안데르센 (지은이)', 'https://image.aladin.co.kr/product/18831/53/cover/e542535561_3.jpg', '2019-04-02', '다윗컨설팅') ON DUPLICATE KEY UPDATE title=VALUES(title), subtitle=VALUES(subtitle), author=VALUES(author), image_url=VALUES(image_url), published_date=VALUES(published_date), publisher=VALUES(publisher);
INSERT INTO book_detail (isbn, sold_out, free_shipping, list_price, sale_price, author_bio, book_description) VALUES ('9791189950538', 0, 0, 900, 900, '안데르센 (지은이)에 대한 간단 소개입니다.', '좋은 문학 작품을 보는 것은 인생에서 훌륭한 경험을 줍니다. 사람은 새로운 삶을 사는 것이 아니라 옛날이나 지금이나 모두가 비슷한 삶을 살아갑니다. 고전을 읽는 것은 지식과 경험, 사색을 위하여 좋은 도구가 됩니다. 어렸을 때 읽었던 책이 인생을 바꿀 수도 있습니다. 아브라함 링컨은 성경책과 이솝우화를...') ON DUPLICATE KEY UPDATE sold_out=VALUES(sold_out), free_shipping=VALUES(free_shipping), list_price=VALUES(list_price), sale_price=VALUES(sale_price), author_bio=VALUES(author_bio), book_description=VALUES(book_description);
INSERT INTO book (isbn, title, subtitle, author, image_url, published_date, publisher) VALUES ('9791189950545', '성냥팔이 소녀', '성냥팔이소녀', '안데르센 (지은이)', 'https://image.aladin.co.kr/product/18831/53/cover/e532535561_3.jpg', '2019-04-02', '다윗컨설팅') ON DUPLICATE KEY UPDATE title=VALUES(title), subtitle=VALUES(subtitle), author=VALUES(author), image_url=VALUES(image_url), published_date=VALUES(published_date), publisher=VALUES(publisher);
INSERT INTO book_detail (isbn, sold_out, free_shipping, list_price, sale_price, author_bio, book_description) VALUES ('9791189950545', 0, 0, 800, 800, '안데르센 (지은이)에 대한 간단 소개입니다.', '안데르센은 덴마크의 오덴세에서 구두 수선공의 아들로 태어났다. 한스 크리스티안 안데르센이라는 이름은 안데르센이 루터교에서 세례를 받았을 때 대부모(代父母)가 붙여준 이름이다. 안데르센의 집안은 할머니가 병원에서 청소 노동자로 일할 정도로 가난하여, 안데르센의 성장 과정에 큰 영향을...') ON DUPLICATE KEY UPDATE sold_out=VALUES(sold_out), free_shipping=VALUES(free_shipping), list_price=VALUES(list_price), sale_price=VALUES(sale_price), author_bio=VALUES(author_bio), book_description=VALUES(book_description);
INSERT INTO book (isbn, title, subtitle, author, image_url, published_date, publisher) VALUES ('9788907914552', '드림북스 미니인문학 31. 다윈', '드림북스미니인문학31다윈', '굿윌 철학 연구소 (지은이)', 'https://image.aladin.co.kr/product/27516/18/cover/e252538522_1.jpg', '2021-06-20', '금성출판사') ON DUPLICATE KEY UPDATE title=VALUES(title), subtitle=VALUES(subtitle), author=VALUES(author), image_url=VALUES(image_url), published_date=VALUES(published_date), publisher=VALUES(publisher);
INSERT INTO book_detail (isbn, sold_out, free_shipping, list_price, sale_price, author_bio, book_description) VALUES ('9788907914552', 0, 0, 4900, 4900, '굿윌 철학 연구소 (지은이)에 대한 간단 소개입니다.', '영국의 생물학자인 다윈은‘신이 이 세상 만물을 창조하시고 인간을 만드셨다.’는 믿음을 깨고세상을 뒤흔들었어요.그는 비글호를 타고 세계 각지를 여행한 후‘모든 생물은 진화한다.’는 진화론을 주장했어요.생물학뿐만 아니라 인간의 정신세계까지 변화시킨 다윈의 주장은오늘날까지도 영향을 미치고...') ON DUPLICATE KEY UPDATE sold_out=VALUES(sold_out), free_shipping=VALUES(free_shipping), list_price=VALUES(list_price), sale_price=VALUES(sale_price), author_bio=VALUES(author_bio), book_description=VALUES(book_description);
INSERT INTO book (isbn, title, subtitle, author, image_url, published_date, publisher) VALUES ('9788929504939', 'I Can See It!', 'icanseeit', '[블루앤트리 편집부 제작]', NULL, '2024-02-22', NULL) ON DUPLICATE KEY UPDATE title=VALUES(title), subtitle=VALUES(subtitle), author=VALUES(author), image_url=VALUES(image_url), published_date=VALUES(published_date), publisher=VALUES(publisher);
INSERT INTO book_detail (isbn, sold_out, free_shipping, list_price, sale_price, author_bio, book_description) VALUES ('9788929504939', 0, 0, NULL, NULL, '[블루앤트리 편집부 제작]에 대한 간단 소개입니다.', 'I Can See It! — icanseeit에 대한 자동 생성 소개입니다.') ON DUPLICATE KEY UPDATE sold_out=VALUES(sold_out), free_shipping=VALUES(free_shipping), list_price=VALUES(list_price), sale_price=VALUES(sale_price), author_bio=VALUES(author_bio), book_description=VALUES(book_description);
INSERT INTO book (isbn, title, subtitle, author, image_url, published_date, publisher) VALUES ('9788929504120', 'I want, I want, I want', 'iwant,iwant,iwant', '[블루앤트리 편집부 제작]', NULL, '2024-04-28', NULL) ON DUPLICATE KEY UPDATE title=VALUES(title), subtitle=VALUES(subtitle), author=VALUES(author), image_url=VALUES(image_url), published_date=VALUES(published_date), publisher=VALUES(publisher);
INSERT INTO book_detail (isbn, sold_out, free_shipping, list_price, sale_price, author_bio, book_description) VALUES ('9788929504120', 0, 0, NULL, NULL, '[블루앤트리 편집부 제작]에 대한 간단 소개입니다.', 'I want, I want, I want — iwant,iwant,iwant에 대한 자동 생성 소개입니다.') ON DUPLICATE KEY UPDATE sold_out=VALUES(sold_out), free_shipping=VALUES(free_shipping), list_price=VALUES(list_price), sale_price=VALUES(sale_price), author_bio=VALUES(author_bio), book_description=VALUES(book_description);
INSERT INTO book (isbn, title, subtitle, author, image_url, published_date, publisher) VALUES ('9788929505615', 'If the Earth is Sick, I''m Sick, Too!', 'iftheearthissick,imsick,too', '[블루앤트리 편집부 지음]', NULL, '2023-05-19', NULL) ON DUPLICATE KEY UPDATE title=VALUES(title), subtitle=VALUES(subtitle), author=VALUES(author), image_url=VALUES(image_url), published_date=VALUES(published_date), publisher=VALUES(publisher);
INSERT INTO book_detail (isbn, sold_out, free_shipping, list_price, sale_price, author_bio, book_description) VALUES ('9788929505615', 0, 0, NULL, NULL, '[블루앤트리 편집부 지음]에 대한 간단 소개입니다.', 'If the Earth is Sick, I''m Sick, Too! — iftheearthissick,imsick,too에 대한 자동 생성 소개입니다.') ON DUPLICATE KEY UPDATE sold_out=VALUES(sold_out), free_shipping=VALUES(free_shipping), list_price=VALUES(list_price), sale_price=VALUES(sale_price), author_bio=VALUES(author_bio), book_description=VALUES(book_description);
INSERT INTO book (isbn, title, subtitle, author, image_url, published_date, publisher) VALUES ('9788929503970', 'Isn''t this fun?', 'isntthisfun', '[블루앤트리 편집부 지음]', NULL, '2025-05-22', NULL) ON DUPLICATE KEY UPDATE title=VALUES(title), subtitle=VALUES(subtitle), author=VALUES(author), image_url=VALUES(image_url), published_date=VALUES(published_date), publisher=VALUES(publisher);
INSERT INTO book_detail (isbn, sold_out, free_shipping, list_price, sale_price, author_bio, book_description) VALUES ('9788929503970', 0, 0, NULL, NULL, '[블루앤트리 편집부 지음]에 대한 간단 소개입니다.', 'Isn''t this fun? — isntthisfun에 대한 자동 생성 소개입니다.') ON DUPLICATE KEY UPDATE sold_out=VALUES(sold_out), free_shipping=VALUES(free_shipping), list_price=VALUES(list_price), sale_price=VALUES(sale_price), author_bio=VALUES(author_bio), book_description=VALUES(book_description);
INSERT INTO book (isbn, title, subtitle, author, image_url, published_date, publisher) VALUES ('9788929505080', 'Keith Haring', 'keithharing', '[블루앤트리 편집부 지음]', NULL, '2023-03-19', NULL) ON DUPLICATE KEY UPDATE title=VALUES(title), subtitle=VALUES(subtitle), author=VALUES(author), image_url=VALUES(image_url), published_date=VALUES(published_date), publisher=VALUES(publisher);
INSERT INTO book_detail (isbn, sold_out, free_shipping, list_price, sale_price, author_bio, book_description) VALUES ('9788929505080', 0, 0, NULL, NULL, '[블루앤트리 편집부 지음]에 대한 간단 소개입니다.', 'Keith Haring — keithharing에 대한 자동 생성 소개입니다.') ON DUPLICATE KEY UPDATE sold_out=VALUES(sold_out), free_shipping=VALUES(free_shipping), list_price=VALUES(list_price), sale_price=VALUES(sale_price), author_bio=VALUES(author_bio), book_description=VALUES(book_description);
INSERT INTO book (isbn, title, subtitle, author, image_url, published_date, publisher) VALUES ('9788929505295', 'King Thrushbeard', 'kingthrushbeard', '[블루앤트리 편집부 지음]', NULL, '2023-12-07', NULL) ON DUPLICATE KEY UPDATE title=VALUES(title), subtitle=VALUES(subtitle), author=VALUES(author), image_url=VALUES(image_url), published_date=VALUES(published_date), publisher=VALUES(publisher);
INSERT INTO book_detail (isbn, sold_out, free_shipping, list_price, sale_price, author_bio, book_description) VALUES ('9788929505295', 0, 0, NULL, NULL, '[블루앤트리 편집부 지음]에 대한 간단 소개입니다.', 'King Thrushbeard — kingthrushbeard에 대한 자동 생성 소개입니다.') ON DUPLICATE KEY UPDATE sold_out=VALUES(sold_out), free_shipping=VALUES(free_shipping), list_price=VALUES(list_price), sale_price=VALUES(sale_price), author_bio=VALUES(author_bio), book_description=VALUES(book_description);
INSERT INTO book (isbn, title, subtitle, author, image_url, published_date, publisher) VALUES ('9788929503963', 'Let''s go for a ride!', 'letsgoforaride', '[블루앤트리 편집부 지음]', NULL, '2022-05-21', NULL) ON DUPLICATE KEY UPDATE title=VALUES(title), subtitle=VALUES(subtitle), author=VALUES(author), image_url=VALUES(image_url), published_date=VALUES(published_date), publisher=VALUES(publisher);
INSERT INTO book_detail (isbn, sold_out, free_shipping, list_price, sale_price, author_bio, book_description) VALUES ('9788929503963', 0, 0, NULL, NULL, '[블루앤트리 편집부 지음]에 대한 간단 소개입니다.', 'Let''s go for a ride! — letsgoforaride에 대한 자동 생성 소개입니다.') ON DUPLICATE KEY UPDATE sold_out=VALUES(sold_out), free_shipping=VALUES(free_shipping), list_price=VALUES(list_price), sale_price=VALUES(sale_price), author_bio=VALUES(author_bio), book_description=VALUES(book_description);
INSERT INTO book (isbn, title, subtitle, author, image_url, published_date, publisher) VALUES ('9788997907328', '영어문고 타임머신', '영어문고타임머신', 'H. G. 웰스', 'https://bookthumb-phinf.pstatic.net/cover/137/196/13719676.jpg?type=m1&udate=20180615', '2012-10-08', '블루프린트') ON DUPLICATE KEY UPDATE title=VALUES(title), subtitle=VALUES(subtitle), author=VALUES(author), image_url=VALUES(image_url), published_date=VALUES(published_date), publisher=VALUES(publisher);
INSERT INTO book_detail (isbn, sold_out, free_shipping, list_price, sale_price, author_bio, book_description) VALUES ('9788997907328', 0, 0, 1000, 1000, 'H. G. 웰스에 대한 간단 소개입니다.', '《타임머신》(The Time Machine)은 영국의 H.G. 웰스가 쓴 과학 소설이다. 1895년에 간행되었다. 과학 소설이나 영화에 자주 등장하는 시간여행의 개념이 대중에 소개되었다.타임머신은 과거, 미래를 자유로이 오고 갈 수 있는 기계장치이다. 빅토리아 시대 한 과학자가 타임머신을 발명하여 80만 2701년의...') ON DUPLICATE KEY UPDATE sold_out=VALUES(sold_out), free_shipping=VALUES(free_shipping), list_price=VALUES(list_price), sale_price=VALUES(sale_price), author_bio=VALUES(author_bio), book_description=VALUES(book_description);
INSERT INTO book (isbn, title, subtitle, author, image_url, published_date, publisher) VALUES ('9788997907311', '영어문고 투명인간', '영어문고투명인간', 'H. G. 웰스', 'https://bookthumb-phinf.pstatic.net/cover/137/196/13719677.jpg?type=m1&udate=20180615', '2012-10-08', '블루프린트') ON DUPLICATE KEY UPDATE title=VALUES(title), subtitle=VALUES(subtitle), author=VALUES(author), image_url=VALUES(image_url), published_date=VALUES(published_date), publisher=VALUES(publisher);
INSERT INTO book_detail (isbn, sold_out, free_shipping, list_price, sale_price, author_bio, book_description) VALUES ('9788997907311', 0, 0, 1000, 1000, 'H. G. 웰스에 대한 간단 소개입니다.', '1897년 영국의 작가 H.G.웰스가 발표한 대표적 SF소설이다. 투명인간이 되고 싶은 인간의 소망을 사실적으로 묘사했을 뿐 아니라 소외된 인간의 외로움과 절망을 잘 나타내었다.주인공 그리프는 인체 세포에 유리와 같은 빛의 굴절도를 주어서 남의 눈에 보이지 않게 하는 약품을 발명하게 된다. 이때부터...') ON DUPLICATE KEY UPDATE sold_out=VALUES(sold_out), free_shipping=VALUES(free_shipping), list_price=VALUES(list_price), sale_price=VALUES(sale_price), author_bio=VALUES(author_bio), book_description=VALUES(book_description);
INSERT INTO book (isbn, title, subtitle, author, image_url, published_date, publisher) VALUES ('9788997907373', '영어문고 피터팬', '영어문고피터팬', 'J. M. 배리 (지은이)', 'https://image.aladin.co.kr/product/2214/42/cover/e102435424_2.jpg', '2012-12-13', '블루프린트') ON DUPLICATE KEY UPDATE title=VALUES(title), subtitle=VALUES(subtitle), author=VALUES(author), image_url=VALUES(image_url), published_date=VALUES(published_date), publisher=VALUES(publisher);
INSERT INTO book_detail (isbn, sold_out, free_shipping, list_price, sale_price, author_bio, book_description) VALUES ('9788997907373', 0, 0, 1000, 1000, 'J. M. 배리 (지은이)에 대한 간단 소개입니다.', '1911년 영국의 소설가이자 극작가인 제임스 메튜 배리(James Matthew Barrie)가 발표한 동화이다.《피터팬》은 1902년 발표한 작품《작은 흰 새》의 이야기를 바탕으로 하여 1904년에 5막의 크리스마스 아동극으로 상연한 것이다. 1911년 공연 내용을 다시 동화화하여《피터와 웬디(Peter and Wendy)》로 출간하였다....') ON DUPLICATE KEY UPDATE sold_out=VALUES(sold_out), free_shipping=VALUES(free_shipping), list_price=VALUES(list_price), sale_price=VALUES(sale_price), author_bio=VALUES(author_bio), book_description=VALUES(book_description);
INSERT INTO book (isbn, title, subtitle, author, image_url, published_date, publisher) VALUES ('9788997907700', 'Tell me now Sweet and Sour Level 1 : 엄마랑 나랑 영어동화 (한영 합본)', 'tellmenowsweetandsourlevel1엄마랑나랑영어동화한영합본', 'Madhav Chavan (지은이)', 'https://image.aladin.co.kr/product/2661/74/cover/e992435749_1.jpg', '2013-05-07', '블루프린트') ON DUPLICATE KEY UPDATE title=VALUES(title), subtitle=VALUES(subtitle), author=VALUES(author), image_url=VALUES(image_url), published_date=VALUES(published_date), publisher=VALUES(publisher);
INSERT INTO book_detail (isbn, sold_out, free_shipping, list_price, sale_price, author_bio, book_description) VALUES ('9788997907700', 0, 0, 1000, 1000, 'Madhav Chavan (지은이)에 대한 간단 소개입니다.', '《엄마랑 나랑 영어동화》아이들이 엄마와 함께 영어 이야기를 재미 있게 보고 읽을 수 있도록 다양한 작가와 일러스트레이터가 참여하여 풍부하게 구성한 그림 동화책입니다.영어와 한글이 같이 들어 있어서 아이들을 지도하기에 좋을 뿐만...') ON DUPLICATE KEY UPDATE sold_out=VALUES(sold_out), free_shipping=VALUES(free_shipping), list_price=VALUES(list_price), sale_price=VALUES(sale_price), author_bio=VALUES(author_bio), book_description=VALUES(book_description);
INSERT INTO book (isbn, title, subtitle, author, image_url, published_date, publisher) VALUES ('9788929503994', 'Let''s play it together!', 'letsplayittogether', '[블루앤트리 편집부 지음]', NULL, '2023-09-03', NULL) ON DUPLICATE KEY UPDATE title=VALUES(title), subtitle=VALUES(subtitle), author=VALUES(author), image_url=VALUES(image_url), published_date=VALUES(published_date), publisher=VALUES(publisher);
INSERT INTO book_detail (isbn, sold_out, free_shipping, list_price, sale_price, author_bio, book_description) VALUES ('9788929503994', 0, 0, NULL, NULL, '[블루앤트리 편집부 지음]에 대한 간단 소개입니다.', 'Let''s play it together! — letsplayittogether에 대한 자동 생성 소개입니다.') ON DUPLICATE KEY UPDATE sold_out=VALUES(sold_out), free_shipping=VALUES(free_shipping), list_price=VALUES(list_price), sale_price=VALUES(sale_price), author_bio=VALUES(author_bio), book_description=VALUES(book_description);
INSERT INTO book (isbn, title, subtitle, author, image_url, published_date, publisher) VALUES ('9788929503796', 'Look at me! I''m squeaky clean!', 'lookatmeimsqueakyclean', '[블루앤트리 편집부 지음]', NULL, '2022-10-23', NULL) ON DUPLICATE KEY UPDATE title=VALUES(title), subtitle=VALUES(subtitle), author=VALUES(author), image_url=VALUES(image_url), published_date=VALUES(published_date), publisher=VALUES(publisher);
INSERT INTO book_detail (isbn, sold_out, free_shipping, list_price, sale_price, author_bio, book_description) VALUES ('9788929503796', 0, 0, NULL, NULL, '[블루앤트리 편집부 지음]에 대한 간단 소개입니다.', 'Look at me! I''m squeaky clean! — lookatmeimsqueakyclean에 대한 자동 생성 소개입니다.') ON DUPLICATE KEY UPDATE sold_out=VALUES(sold_out), free_shipping=VALUES(free_shipping), list_price=VALUES(list_price), sale_price=VALUES(sale_price), author_bio=VALUES(author_bio), book_description=VALUES(book_description);
INSERT INTO book (isbn, title, subtitle, author, image_url, published_date, publisher) VALUES ('9788929504809', 'Princess Thumb', 'princessthumb', '[블루앤트리 편집부 지음]', NULL, '2022-12-17', NULL) ON DUPLICATE KEY UPDATE title=VALUES(title), subtitle=VALUES(subtitle), author=VALUES(author), image_url=VALUES(image_url), published_date=VALUES(published_date), publisher=VALUES(publisher);
INSERT INTO book_detail (isbn, sold_out, free_shipping, list_price, sale_price, author_bio, book_description) VALUES ('9788929504809', 0, 0, NULL, NULL, '[블루앤트리 편집부 지음]에 대한 간단 소개입니다.', 'Princess Thumb — princessthumb에 대한 자동 생성 소개입니다.') ON DUPLICATE KEY UPDATE sold_out=VALUES(sold_out), free_shipping=VALUES(free_shipping), list_price=VALUES(list_price), sale_price=VALUES(sale_price), author_bio=VALUES(author_bio), book_description=VALUES(book_description);
INSERT INTO book (isbn, title, subtitle, author, image_url, published_date, publisher) VALUES ('9788929504793', 'Puss In Boots', 'pussinboots', '[블루앤트리 편집부 제작]', NULL, '2024-08-27', NULL) ON DUPLICATE KEY UPDATE title=VALUES(title), subtitle=VALUES(subtitle), author=VALUES(author), image_url=VALUES(image_url), published_date=VALUES(published_date), publisher=VALUES(publisher);
INSERT INTO book_detail (isbn, sold_out, free_shipping, list_price, sale_price, author_bio, book_description) VALUES ('9788929504793', 0, 0, NULL, NULL, '[블루앤트리 편집부 제작]에 대한 간단 소개입니다.', 'Puss In Boots — pussinboots에 대한 자동 생성 소개입니다.') ON DUPLICATE KEY UPDATE sold_out=VALUES(sold_out), free_shipping=VALUES(free_shipping), list_price=VALUES(list_price), sale_price=VALUES(sale_price), author_bio=VALUES(author_bio), book_description=VALUES(book_description);
INSERT INTO book (isbn, title, subtitle, author, image_url, published_date, publisher) VALUES ('9788929505103', 'Puss in Boots', 'pussinboots', '[블루앤트리 편집부 지음]', NULL, '2022-05-21', NULL) ON DUPLICATE KEY UPDATE title=VALUES(title), subtitle=VALUES(subtitle), author=VALUES(author), image_url=VALUES(image_url), published_date=VALUES(published_date), publisher=VALUES(publisher);
INSERT INTO book_detail (isbn, sold_out, free_shipping, list_price, sale_price, author_bio, book_description) VALUES ('9788929505103', 0, 0, NULL, NULL, '[블루앤트리 편집부 지음]에 대한 간단 소개입니다.', 'Puss in Boots — pussinboots에 대한 자동 생성 소개입니다.') ON DUPLICATE KEY UPDATE sold_out=VALUES(sold_out), free_shipping=VALUES(free_shipping), list_price=VALUES(list_price), sale_price=VALUES(sale_price), author_bio=VALUES(author_bio), book_description=VALUES(book_description);
INSERT INTO book (isbn, title, subtitle, author, image_url, published_date, publisher) VALUES ('9788929504069', 'Roly poly, round round. I wonder what this is', 'rolypoly,roundroundiwonderwhatthisis', '[블루앤트리 편집부 제작]', NULL, '2024-08-17', NULL) ON DUPLICATE KEY UPDATE title=VALUES(title), subtitle=VALUES(subtitle), author=VALUES(author), image_url=VALUES(image_url), published_date=VALUES(published_date), publisher=VALUES(publisher);
INSERT INTO book_detail (isbn, sold_out, free_shipping, list_price, sale_price, author_bio, book_description) VALUES ('9788929504069', 0, 0, NULL, NULL, '[블루앤트리 편집부 제작]에 대한 간단 소개입니다.', 'Roly poly, round round. I wonder what this is — rolypoly,roundroundiwonderwhatthisis에 대한 자동 생성 소개입니다.') ON DUPLICATE KEY UPDATE sold_out=VALUES(sold_out), free_shipping=VALUES(free_shipping), list_price=VALUES(list_price), sale_price=VALUES(sale_price), author_bio=VALUES(author_bio), book_description=VALUES(book_description);
INSERT INTO book (isbn, title, subtitle, author, image_url, published_date, publisher) VALUES ('9788929505356', 'Saturday Mountai', 'saturdaymountai', '[블루앤트리 편집부 지음]', NULL, '2024-07-20', NULL) ON DUPLICATE KEY UPDATE title=VALUES(title), subtitle=VALUES(subtitle), author=VALUES(author), image_url=VALUES(image_url), published_date=VALUES(published_date), publisher=VALUES(publisher);
INSERT INTO book_detail (isbn, sold_out, free_shipping, list_price, sale_price, author_bio, book_description) VALUES ('9788929505356', 0, 0, NULL, NULL, '[블루앤트리 편집부 지음]에 대한 간단 소개입니다.', 'Saturday Mountai — saturdaymountai에 대한 자동 생성 소개입니다.') ON DUPLICATE KEY UPDATE sold_out=VALUES(sold_out), free_shipping=VALUES(free_shipping), list_price=VALUES(list_price), sale_price=VALUES(sale_price), author_bio=VALUES(author_bio), book_description=VALUES(book_description);
INSERT INTO book (isbn, title, subtitle, author, image_url, published_date, publisher) VALUES ('9788929504113', 'Shall we take a peek?', 'shallwetakeapeek', '[블루앤트리 편집부 지음]', NULL, '2023-05-10', NULL) ON DUPLICATE KEY UPDATE title=VALUES(title), subtitle=VALUES(subtitle), author=VALUES(author), image_url=VALUES(image_url), published_date=VALUES(published_date), publisher=VALUES(publisher);
INSERT INTO book_detail (isbn, sold_out, free_shipping, list_price, sale_price, author_bio, book_description) VALUES ('9788929504113', 0, 0, NULL, NULL, '[블루앤트리 편집부 지음]에 대한 간단 소개입니다.', 'Shall we take a peek? — shallwetakeapeek에 대한 자동 생성 소개입니다.') ON DUPLICATE KEY UPDATE sold_out=VALUES(sold_out), free_shipping=VALUES(free_shipping), list_price=VALUES(list_price), sale_price=VALUES(sale_price), author_bio=VALUES(author_bio), book_description=VALUES(book_description);
INSERT INTO book (isbn, title, subtitle, author, image_url, published_date, publisher) VALUES ('9788929504052', 'Shh! Be quiet!', 'shhbequiet', '[블루앤트리 편집부 제작]', NULL, '2024-12-12', NULL) ON DUPLICATE KEY UPDATE title=VALUES(title), subtitle=VALUES(subtitle), author=VALUES(author), image_url=VALUES(image_url), published_date=VALUES(published_date), publisher=VALUES(publisher);
INSERT INTO book_detail (isbn, sold_out, free_shipping, list_price, sale_price, author_bio, book_description) VALUES ('9788929504052', 0, 0, NULL, NULL, '[블루앤트리 편집부 제작]에 대한 간단 소개입니다.', 'Shh! Be quiet! — shhbequiet에 대한 자동 생성 소개입니다.') ON DUPLICATE KEY UPDATE sold_out=VALUES(sold_out), free_shipping=VALUES(free_shipping), list_price=VALUES(list_price), sale_price=VALUES(sale_price), author_bio=VALUES(author_bio), book_description=VALUES(book_description);
INSERT INTO book (isbn, title, subtitle, author, image_url, published_date, publisher) VALUES ('9788929505035', 'shhh! It''s Earth''s Secret', 'shhhitsearthssecret', '[블루앤트리 편집부 지음]', NULL, '2023-04-18', NULL) ON DUPLICATE KEY UPDATE title=VALUES(title), subtitle=VALUES(subtitle), author=VALUES(author), image_url=VALUES(image_url), published_date=VALUES(published_date), publisher=VALUES(publisher);
INSERT INTO book_detail (isbn, sold_out, free_shipping, list_price, sale_price, author_bio, book_description) VALUES ('9788929505035', 0, 0, NULL, NULL, '[블루앤트리 편집부 지음]에 대한 간단 소개입니다.', 'shhh! It''s Earth''s Secret — shhhitsearthssecret에 대한 자동 생성 소개입니다.') ON DUPLICATE KEY UPDATE sold_out=VALUES(sold_out), free_shipping=VALUES(free_shipping), list_price=VALUES(list_price), sale_price=VALUES(sale_price), author_bio=VALUES(author_bio), book_description=VALUES(book_description);
INSERT INTO book (isbn, title, subtitle, author, image_url, published_date, publisher) VALUES ('9788929505455', 'Some Countries Are Cold, Some Countries Are Hot', 'somecountriesarecold,somecountriesarehot', '[블루앤트리 편집부 제작]', NULL, '2023-04-16', NULL) ON DUPLICATE KEY UPDATE title=VALUES(title), subtitle=VALUES(subtitle), author=VALUES(author), image_url=VALUES(image_url), published_date=VALUES(published_date), publisher=VALUES(publisher);
INSERT INTO book_detail (isbn, sold_out, free_shipping, list_price, sale_price, author_bio, book_description) VALUES ('9788929505455', 0, 0, NULL, NULL, '[블루앤트리 편집부 제작]에 대한 간단 소개입니다.', 'Some Countries Are Cold, Some Countries Are Hot — somecountriesarecold,somecountriesarehot에 대한 자동 생성 소개입니다.') ON DUPLICATE KEY UPDATE sold_out=VALUES(sold_out), free_shipping=VALUES(free_shipping), list_price=VALUES(list_price), sale_price=VALUES(sale_price), author_bio=VALUES(author_bio), book_description=VALUES(book_description);
INSERT INTO book (isbn, title, subtitle, author, image_url, published_date, publisher) VALUES ('9788929504908', 'Spending the Summer at the Zoo', 'spendingthesummeratthezoo', '[블루앤트리 편집부 제작]', NULL, '2022-01-13', NULL) ON DUPLICATE KEY UPDATE title=VALUES(title), subtitle=VALUES(subtitle), author=VALUES(author), image_url=VALUES(image_url), published_date=VALUES(published_date), publisher=VALUES(publisher);
INSERT INTO book_detail (isbn, sold_out, free_shipping, list_price, sale_price, author_bio, book_description) VALUES ('9788929504908', 0, 0, NULL, NULL, '[블루앤트리 편집부 제작]에 대한 간단 소개입니다.', 'Spending the Summer at the Zoo — spendingthesummeratthezoo에 대한 자동 생성 소개입니다.') ON DUPLICATE KEY UPDATE sold_out=VALUES(sold_out), free_shipping=VALUES(free_shipping), list_price=VALUES(list_price), sale_price=VALUES(sale_price), author_bio=VALUES(author_bio), book_description=VALUES(book_description);
INSERT INTO book (isbn, title, subtitle, author, image_url, published_date, publisher) VALUES ('9788997907847', 'Too Many Bananas Level 2 - 엄마랑 나랑 영어동화 (한영 합본)', 'toomanybananaslevel2엄마랑나랑영어동화한영합본', 'Noni (지은이)', 'https://image.aladin.co.kr/product/2761/59/cover/e222435141_1.jpg', '2013-06-10', '블루프린트') ON DUPLICATE KEY UPDATE title=VALUES(title), subtitle=VALUES(subtitle), author=VALUES(author), image_url=VALUES(image_url), published_date=VALUES(published_date), publisher=VALUES(publisher);
INSERT INTO book_detail (isbn, sold_out, free_shipping, list_price, sale_price, author_bio, book_description) VALUES ('9788997907847', 0, 0, 2000, 2000, 'Noni (지은이)에 대한 간단 소개입니다.', '《엄마랑 나랑 영어동화》아이들이 엄마와 함께 영어 이야기를 재미 있게 보고 읽을 수 있도록 다양한 작가와 일러스트레이터가 참여하여 풍부하게 구성한 그림 동화책입니다. 영어와 한글이 같이 들어 있어서 아이들을 지도하기에 좋을 뿐만 아니라 한글...') ON DUPLICATE KEY UPDATE sold_out=VALUES(sold_out), free_shipping=VALUES(free_shipping), list_price=VALUES(list_price), sale_price=VALUES(sale_price), author_bio=VALUES(author_bio), book_description=VALUES(book_description);
INSERT INTO book (isbn, title, subtitle, author, image_url, published_date, publisher) VALUES ('9788997907304', '영어문고 보바리 부인', '영어문고보바리부인', '귀스타브 플로베르', 'https://bookthumb-phinf.pstatic.net/cover/137/196/13719678.jpg?type=m1&udate=20180615', '2012-10-08', '블루프린트') ON DUPLICATE KEY UPDATE title=VALUES(title), subtitle=VALUES(subtitle), author=VALUES(author), image_url=VALUES(image_url), published_date=VALUES(published_date), publisher=VALUES(publisher);
INSERT INTO book_detail (isbn, sold_out, free_shipping, list_price, sale_price, author_bio, book_description) VALUES ('9788997907304', 0, 0, 1000, 1000, '귀스타브 플로베르에 대한 간단 소개입니다.', '《보바리 부인》(Madame Bovary, 1857년)은 프랑스의 작가 구스타브 플로베르의 장편소설이다. 집필 5년 만에 완성된 작가의 대표작이며 처녀작이다.에마는 시골 의사 샤를 보바리와 결혼한다. 하지만 결혼 생활은 에마 보바리가 기대했던 근사한 파티나 모임과는 거리가 멀었고 별 볼일 없는 소도시에서 평범한...') ON DUPLICATE KEY UPDATE sold_out=VALUES(sold_out), free_shipping=VALUES(free_shipping), list_price=VALUES(list_price), sale_price=VALUES(sale_price), author_bio=VALUES(author_bio), book_description=VALUES(book_description);
INSERT INTO book (isbn, title, subtitle, author, image_url, published_date, publisher) VALUES ('9788929505318', '(The) Angel', 'theangel', '[블루앤트리 편집부 제작]', NULL, '2023-11-17', NULL) ON DUPLICATE KEY UPDATE title=VALUES(title), subtitle=VALUES(subtitle), author=VALUES(author), image_url=VALUES(image_url), published_date=VALUES(published_date), publisher=VALUES(publisher);
INSERT INTO book_detail (isbn, sold_out, free_shipping, list_price, sale_price, author_bio, book_description) VALUES ('9788929505318', 0, 0, NULL, NULL, '[블루앤트리 편집부 제작]에 대한 간단 소개입니다.', '(The) Angel — theangel에 대한 자동 생성 소개입니다.') ON DUPLICATE KEY UPDATE sold_out=VALUES(sold_out), free_shipping=VALUES(free_shipping), list_price=VALUES(list_price), sale_price=VALUES(sale_price), author_bio=VALUES(author_bio), book_description=VALUES(book_description);
INSERT INTO book (isbn, title, subtitle, author, image_url, published_date, publisher) VALUES ('9788929504625', '(The) Ants and the Grasshoppe', 'theantsandthegrasshoppe', '[블루앤트리 편집부 제작]', NULL, '2025-05-30', NULL) ON DUPLICATE KEY UPDATE title=VALUES(title), subtitle=VALUES(subtitle), author=VALUES(author), image_url=VALUES(image_url), published_date=VALUES(published_date), publisher=VALUES(publisher);
INSERT INTO book_detail (isbn, sold_out, free_shipping, list_price, sale_price, author_bio, book_description) VALUES ('9788929504625', 0, 0, NULL, NULL, '[블루앤트리 편집부 제작]에 대한 간단 소개입니다.', '(The) Ants and the Grasshoppe — theantsandthegrasshoppe에 대한 자동 생성 소개입니다.') ON DUPLICATE KEY UPDATE sold_out=VALUES(sold_out), free_shipping=VALUES(free_shipping), list_price=VALUES(list_price), sale_price=VALUES(sale_price), author_bio=VALUES(author_bio), book_description=VALUES(book_description);
INSERT INTO book (isbn, title, subtitle, author, image_url, published_date, publisher) VALUES ('9788929504229', '(The) Bears Whisper', 'thebearswhisper', '[블루앤트리 편집부 제작]', NULL, '2023-04-23', NULL) ON DUPLICATE KEY UPDATE title=VALUES(title), subtitle=VALUES(subtitle), author=VALUES(author), image_url=VALUES(image_url), published_date=VALUES(published_date), publisher=VALUES(publisher);
INSERT INTO book_detail (isbn, sold_out, free_shipping, list_price, sale_price, author_bio, book_description) VALUES ('9788929504229', 0, 0, NULL, NULL, '[블루앤트리 편집부 제작]에 대한 간단 소개입니다.', '(The) Bears Whisper — thebearswhisper에 대한 자동 생성 소개입니다.') ON DUPLICATE KEY UPDATE sold_out=VALUES(sold_out), free_shipping=VALUES(free_shipping), list_price=VALUES(list_price), sale_price=VALUES(sale_price), author_bio=VALUES(author_bio), book_description=VALUES(book_description);
INSERT INTO book (isbn, title, subtitle, author, image_url, published_date, publisher) VALUES ('9788929504687', '(The) Brave Little Tailor', 'thebravelittletailor', '[블루앤트리 편집부 제작]', NULL, '2023-10-02', NULL) ON DUPLICATE KEY UPDATE title=VALUES(title), subtitle=VALUES(subtitle), author=VALUES(author), image_url=VALUES(image_url), published_date=VALUES(published_date), publisher=VALUES(publisher);
INSERT INTO book_detail (isbn, sold_out, free_shipping, list_price, sale_price, author_bio, book_description) VALUES ('9788929504687', 0, 0, NULL, NULL, '[블루앤트리 편집부 제작]에 대한 간단 소개입니다.', '(The) Brave Little Tailor — thebravelittletailor에 대한 자동 생성 소개입니다.') ON DUPLICATE KEY UPDATE sold_out=VALUES(sold_out), free_shipping=VALUES(free_shipping), list_price=VALUES(list_price), sale_price=VALUES(sale_price), author_bio=VALUES(author_bio), book_description=VALUES(book_description);
INSERT INTO book (isbn, title, subtitle, author, image_url, published_date, publisher) VALUES ('9788929504618', '(The) Cantaviara Castle Toy Soldier', 'thecantaviaracastletoysoldier', '[블루앤트리 편집부 제작]', NULL, '2023-10-15', NULL) ON DUPLICATE KEY UPDATE title=VALUES(title), subtitle=VALUES(subtitle), author=VALUES(author), image_url=VALUES(image_url), published_date=VALUES(published_date), publisher=VALUES(publisher);
INSERT INTO book_detail (isbn, sold_out, free_shipping, list_price, sale_price, author_bio, book_description) VALUES ('9788929504618', 0, 0, NULL, NULL, '[블루앤트리 편집부 제작]에 대한 간단 소개입니다.', '(The) Cantaviara Castle Toy Soldier — thecantaviaracastletoysoldier에 대한 자동 생성 소개입니다.') ON DUPLICATE KEY UPDATE sold_out=VALUES(sold_out), free_shipping=VALUES(free_shipping), list_price=VALUES(list_price), sale_price=VALUES(sale_price), author_bio=VALUES(author_bio), book_description=VALUES(book_description);
INSERT INTO book (isbn, title, subtitle, author, image_url, published_date, publisher) VALUES ('9788929505257', '(The) Christmas Chimes', 'thechristmaschimes', '[블루앤트리 편집부 제작]', NULL, '2023-04-24', NULL) ON DUPLICATE KEY UPDATE title=VALUES(title), subtitle=VALUES(subtitle), author=VALUES(author), image_url=VALUES(image_url), published_date=VALUES(published_date), publisher=VALUES(publisher);
INSERT INTO book_detail (isbn, sold_out, free_shipping, list_price, sale_price, author_bio, book_description) VALUES ('9788929505257', 0, 0, NULL, NULL, '[블루앤트리 편집부 제작]에 대한 간단 소개입니다.', '(The) Christmas Chimes — thechristmaschimes에 대한 자동 생성 소개입니다.') ON DUPLICATE KEY UPDATE sold_out=VALUES(sold_out), free_shipping=VALUES(free_shipping), list_price=VALUES(list_price), sale_price=VALUES(sale_price), author_bio=VALUES(author_bio), book_description=VALUES(book_description);
INSERT INTO book (isbn, title, subtitle, author, image_url, published_date, publisher) VALUES ('9788929504663', '(The) Country Mouse And The City Mouse', 'thecountrymouseandthecitymouse', '[블루앤트리 편집부 제작]', NULL, '2022-07-30', NULL) ON DUPLICATE KEY UPDATE title=VALUES(title), subtitle=VALUES(subtitle), author=VALUES(author), image_url=VALUES(image_url), published_date=VALUES(published_date), publisher=VALUES(publisher);
INSERT INTO book_detail (isbn, sold_out, free_shipping, list_price, sale_price, author_bio, book_description) VALUES ('9788929504663', 0, 0, NULL, NULL, '[블루앤트리 편집부 제작]에 대한 간단 소개입니다.', '(The) Country Mouse And The City Mouse — thecountrymouseandthecitymouse에 대한 자동 생성 소개입니다.') ON DUPLICATE KEY UPDATE sold_out=VALUES(sold_out), free_shipping=VALUES(free_shipping), list_price=VALUES(list_price), sale_price=VALUES(sale_price), author_bio=VALUES(author_bio), book_description=VALUES(book_description);
INSERT INTO book (isbn, title, subtitle, author, image_url, published_date, publisher) VALUES ('9788929505288', '(The) Donkey and the Load of Salt', 'thedonkeyandtheloadofsalt', '[블루앤트리 편집부 제작]', NULL, '2023-02-28', NULL) ON DUPLICATE KEY UPDATE title=VALUES(title), subtitle=VALUES(subtitle), author=VALUES(author), image_url=VALUES(image_url), published_date=VALUES(published_date), publisher=VALUES(publisher);
INSERT INTO book_detail (isbn, sold_out, free_shipping, list_price, sale_price, author_bio, book_description) VALUES ('9788929505288', 0, 0, NULL, NULL, '[블루앤트리 편집부 제작]에 대한 간단 소개입니다.', '(The) Donkey and the Load of Salt — thedonkeyandtheloadofsalt에 대한 자동 생성 소개입니다.') ON DUPLICATE KEY UPDATE sold_out=VALUES(sold_out), free_shipping=VALUES(free_shipping), list_price=VALUES(list_price), sale_price=VALUES(sale_price), author_bio=VALUES(author_bio), book_description=VALUES(book_description);
INSERT INTO book (isbn, title, subtitle, author, image_url, published_date, publisher) VALUES ('9788929504724', '(The) Elves and the Shoemaker', 'theelvesandtheshoemaker', '[블루앤트리 편집부 제작]', NULL, '2025-03-21', NULL) ON DUPLICATE KEY UPDATE title=VALUES(title), subtitle=VALUES(subtitle), author=VALUES(author), image_url=VALUES(image_url), published_date=VALUES(published_date), publisher=VALUES(publisher);
INSERT INTO book_detail (isbn, sold_out, free_shipping, list_price, sale_price, author_bio, book_description) VALUES ('9788929504724', 0, 0, NULL, NULL, '[블루앤트리 편집부 제작]에 대한 간단 소개입니다.', '(The) Elves and the Shoemaker — theelvesandtheshoemaker에 대한 자동 생성 소개입니다.') ON DUPLICATE KEY UPDATE sold_out=VALUES(sold_out), free_shipping=VALUES(free_shipping), list_price=VALUES(list_price), sale_price=VALUES(sale_price), author_bio=VALUES(author_bio), book_description=VALUES(book_description);
INSERT INTO book (isbn, title, subtitle, author, image_url, published_date, publisher) VALUES ('9788929505134', '(The) Elves and the shoemaker', 'theelvesandtheshoemaker', '[블루앤트리 편집부 제작]', NULL, '2022-12-21', NULL) ON DUPLICATE KEY UPDATE title=VALUES(title), subtitle=VALUES(subtitle), author=VALUES(author), image_url=VALUES(image_url), published_date=VALUES(published_date), publisher=VALUES(publisher);
INSERT INTO book_detail (isbn, sold_out, free_shipping, list_price, sale_price, author_bio, book_description) VALUES ('9788929505134', 0, 0, NULL, NULL, '[블루앤트리 편집부 제작]에 대한 간단 소개입니다.', '(The) Elves and the shoemaker — theelvesandtheshoemaker에 대한 자동 생성 소개입니다.') ON DUPLICATE KEY UPDATE sold_out=VALUES(sold_out), free_shipping=VALUES(free_shipping), list_price=VALUES(list_price), sale_price=VALUES(sale_price), author_bio=VALUES(author_bio), book_description=VALUES(book_description);
INSERT INTO book (isbn, title, subtitle, author, image_url, published_date, publisher) VALUES ('9788929504786', '(The) Emperor Who Turned Into A Stork', 'theemperorwhoturnedintoastork', '[블루앤트리 편집부 제작]', NULL, '2023-10-22', NULL) ON DUPLICATE KEY UPDATE title=VALUES(title), subtitle=VALUES(subtitle), author=VALUES(author), image_url=VALUES(image_url), published_date=VALUES(published_date), publisher=VALUES(publisher);
INSERT INTO book_detail (isbn, sold_out, free_shipping, list_price, sale_price, author_bio, book_description) VALUES ('9788929504786', 0, 0, NULL, NULL, '[블루앤트리 편집부 제작]에 대한 간단 소개입니다.', '(The) Emperor Who Turned Into A Stork — theemperorwhoturnedintoastork에 대한 자동 생성 소개입니다.') ON DUPLICATE KEY UPDATE sold_out=VALUES(sold_out), free_shipping=VALUES(free_shipping), list_price=VALUES(list_price), sale_price=VALUES(sale_price), author_bio=VALUES(author_bio), book_description=VALUES(book_description);
INSERT INTO book (isbn, title, subtitle, author, image_url, published_date, publisher) VALUES ('9788929505141', '(The) Farm Rooster and the Weather Vane', 'thefarmroosterandtheweathervane', '[블루앤트리 편집부 제작]', NULL, '2022-06-03', NULL) ON DUPLICATE KEY UPDATE title=VALUES(title), subtitle=VALUES(subtitle), author=VALUES(author), image_url=VALUES(image_url), published_date=VALUES(published_date), publisher=VALUES(publisher);
INSERT INTO book_detail (isbn, sold_out, free_shipping, list_price, sale_price, author_bio, book_description) VALUES ('9788929505141', 0, 0, NULL, NULL, '[블루앤트리 편집부 제작]에 대한 간단 소개입니다.', '(The) Farm Rooster and the Weather Vane — thefarmroosterandtheweathervane에 대한 자동 생성 소개입니다.') ON DUPLICATE KEY UPDATE sold_out=VALUES(sold_out), free_shipping=VALUES(free_shipping), list_price=VALUES(list_price), sale_price=VALUES(sale_price), author_bio=VALUES(author_bio), book_description=VALUES(book_description);
INSERT INTO book (isbn, title, subtitle, author, image_url, published_date, publisher) VALUES ('9788929504762', '(The) Fisherman and His Wife', 'thefishermanandhiswife', '[블루앤트리 편집부 제작]', NULL, '2024-07-15', NULL) ON DUPLICATE KEY UPDATE title=VALUES(title), subtitle=VALUES(subtitle), author=VALUES(author), image_url=VALUES(image_url), published_date=VALUES(published_date), publisher=VALUES(publisher);
INSERT INTO book_detail (isbn, sold_out, free_shipping, list_price, sale_price, author_bio, book_description) VALUES ('9788929504762', 0, 0, NULL, NULL, '[블루앤트리 편집부 제작]에 대한 간단 소개입니다.', '(The) Fisherman and His Wife — thefishermanandhiswife에 대한 자동 생성 소개입니다.') ON DUPLICATE KEY UPDATE sold_out=VALUES(sold_out), free_shipping=VALUES(free_shipping), list_price=VALUES(list_price), sale_price=VALUES(sale_price), author_bio=VALUES(author_bio), book_description=VALUES(book_description);
INSERT INTO book (isbn, title, subtitle, author, image_url, published_date, publisher) VALUES ('9788929505165', '(The) Fisherman and the Golden Fish', 'thefishermanandthegoldenfish', '[블루앤트리 편집부 제작]', NULL, '2025-07-07', NULL) ON DUPLICATE KEY UPDATE title=VALUES(title), subtitle=VALUES(subtitle), author=VALUES(author), image_url=VALUES(image_url), published_date=VALUES(published_date), publisher=VALUES(publisher);
INSERT INTO book_detail (isbn, sold_out, free_shipping, list_price, sale_price, author_bio, book_description) VALUES ('9788929505165', 0, 0, NULL, NULL, '[블루앤트리 편집부 제작]에 대한 간단 소개입니다.', '(The) Fisherman and the Golden Fish — thefishermanandthegoldenfish에 대한 자동 생성 소개입니다.') ON DUPLICATE KEY UPDATE sold_out=VALUES(sold_out), free_shipping=VALUES(free_shipping), list_price=VALUES(list_price), sale_price=VALUES(sale_price), author_bio=VALUES(author_bio), book_description=VALUES(book_description);
INSERT INTO book (isbn, title, subtitle, author, image_url, published_date, publisher) VALUES ('9788929504311', '(The) Flying Turtle', 'theflyingturtle', '[블루앤트리 편집부 제작]', NULL, '2024-08-10', NULL) ON DUPLICATE KEY UPDATE title=VALUES(title), subtitle=VALUES(subtitle), author=VALUES(author), image_url=VALUES(image_url), published_date=VALUES(published_date), publisher=VALUES(publisher);
INSERT INTO book_detail (isbn, sold_out, free_shipping, list_price, sale_price, author_bio, book_description) VALUES ('9788929504311', 0, 0, NULL, NULL, '[블루앤트리 편집부 제작]에 대한 간단 소개입니다.', '(The) Flying Turtle — theflyingturtle에 대한 자동 생성 소개입니다.') ON DUPLICATE KEY UPDATE sold_out=VALUES(sold_out), free_shipping=VALUES(free_shipping), list_price=VALUES(list_price), sale_price=VALUES(sale_price), author_bio=VALUES(author_bio), book_description=VALUES(book_description);
INSERT INTO book (isbn, title, subtitle, author, image_url, published_date, publisher) VALUES ('9788997907243', '영어문고 제인 에어', '영어문고제인에어', '샬롯 브론테', 'https://bookthumb-phinf.pstatic.net/cover/137/196/13719684.jpg?type=m1&udate=20180823', '2012-10-08', '블루프린트') ON DUPLICATE KEY UPDATE title=VALUES(title), subtitle=VALUES(subtitle), author=VALUES(author), image_url=VALUES(image_url), published_date=VALUES(published_date), publisher=VALUES(publisher);
INSERT INTO book_detail (isbn, sold_out, free_shipping, list_price, sale_price, author_bio, book_description) VALUES ('9788997907243', 0, 0, 1000, 1000, '샬롯 브론테에 대한 간단 소개입니다.', '1847년 영국의 여류작가 샬롯 브론테가 남자 이름 커러 벨(Currer Bell)이라는 필명으로 출판하였다. 하지만 작품의 실제 투고자가 커러 벨이라는 남성이 아니라 샬롯 브론테라는 여성이라는 사실이 알려지면서 영국 사회는 놀라게 된다. 이러한 이유로 책의 인기는 더욱 상승하였다. 1840년대 영국 소설을 대표하는...') ON DUPLICATE KEY UPDATE sold_out=VALUES(sold_out), free_shipping=VALUES(free_shipping), list_price=VALUES(list_price), sale_price=VALUES(sale_price), author_bio=VALUES(author_bio), book_description=VALUES(book_description);
INSERT INTO book (isbn, title, subtitle, author, image_url, published_date, publisher) VALUES ('9788997907151', '영어문고 셜록 홈즈의 모험', '영어문고셜록홈즈의모험', '아서 코난 도일', 'https://bookthumb-phinf.pstatic.net/cover/137/196/13719693.jpg?type=m1&udate=20180615', '2012-10-08', '블루프린트') ON DUPLICATE KEY UPDATE title=VALUES(title), subtitle=VALUES(subtitle), author=VALUES(author), image_url=VALUES(image_url), published_date=VALUES(published_date), publisher=VALUES(publisher);
INSERT INTO book_detail (isbn, sold_out, free_shipping, list_price, sale_price, author_bio, book_description) VALUES ('9788997907151', 0, 0, 1000, 1000, '아서 코난 도일에 대한 간단 소개입니다.', '《셜록 홈즈의 모험》(The Adventures of Sherlock Holmes)은 아서 코넌 도일이 집필한 12편의 단편 소설 모음집이다.《셜록 홈즈의 모험》은 셜록 홈즈 단편 소설의 첫번째 모음집이며, 각 단편 소설은 1891년 7월 부터 1892년 6월까지 스트랜드 잡지(Strand Magazine)에 발표되었다.《셜록 홈즈의...') ON DUPLICATE KEY UPDATE sold_out=VALUES(sold_out), free_shipping=VALUES(free_shipping), list_price=VALUES(list_price), sale_price=VALUES(sale_price), author_bio=VALUES(author_bio), book_description=VALUES(book_description);
INSERT INTO book (isbn, title, subtitle, author, image_url, published_date, publisher) VALUES ('9788997907168', '영어문고 잃어버린 세계', '영어문고잃어버린세계', '아서 코난 도일', 'https://bookthumb-phinf.pstatic.net/cover/137/196/13719692.jpg?type=m1&udate=20180615', '2012-10-08', '블루프린트') ON DUPLICATE KEY UPDATE title=VALUES(title), subtitle=VALUES(subtitle), author=VALUES(author), image_url=VALUES(image_url), published_date=VALUES(published_date), publisher=VALUES(publisher);
INSERT INTO book_detail (isbn, sold_out, free_shipping, list_price, sale_price, author_bio, book_description) VALUES ('9788997907168', 0, 0, 1000, 1000, '아서 코난 도일에 대한 간단 소개입니다.', '《잃어버린 세계》는 아서 코난 도일이 1912년에 발표한 소설로, 선사 시대 동물들(공룡과 다른 멸종 생물들)이 여전히 살아 남아 있는 남아메리카의 아마존 분지에 있는 고원 탐험에 관한 내용이다.주요 등장 인물로는 챌린저 교수, 서멀리 교수, 존 록스턴 경, 말론이 등장한다. 챌린저 교수는 남미 탐사 중...') ON DUPLICATE KEY UPDATE sold_out=VALUES(sold_out), free_shipping=VALUES(free_shipping), list_price=VALUES(list_price), sale_price=VALUES(sale_price), author_bio=VALUES(author_bio), book_description=VALUES(book_description);
INSERT INTO book (isbn, title, subtitle, author, image_url, published_date, publisher) VALUES ('9791187959021', 'The Traveling Companion(길동무)', 'thetravelingcompanion길동무', '한스 크리스티안 안데르센 (지은이)', 'https://image.aladin.co.kr/product/10002/78/cover/e272430606_1.jpg', '2016-12-27', '슈북스') ON DUPLICATE KEY UPDATE title=VALUES(title), subtitle=VALUES(subtitle), author=VALUES(author), image_url=VALUES(image_url), published_date=VALUES(published_date), publisher=VALUES(publisher);
INSERT INTO book_detail (isbn, sold_out, free_shipping, list_price, sale_price, author_bio, book_description) VALUES ('9791187959021', 0, 0, 3000, 3000, '한스 크리스티안 안데르센 (지은이)에 대한 간단 소개입니다.', '존의 아버지는 죽음을 앞두고 존에게 축복의 말을 전합니다. 살아가는 동안에 신이 함께 하리라고 말하고는 조용히 눈을 감습니다. 존은 슬픔에 겨워 잠이 든 후 아름다운 공주를 만나는 꿈을 꿉니다. 아버지의 장례를 치르고 더 넓은 세상으로 여행을 떠납니다.  여행길에 자기처럼 여행중이라는 낯선 사람을...') ON DUPLICATE KEY UPDATE sold_out=VALUES(sold_out), free_shipping=VALUES(free_shipping), list_price=VALUES(list_price), sale_price=VALUES(sale_price), author_bio=VALUES(author_bio), book_description=VALUES(book_description);
INSERT INTO book (isbn, title, subtitle, author, image_url, published_date, publisher) VALUES ('9791185959007', '엄지공주:사랑스런 이야기', '엄지공주사랑스런이야기', 'Hans Christian Andersen Author', NULL, '2025-02-18', NULL) ON DUPLICATE KEY UPDATE title=VALUES(title), subtitle=VALUES(subtitle), author=VALUES(author), image_url=VALUES(image_url), published_date=VALUES(published_date), publisher=VALUES(publisher);
INSERT INTO book_detail (isbn, sold_out, free_shipping, list_price, sale_price, author_bio, book_description) VALUES ('9791185959007', 0, 0, NULL, NULL, 'Hans Christian Andersen Author에 대한 간단 소개입니다.', '엄지공주:사랑스런 이야기 — 엄지공주사랑스런이야기에 대한 자동 생성 소개입니다.') ON DUPLICATE KEY UPDATE sold_out=VALUES(sold_out), free_shipping=VALUES(free_shipping), list_price=VALUES(list_price), sale_price=VALUES(sale_price), author_bio=VALUES(author_bio), book_description=VALUES(book_description);
INSERT INTO book (isbn, title, subtitle, author, image_url, published_date, publisher) VALUES ('9788929503888', 'Cool, cool! That''s so cool!', 'cool,coolthatssocool', '[블루앤트리 편집부 지음]', NULL, '2024-09-25', NULL) ON DUPLICATE KEY UPDATE title=VALUES(title), subtitle=VALUES(subtitle), author=VALUES(author), image_url=VALUES(image_url), published_date=VALUES(published_date), publisher=VALUES(publisher);
INSERT INTO book_detail (isbn, sold_out, free_shipping, list_price, sale_price, author_bio, book_description) VALUES ('9788929503888', 0, 0, NULL, NULL, '[블루앤트리 편집부 지음]에 대한 간단 소개입니다.', 'Cool, cool! That''s so cool! — cool,coolthatssocool에 대한 자동 생성 소개입니다.') ON DUPLICATE KEY UPDATE sold_out=VALUES(sold_out), free_shipping=VALUES(free_shipping), list_price=VALUES(list_price), sale_price=VALUES(sale_price), author_bio=VALUES(author_bio), book_description=VALUES(book_description);
INSERT INTO book (isbn, title, subtitle, author, image_url, published_date, publisher) VALUES ('9788929504137', 'Copycat! Copycat!', 'copycatcopycat', '[블루앤트리 편집부 지음]', NULL, '2025-06-29', NULL) ON DUPLICATE KEY UPDATE title=VALUES(title), subtitle=VALUES(subtitle), author=VALUES(author), image_url=VALUES(image_url), published_date=VALUES(published_date), publisher=VALUES(publisher);
INSERT INTO book_detail (isbn, sold_out, free_shipping, list_price, sale_price, author_bio, book_description) VALUES ('9788929504137', 0, 0, NULL, NULL, '[블루앤트리 편집부 지음]에 대한 간단 소개입니다.', 'Copycat! Copycat! — copycatcopycat에 대한 자동 생성 소개입니다.') ON DUPLICATE KEY UPDATE sold_out=VALUES(sold_out), free_shipping=VALUES(free_shipping), list_price=VALUES(list_price), sale_price=VALUES(sale_price), author_bio=VALUES(author_bio), book_description=VALUES(book_description);
INSERT INTO book (isbn, title, subtitle, author, image_url, published_date, publisher) VALUES ('9788929504526', 'Dividing Five croquettes', 'dividingfivecroquettes', '[블루앤트리 편집부 지음]', NULL, '2022-06-21', NULL) ON DUPLICATE KEY UPDATE title=VALUES(title), subtitle=VALUES(subtitle), author=VALUES(author), image_url=VALUES(image_url), published_date=VALUES(published_date), publisher=VALUES(publisher);
INSERT INTO book_detail (isbn, sold_out, free_shipping, list_price, sale_price, author_bio, book_description) VALUES ('9788929504526', 0, 0, NULL, NULL, '[블루앤트리 편집부 지음]에 대한 간단 소개입니다.', 'Dividing Five croquettes — dividingfivecroquettes에 대한 자동 생성 소개입니다.') ON DUPLICATE KEY UPDATE sold_out=VALUES(sold_out), free_shipping=VALUES(free_shipping), list_price=VALUES(list_price), sale_price=VALUES(sale_price), author_bio=VALUES(author_bio), book_description=VALUES(book_description);
INSERT INTO book (isbn, title, subtitle, author, image_url, published_date, publisher) VALUES ('9788929503833', 'I can do it myself! It''s easy!', 'icandoitmyselfitseasy', '[블루앤트리 편집부 지음]', NULL, '2022-06-18', NULL) ON DUPLICATE KEY UPDATE title=VALUES(title), subtitle=VALUES(subtitle), author=VALUES(author), image_url=VALUES(image_url), published_date=VALUES(published_date), publisher=VALUES(publisher);
INSERT INTO book_detail (isbn, sold_out, free_shipping, list_price, sale_price, author_bio, book_description) VALUES ('9788929503833', 0, 0, NULL, NULL, '[블루앤트리 편집부 지음]에 대한 간단 소개입니다.', 'I can do it myself! It''s easy! — icandoitmyselfitseasy에 대한 자동 생성 소개입니다.') ON DUPLICATE KEY UPDATE sold_out=VALUES(sold_out), free_shipping=VALUES(free_shipping), list_price=VALUES(list_price), sale_price=VALUES(sale_price), author_bio=VALUES(author_bio), book_description=VALUES(book_description);
INSERT INTO book (isbn, title, subtitle, author, image_url, published_date, publisher) VALUES ('9788929505028', 'Magnets Are Strong', 'magnetsarestrong', '[블루앤트리 편집부 지음]', NULL, '2023-01-14', NULL) ON DUPLICATE KEY UPDATE title=VALUES(title), subtitle=VALUES(subtitle), author=VALUES(author), image_url=VALUES(image_url), published_date=VALUES(published_date), publisher=VALUES(publisher);
INSERT INTO book_detail (isbn, sold_out, free_shipping, list_price, sale_price, author_bio, book_description) VALUES ('9788929505028', 0, 0, NULL, NULL, '[블루앤트리 편집부 지음]에 대한 간단 소개입니다.', 'Magnets Are Strong — magnetsarestrong에 대한 자동 생성 소개입니다.') ON DUPLICATE KEY UPDATE sold_out=VALUES(sold_out), free_shipping=VALUES(free_shipping), list_price=VALUES(list_price), sale_price=VALUES(sale_price), author_bio=VALUES(author_bio), book_description=VALUES(book_description);
INSERT INTO book (isbn, title, subtitle, author, image_url, published_date, publisher) VALUES ('9788929505554', 'Mom''s Thrifty Notebook', 'momsthriftynotebook', '[블루앤트리 편집부 지음]', NULL, '2023-03-01', NULL) ON DUPLICATE KEY UPDATE title=VALUES(title), subtitle=VALUES(subtitle), author=VALUES(author), image_url=VALUES(image_url), published_date=VALUES(published_date), publisher=VALUES(publisher);
INSERT INTO book_detail (isbn, sold_out, free_shipping, list_price, sale_price, author_bio, book_description) VALUES ('9788929505554', 0, 0, NULL, NULL, '[블루앤트리 편집부 지음]에 대한 간단 소개입니다.', 'Mom''s Thrifty Notebook — momsthriftynotebook에 대한 자동 생성 소개입니다.') ON DUPLICATE KEY UPDATE sold_out=VALUES(sold_out), free_shipping=VALUES(free_shipping), list_price=VALUES(list_price), sale_price=VALUES(sale_price), author_bio=VALUES(author_bio), book_description=VALUES(book_description);
INSERT INTO book (isbn, title, subtitle, author, image_url, published_date, publisher) VALUES ('9788929503871', 'My dad is great!', 'mydadisgreat', '[블루앤트리 편집부 지음]', NULL, '2025-04-05', NULL) ON DUPLICATE KEY UPDATE title=VALUES(title), subtitle=VALUES(subtitle), author=VALUES(author), image_url=VALUES(image_url), published_date=VALUES(published_date), publisher=VALUES(publisher);
INSERT INTO book_detail (isbn, sold_out, free_shipping, list_price, sale_price, author_bio, book_description) VALUES ('9788929503871', 0, 0, NULL, NULL, '[블루앤트리 편집부 지음]에 대한 간단 소개입니다.', 'My dad is great! — mydadisgreat에 대한 자동 생성 소개입니다.') ON DUPLICATE KEY UPDATE sold_out=VALUES(sold_out), free_shipping=VALUES(free_shipping), list_price=VALUES(list_price), sale_price=VALUES(sale_price), author_bio=VALUES(author_bio), book_description=VALUES(book_description);
INSERT INTO book (isbn, title, subtitle, author, image_url, published_date, publisher) VALUES ('9788929505592', 'Oh, My Goodness! Taxes!', 'oh,mygoodnesstaxes', '[블루앤트리 편집부 지음]', NULL, '2024-09-16', NULL) ON DUPLICATE KEY UPDATE title=VALUES(title), subtitle=VALUES(subtitle), author=VALUES(author), image_url=VALUES(image_url), published_date=VALUES(published_date), publisher=VALUES(publisher);
INSERT INTO book_detail (isbn, sold_out, free_shipping, list_price, sale_price, author_bio, book_description) VALUES ('9788929505592', 0, 0, NULL, NULL, '[블루앤트리 편집부 지음]에 대한 간단 소개입니다.', 'Oh, My Goodness! Taxes! — oh,mygoodnesstaxes에 대한 자동 생성 소개입니다.') ON DUPLICATE KEY UPDATE sold_out=VALUES(sold_out), free_shipping=VALUES(free_shipping), list_price=VALUES(list_price), sale_price=VALUES(sale_price), author_bio=VALUES(author_bio), book_description=VALUES(book_description);
INSERT INTO book (isbn, title, subtitle, author, image_url, published_date, publisher) VALUES ('9788929504182', '(The) Fox and the Crane', 'thefoxandthecrane', '[블루앤트리 편집부 제작]', NULL, '2023-09-26', NULL) ON DUPLICATE KEY UPDATE title=VALUES(title), subtitle=VALUES(subtitle), author=VALUES(author), image_url=VALUES(image_url), published_date=VALUES(published_date), publisher=VALUES(publisher);
INSERT INTO book_detail (isbn, sold_out, free_shipping, list_price, sale_price, author_bio, book_description) VALUES ('9788929504182', 0, 0, NULL, NULL, '[블루앤트리 편집부 제작]에 대한 간단 소개입니다.', '(The) Fox and the Crane — thefoxandthecrane에 대한 자동 생성 소개입니다.') ON DUPLICATE KEY UPDATE sold_out=VALUES(sold_out), free_shipping=VALUES(free_shipping), list_price=VALUES(list_price), sale_price=VALUES(sale_price), author_bio=VALUES(author_bio), book_description=VALUES(book_description);
INSERT INTO book (isbn, title, subtitle, author, image_url, published_date, publisher) VALUES ('9788929505301', '(The) Fox and the crane', 'thefoxandthecrane', '[블루앤트리 편집부 제작]', NULL, '2024-06-20', NULL) ON DUPLICATE KEY UPDATE title=VALUES(title), subtitle=VALUES(subtitle), author=VALUES(author), image_url=VALUES(image_url), published_date=VALUES(published_date), publisher=VALUES(publisher);
INSERT INTO book_detail (isbn, sold_out, free_shipping, list_price, sale_price, author_bio, book_description) VALUES ('9788929505301', 0, 0, NULL, NULL, '[블루앤트리 편집부 제작]에 대한 간단 소개입니다.', '(The) Fox and the crane — thefoxandthecrane에 대한 자동 생성 소개입니다.') ON DUPLICATE KEY UPDATE sold_out=VALUES(sold_out), free_shipping=VALUES(free_shipping), list_price=VALUES(list_price), sale_price=VALUES(sale_price), author_bio=VALUES(author_bio), book_description=VALUES(book_description);
INSERT INTO book (isbn, title, subtitle, author, image_url, published_date, publisher) VALUES ('9788929505172', '(The) Giant in a Bottle', 'thegiantinabottle', '[블루앤트리 편집부 제작]', NULL, '2024-02-20', NULL) ON DUPLICATE KEY UPDATE title=VALUES(title), subtitle=VALUES(subtitle), author=VALUES(author), image_url=VALUES(image_url), published_date=VALUES(published_date), publisher=VALUES(publisher);
INSERT INTO book_detail (isbn, sold_out, free_shipping, list_price, sale_price, author_bio, book_description) VALUES ('9788929505172', 0, 0, NULL, NULL, '[블루앤트리 편집부 제작]에 대한 간단 소개입니다.', '(The) Giant in a Bottle — thegiantinabottle에 대한 자동 생성 소개입니다.') ON DUPLICATE KEY UPDATE sold_out=VALUES(sold_out), free_shipping=VALUES(free_shipping), list_price=VALUES(list_price), sale_price=VALUES(sale_price), author_bio=VALUES(author_bio), book_description=VALUES(book_description);
INSERT INTO book (isbn, title, subtitle, author, image_url, published_date, publisher) VALUES ('9788929504717', '(The) Giant''s Garden', 'thegiantsgarden', '[블루앤트리 편집부 제작]', NULL, '2024-12-15', NULL) ON DUPLICATE KEY UPDATE title=VALUES(title), subtitle=VALUES(subtitle), author=VALUES(author), image_url=VALUES(image_url), published_date=VALUES(published_date), publisher=VALUES(publisher);
INSERT INTO book_detail (isbn, sold_out, free_shipping, list_price, sale_price, author_bio, book_description) VALUES ('9788929504717', 0, 0, NULL, NULL, '[블루앤트리 편집부 제작]에 대한 간단 소개입니다.', '(The) Giant''s Garden — thegiantsgarden에 대한 자동 생성 소개입니다.') ON DUPLICATE KEY UPDATE sold_out=VALUES(sold_out), free_shipping=VALUES(free_shipping), list_price=VALUES(list_price), sale_price=VALUES(sale_price), author_bio=VALUES(author_bio), book_description=VALUES(book_description);
INSERT INTO book (isbn, title, subtitle, author, image_url, published_date, publisher) VALUES ('9788929505332', '(The) Giving Tree', 'thegivingtree', '[블루앤트리 편집부 제작]', NULL, '2022-04-12', NULL) ON DUPLICATE KEY UPDATE title=VALUES(title), subtitle=VALUES(subtitle), author=VALUES(author), image_url=VALUES(image_url), published_date=VALUES(published_date), publisher=VALUES(publisher);
INSERT INTO book_detail (isbn, sold_out, free_shipping, list_price, sale_price, author_bio, book_description) VALUES ('9788929505332', 0, 0, NULL, NULL, '[블루앤트리 편집부 제작]에 대한 간단 소개입니다.', '(The) Giving Tree — thegivingtree에 대한 자동 생성 소개입니다.') ON DUPLICATE KEY UPDATE sold_out=VALUES(sold_out), free_shipping=VALUES(free_shipping), list_price=VALUES(list_price), sale_price=VALUES(sale_price), author_bio=VALUES(author_bio), book_description=VALUES(book_description);
INSERT INTO book (isbn, title, subtitle, author, image_url, published_date, publisher) VALUES ('9788929504205', '(The) Golden Ax', 'thegoldenax', '[블루앤트리 편집부 제작]', NULL, '2024-10-20', NULL) ON DUPLICATE KEY UPDATE title=VALUES(title), subtitle=VALUES(subtitle), author=VALUES(author), image_url=VALUES(image_url), published_date=VALUES(published_date), publisher=VALUES(publisher);
INSERT INTO book_detail (isbn, sold_out, free_shipping, list_price, sale_price, author_bio, book_description) VALUES ('9788929504205', 0, 0, NULL, NULL, '[블루앤트리 편집부 제작]에 대한 간단 소개입니다.', '(The) Golden Ax — thegoldenax에 대한 자동 생성 소개입니다.') ON DUPLICATE KEY UPDATE sold_out=VALUES(sold_out), free_shipping=VALUES(free_shipping), list_price=VALUES(list_price), sale_price=VALUES(sale_price), author_bio=VALUES(author_bio), book_description=VALUES(book_description);
INSERT INTO book (isbn, title, subtitle, author, image_url, published_date, publisher) VALUES ('9788929504694', '(The) Golden Goos', 'thegoldengoos', '[블루앤트리 편집부 제작]', NULL, '2023-07-09', NULL) ON DUPLICATE KEY UPDATE title=VALUES(title), subtitle=VALUES(subtitle), author=VALUES(author), image_url=VALUES(image_url), published_date=VALUES(published_date), publisher=VALUES(publisher);
INSERT INTO book_detail (isbn, sold_out, free_shipping, list_price, sale_price, author_bio, book_description) VALUES ('9788929504694', 0, 0, NULL, NULL, '[블루앤트리 편집부 제작]에 대한 간단 소개입니다.', '(The) Golden Goos — thegoldengoos에 대한 자동 생성 소개입니다.') ON DUPLICATE KEY UPDATE sold_out=VALUES(sold_out), free_shipping=VALUES(free_shipping), list_price=VALUES(list_price), sale_price=VALUES(sale_price), author_bio=VALUES(author_bio), book_description=VALUES(book_description);
INSERT INTO book (isbn, title, subtitle, author, image_url, published_date, publisher) VALUES ('9788929505196', '(The) Great Big Turnip', 'thegreatbigturnip', '[블루앤트리 편집부 제작]', NULL, '2025-07-30', NULL) ON DUPLICATE KEY UPDATE title=VALUES(title), subtitle=VALUES(subtitle), author=VALUES(author), image_url=VALUES(image_url), published_date=VALUES(published_date), publisher=VALUES(publisher);
INSERT INTO book_detail (isbn, sold_out, free_shipping, list_price, sale_price, author_bio, book_description) VALUES ('9788929505196', 0, 0, NULL, NULL, '[블루앤트리 편집부 제작]에 대한 간단 소개입니다.', '(The) Great Big Turnip — thegreatbigturnip에 대한 자동 생성 소개입니다.') ON DUPLICATE KEY UPDATE sold_out=VALUES(sold_out), free_shipping=VALUES(free_shipping), list_price=VALUES(list_price), sale_price=VALUES(sale_price), author_bio=VALUES(author_bio), book_description=VALUES(book_description);
INSERT INTO book (isbn, title, subtitle, author, image_url, published_date, publisher) VALUES ('9788929505271', '(The) Happy Prince', 'thehappyprince', '[블루앤트리 편집부 제작]', NULL, '2025-07-14', NULL) ON DUPLICATE KEY UPDATE title=VALUES(title), subtitle=VALUES(subtitle), author=VALUES(author), image_url=VALUES(image_url), published_date=VALUES(published_date), publisher=VALUES(publisher);
INSERT INTO book_detail (isbn, sold_out, free_shipping, list_price, sale_price, author_bio, book_description) VALUES ('9788929505271', 0, 0, NULL, NULL, '[블루앤트리 편집부 제작]에 대한 간단 소개입니다.', '(The) Happy Prince — thehappyprince에 대한 자동 생성 소개입니다.') ON DUPLICATE KEY UPDATE sold_out=VALUES(sold_out), free_shipping=VALUES(free_shipping), list_price=VALUES(list_price), sale_price=VALUES(sale_price), author_bio=VALUES(author_bio), book_description=VALUES(book_description);
INSERT INTO book (isbn, title, subtitle, author, image_url, published_date, publisher) VALUES ('9788929505325', '(The) Hare and the Hedgehog', 'thehareandthehedgehog', '[블루앤트리 편집부 제작]', NULL, '2022-12-23', NULL) ON DUPLICATE KEY UPDATE title=VALUES(title), subtitle=VALUES(subtitle), author=VALUES(author), image_url=VALUES(image_url), published_date=VALUES(published_date), publisher=VALUES(publisher);
INSERT INTO book_detail (isbn, sold_out, free_shipping, list_price, sale_price, author_bio, book_description) VALUES ('9788929505325', 0, 0, NULL, NULL, '[블루앤트리 편집부 제작]에 대한 간단 소개입니다.', '(The) Hare and the Hedgehog — thehareandthehedgehog에 대한 자동 생성 소개입니다.') ON DUPLICATE KEY UPDATE sold_out=VALUES(sold_out), free_shipping=VALUES(free_shipping), list_price=VALUES(list_price), sale_price=VALUES(sale_price), author_bio=VALUES(author_bio), book_description=VALUES(book_description);
INSERT INTO book (isbn, title, subtitle, author, image_url, published_date, publisher) VALUES ('9788929505578', '(The) Hurly-burly Court', 'thehurlyburlycourt', '[블루앤트리 편집부 제작]', NULL, '2022-06-09', NULL) ON DUPLICATE KEY UPDATE title=VALUES(title), subtitle=VALUES(subtitle), author=VALUES(author), image_url=VALUES(image_url), published_date=VALUES(published_date), publisher=VALUES(publisher);
INSERT INTO book_detail (isbn, sold_out, free_shipping, list_price, sale_price, author_bio, book_description) VALUES ('9788929505578', 0, 0, NULL, NULL, '[블루앤트리 편집부 제작]에 대한 간단 소개입니다.', '(The) Hurly-burly Court — thehurlyburlycourt에 대한 자동 생성 소개입니다.') ON DUPLICATE KEY UPDATE sold_out=VALUES(sold_out), free_shipping=VALUES(free_shipping), list_price=VALUES(list_price), sale_price=VALUES(sale_price), author_bio=VALUES(author_bio), book_description=VALUES(book_description);
INSERT INTO book (isbn, title, subtitle, author, image_url, published_date, publisher) VALUES ('9788929504700', '(The) King of birds', 'thekingofbirds', '[블루앤트리 편집부 제작]', NULL, '2023-09-19', NULL) ON DUPLICATE KEY UPDATE title=VALUES(title), subtitle=VALUES(subtitle), author=VALUES(author), image_url=VALUES(image_url), published_date=VALUES(published_date), publisher=VALUES(publisher);
INSERT INTO book_detail (isbn, sold_out, free_shipping, list_price, sale_price, author_bio, book_description) VALUES ('9788929504700', 0, 0, NULL, NULL, '[블루앤트리 편집부 제작]에 대한 간단 소개입니다.', '(The) King of birds — thekingofbirds에 대한 자동 생성 소개입니다.') ON DUPLICATE KEY UPDATE sold_out=VALUES(sold_out), free_shipping=VALUES(free_shipping), list_price=VALUES(list_price), sale_price=VALUES(sale_price), author_bio=VALUES(author_bio), book_description=VALUES(book_description);
INSERT INTO book (isbn, title, subtitle, author, image_url, published_date, publisher) VALUES ('9788929504212', '(The) Lion and the Deer', 'thelionandthedeer', '[블루앤트리 편집부 제작]', NULL, '2022-11-27', NULL) ON DUPLICATE KEY UPDATE title=VALUES(title), subtitle=VALUES(subtitle), author=VALUES(author), image_url=VALUES(image_url), published_date=VALUES(published_date), publisher=VALUES(publisher);
INSERT INTO book_detail (isbn, sold_out, free_shipping, list_price, sale_price, author_bio, book_description) VALUES ('9788929504212', 0, 0, NULL, NULL, '[블루앤트리 편집부 제작]에 대한 간단 소개입니다.', '(The) Lion and the Deer — thelionandthedeer에 대한 자동 생성 소개입니다.') ON DUPLICATE KEY UPDATE sold_out=VALUES(sold_out), free_shipping=VALUES(free_shipping), list_price=VALUES(list_price), sale_price=VALUES(sale_price), author_bio=VALUES(author_bio), book_description=VALUES(book_description);
INSERT INTO book (isbn, title, subtitle, author, image_url, published_date, publisher) VALUES ('9788997907175', '영어문고 몬테 크리스토 백작', '영어문고몬테크리스토백작', '알렉산더 뒤마', 'https://bookthumb-phinf.pstatic.net/cover/137/196/13719691.jpg?type=m1&udate=20180615', '2012-10-08', '블루프린트') ON DUPLICATE KEY UPDATE title=VALUES(title), subtitle=VALUES(subtitle), author=VALUES(author), image_url=VALUES(image_url), published_date=VALUES(published_date), publisher=VALUES(publisher);
INSERT INTO book_detail (isbn, sold_out, free_shipping, list_price, sale_price, author_bio, book_description) VALUES ('9788997907175', 0, 0, 1000, 1000, '알렉산더 뒤마에 대한 간단 소개입니다.', '프랑스 마르세유 출신의 젊은 선원 에드몽 단테스는 약혼녀이자 애인인 메르세데스를 탐낸 적들의 흉계로 14년이나 감옥에 억울하게 수감된다. 그가 선원으로 일했던 파라옹 호가 잠시 나폴레옹이 귀양살이하던 엘바 섬에 들른 적이 있는데 이를 트집 잡아 에드몽에게 나폴레옹과 연계되어 있다는 반역죄의...') ON DUPLICATE KEY UPDATE sold_out=VALUES(sold_out), free_shipping=VALUES(free_shipping), list_price=VALUES(list_price), sale_price=VALUES(sale_price), author_bio=VALUES(author_bio), book_description=VALUES(book_description);
INSERT INTO book (isbn, title, subtitle, author, image_url, published_date, publisher) VALUES ('9788997907199', '영어문고 삼총사', '영어문고삼총사', '알렉산더 뒤마', 'https://bookthumb-phinf.pstatic.net/cover/137/196/13719689.jpg?type=m1&udate=20180615', '2012-10-08', '블루프린트') ON DUPLICATE KEY UPDATE title=VALUES(title), subtitle=VALUES(subtitle), author=VALUES(author), image_url=VALUES(image_url), published_date=VALUES(published_date), publisher=VALUES(publisher);
INSERT INTO book_detail (isbn, sold_out, free_shipping, list_price, sale_price, author_bio, book_description) VALUES ('9788997907199', 0, 0, 1000, 1000, '알렉산더 뒤마에 대한 간단 소개입니다.', '삼총사 (Les Trois Mousquetaires)는 알렉산더 뒤마가 쓴 소설이다. 1844년 3월부터 7월까지 신문《세기》(Le Siecle)에 연재되었다. 총사가 되기 위해 파리로 온 가스코뉴 출신의 하급 귀족 달타냥이 총사 아토스, 아라미스, 포르토스를 만나 벌이는 모험을 그리고 있다.17세기 프랑스와 영국을 배경으로...') ON DUPLICATE KEY UPDATE sold_out=VALUES(sold_out), free_shipping=VALUES(free_shipping), list_price=VALUES(list_price), sale_price=VALUES(sale_price), author_bio=VALUES(author_bio), book_description=VALUES(book_description);
INSERT INTO book (isbn, title, subtitle, author, image_url, published_date, publisher) VALUES ('9788997907182', '영어문고 아이언 마스크', '영어문고아이언마스크', '알렉산더 뒤마', 'https://bookthumb-phinf.pstatic.net/cover/137/196/13719690.jpg?type=m1&udate=20180615', '2012-10-08', '블루프린트') ON DUPLICATE KEY UPDATE title=VALUES(title), subtitle=VALUES(subtitle), author=VALUES(author), image_url=VALUES(image_url), published_date=VALUES(published_date), publisher=VALUES(publisher);
INSERT INTO book_detail (isbn, sold_out, free_shipping, list_price, sale_price, author_bio, book_description) VALUES ('9788997907182', 0, 0, 1000, 1000, '알렉산더 뒤마에 대한 간단 소개입니다.', '《아이언 마스크》(1847)는 알렉산더 뒤마가 발표한 소설로 프랑스 루이 14세 때 실제로 일어났던 사건을 다룬 작품이다.철가면의 죄수는 34년 동안 프랑스의 바스티유 감옥에서 얼굴에 철가면을 쓴 채 보냈으며, 1703년 11월 19일에 세상을 떠난다. 어느 누구도 이 죄수가 누구인지 알지 못했다. 1874년에...') ON DUPLICATE KEY UPDATE sold_out=VALUES(sold_out), free_shipping=VALUES(free_shipping), list_price=VALUES(list_price), sale_price=VALUES(sale_price), author_bio=VALUES(author_bio), book_description=VALUES(book_description);
INSERT INTO book (isbn, title, subtitle, author, image_url, published_date, publisher) VALUES ('9788997907274', '영어문고 모르그가의 살인 사건', '영어문고모르그가의살인사건', '에드거 앨런 포', 'https://bookthumb-phinf.pstatic.net/cover/137/196/13719681.jpg?type=m1&udate=20180615', '2012-10-08', '블루프린트') ON DUPLICATE KEY UPDATE title=VALUES(title), subtitle=VALUES(subtitle), author=VALUES(author), image_url=VALUES(image_url), published_date=VALUES(published_date), publisher=VALUES(publisher);
INSERT INTO book_detail (isbn, sold_out, free_shipping, list_price, sale_price, author_bio, book_description) VALUES ('9788997907274', 0, 0, 1000, 1000, '에드거 앨런 포에 대한 간단 소개입니다.', '《모르그가의 살인 사건》(The Murders in the Rue Morgue, 1841년)은 미국의 시인이자 소설가인 에드거 알렌 포의 단편소설이다. 1841년 그레이엄스 잡지(Graham’s Magazine)에 발간된 그의 최초의 추리소설이다.모르그가의 한 저택에서 끔직한 살인사건이 일어났다. 저택에 사는 레스타네 부인과 딸...') ON DUPLICATE KEY UPDATE sold_out=VALUES(sold_out), free_shipping=VALUES(free_shipping), list_price=VALUES(list_price), sale_price=VALUES(sale_price), author_bio=VALUES(author_bio), book_description=VALUES(book_description);
INSERT INTO book (isbn, title, subtitle, author, image_url, published_date, publisher) VALUES ('9788997907281', '영어문고 폭풍의 언덕', '영어문고폭풍의언덕', '에밀리 브론테', 'https://bookthumb-phinf.pstatic.net/cover/137/196/13719680.jpg?type=m1&udate=20180615', '2012-10-08', '블루프린트') ON DUPLICATE KEY UPDATE title=VALUES(title), subtitle=VALUES(subtitle), author=VALUES(author), image_url=VALUES(image_url), published_date=VALUES(published_date), publisher=VALUES(publisher);
INSERT INTO book_detail (isbn, sold_out, free_shipping, list_price, sale_price, author_bio, book_description) VALUES ('9788997907281', 0, 0, 1000, 1000, '에밀리 브론테에 대한 간단 소개입니다.', '《폭풍의 언덕》(Wuthering Heights)은 영국의 작가 에밀리 브론테의 유일한 작품이자 유작인 소설이다. 아버지 패트릭 브론테 신부가 성공회 사제였던 가정환경상 에밀리는 어린시절을 사제관이 있던 영국 요크셔의 황량한 벌판에서 보내면서 작가로서의 상상력을 길렀다.어른이 된 후 요크셔 벌판의...') ON DUPLICATE KEY UPDATE sold_out=VALUES(sold_out), free_shipping=VALUES(free_shipping), list_price=VALUES(list_price), sale_price=VALUES(sale_price), author_bio=VALUES(author_bio), book_description=VALUES(book_description);
INSERT INTO book (isbn, title, subtitle, author, image_url, published_date, publisher) VALUES ('9789788997900', '에마', '에마', '제인 오스틴 지음', NULL, '2023-04-02', NULL) ON DUPLICATE KEY UPDATE title=VALUES(title), subtitle=VALUES(subtitle), author=VALUES(author), image_url=VALUES(image_url), published_date=VALUES(published_date), publisher=VALUES(publisher);
INSERT INTO book_detail (isbn, sold_out, free_shipping, list_price, sale_price, author_bio, book_description) VALUES ('9789788997900', 0, 0, NULL, NULL, '제인 오스틴 지음에 대한 간단 소개입니다.', '에마 — 에마에 대한 자동 생성 소개입니다.') ON DUPLICATE KEY UPDATE sold_out=VALUES(sold_out), free_shipping=VALUES(free_shipping), list_price=VALUES(list_price), sale_price=VALUES(sale_price), author_bio=VALUES(author_bio), book_description=VALUES(book_description);
INSERT INTO book (isbn, title, subtitle, author, image_url, published_date, publisher) VALUES ('9791190813136', '루멜스틸즈첸 - Rumpelstilzchen', '루멜스틸즈첸rumpelstilzchen', 'Dinah Maria Mulock Craik (지은이)', 'https://image.aladin.co.kr/product/25456/39/cover/e872537440_1.jpg', '2020-10-20', '올리버북스') ON DUPLICATE KEY UPDATE title=VALUES(title), subtitle=VALUES(subtitle), author=VALUES(author), image_url=VALUES(image_url), published_date=VALUES(published_date), publisher=VALUES(publisher);
INSERT INTO book_detail (isbn, sold_out, free_shipping, list_price, sale_price, author_bio, book_description) VALUES ('9791190813136', 0, 0, 1000, 1000, 'Dinah Maria Mulock Craik (지은이)에 대한 간단 소개입니다.', '영어를 익히기 위해서는 지속해서 노력을 기울여야 합니다. 지금은 유튜브를 비롯한 많은 매체를 통해서 현대 영어를 쉽게 접할 수 있어서, 확실히 예전보다 영어를 익히기에 좋은 환경이라고 할 수 있습니다.그러나, 영어를 익히는 목적이 동시대의 여러 나라 사람들과 소통하는 것뿐 아니라, 인류가 남겨놓은...') ON DUPLICATE KEY UPDATE sold_out=VALUES(sold_out), free_shipping=VALUES(free_shipping), list_price=VALUES(list_price), sale_price=VALUES(sale_price), author_bio=VALUES(author_bio), book_description=VALUES(book_description);
INSERT INTO book (isbn, title, subtitle, author, image_url, published_date, publisher) VALUES ('9791190813181', '백설 공주와 빨강 장미 - Snow-White and Rose-Red', '백설공주와빨강장미snowwhiteandrosered', 'Dinah Maria Mulock Craik (지은이)', 'https://image.aladin.co.kr/product/25456/39/cover/e702537440_1.jpg', '2020-10-27', '올리버북스') ON DUPLICATE KEY UPDATE title=VALUES(title), subtitle=VALUES(subtitle), author=VALUES(author), image_url=VALUES(image_url), published_date=VALUES(published_date), publisher=VALUES(publisher);
INSERT INTO book_detail (isbn, sold_out, free_shipping, list_price, sale_price, author_bio, book_description) VALUES ('9791190813181', 0, 0, 1500, 1500, 'Dinah Maria Mulock Craik (지은이)에 대한 간단 소개입니다.', '영어를 익히기 위해서는 지속해서 노력을 기울여야 합니다. 지금은 유튜브를 비롯한 많은 매체를 통해서 현대 영어를 쉽게 접할 수 있어서, 확실히 예전보다 영어를 익히기에 좋은 환경이라고 할 수 있습니다.그러나, 영어를 익히는 목적이 동시대의 여러 나라 사람들과 소통하는 것뿐 아니라, 인류가 남겨놓은...') ON DUPLICATE KEY UPDATE sold_out=VALUES(sold_out), free_shipping=VALUES(free_shipping), list_price=VALUES(list_price), sale_price=VALUES(sale_price), author_bio=VALUES(author_bio), book_description=VALUES(book_description);
INSERT INTO book (isbn, title, subtitle, author, image_url, published_date, publisher) VALUES ('9791190813150', '브레멘 음악대 - The Bremen Town Musicians', '브레멘음악대thebrementownmusicians', 'Dinah Maria Mulock Craik (지은이)', 'https://image.aladin.co.kr/product/25456/39/cover/e742537440_1.jpg', '2020-10-27', '올리버북스') ON DUPLICATE KEY UPDATE title=VALUES(title), subtitle=VALUES(subtitle), author=VALUES(author), image_url=VALUES(image_url), published_date=VALUES(published_date), publisher=VALUES(publisher);
INSERT INTO book_detail (isbn, sold_out, free_shipping, list_price, sale_price, author_bio, book_description) VALUES ('9791190813150', 0, 0, 1000, 1000, 'Dinah Maria Mulock Craik (지은이)에 대한 간단 소개입니다.', '영어를 익히기 위해서는 지속해서 노력을 기울여야 합니다. 지금은 유튜브를 비롯한 많은 매체를 통해서 현대 영어를 쉽게 접할 수 있어서, 확실히 예전보다 영어를 익히기에 좋은 환경이라고 할 수 있습니다.그러나, 영어를 익히는 목적이 동시대의 여러 나라 사람들과 소통하는 것뿐 아니라, 인류가 남겨놓은...') ON DUPLICATE KEY UPDATE sold_out=VALUES(sold_out), free_shipping=VALUES(free_shipping), list_price=VALUES(list_price), sale_price=VALUES(sale_price), author_bio=VALUES(author_bio), book_description=VALUES(book_description);
INSERT INTO book (isbn, title, subtitle, author, image_url, published_date, publisher) VALUES ('9791190813259', '빨간 망토를 입은 소녀 - Little Red-Riding-Hood', '빨간망토를입은소녀littleredridinghood', 'Dinah Maria Mulock Craik (지은이)', 'https://image.aladin.co.kr/product/25456/39/cover/e852537440_1.jpg', '2020-11-01', '올리버북스') ON DUPLICATE KEY UPDATE title=VALUES(title), subtitle=VALUES(subtitle), author=VALUES(author), image_url=VALUES(image_url), published_date=VALUES(published_date), publisher=VALUES(publisher);
INSERT INTO book_detail (isbn, sold_out, free_shipping, list_price, sale_price, author_bio, book_description) VALUES ('9791190813259', 0, 0, 1000, 1000, 'Dinah Maria Mulock Craik (지은이)에 대한 간단 소개입니다.', '영어를 익히기 위해서는 지속해서 노력을 기울여야 합니다. 지금은 유튜브를 비롯한 많은 매체를 통해서 현대 영어를 쉽게 접할 수 있어서, 확실히 예전보다 영어를 익히기에 좋은 환경이라고 할 수 있습니다.그러나, 영어를 익히는 목적이 동시대의 여러 나라 사람들과 소통하는 것뿐 아니라, 인류가 남겨놓은...') ON DUPLICATE KEY UPDATE sold_out=VALUES(sold_out), free_shipping=VALUES(free_shipping), list_price=VALUES(list_price), sale_price=VALUES(sale_price), author_bio=VALUES(author_bio), book_description=VALUES(book_description);
INSERT INTO book (isbn, title, subtitle, author, image_url, published_date, publisher) VALUES ('9791190813327', '어린 백설 공주 - Little Snowdrop', '어린백설공주littlesnowdrop', 'Dinah Maria Mulock Craik (지은이)', 'https://image.aladin.co.kr/product/25456/39/cover/e862537440_1.jpg', '2020-11-01', '올리버북스') ON DUPLICATE KEY UPDATE title=VALUES(title), subtitle=VALUES(subtitle), author=VALUES(author), image_url=VALUES(image_url), published_date=VALUES(published_date), publisher=VALUES(publisher);
INSERT INTO book_detail (isbn, sold_out, free_shipping, list_price, sale_price, author_bio, book_description) VALUES ('9791190813327', 0, 0, 2000, 2000, 'Dinah Maria Mulock Craik (지은이)에 대한 간단 소개입니다.', '영어를 익히기 위해서는 지속해서 노력을 기울여야 합니다. 지금은 유튜브를 비롯한 많은 매체를 통해서 현대 영어를 쉽게 접할 수 있어서, 확실히 예전보다 영어를 익히기에 좋은 환경이라고 할 수 있습니다.그러나, 영어를 익히는 목적이 동시대의 여러 나라 사람들과 소통하는 것뿐 아니라, 인류가 남겨놓은...') ON DUPLICATE KEY UPDATE sold_out=VALUES(sold_out), free_shipping=VALUES(free_shipping), list_price=VALUES(list_price), sale_price=VALUES(sale_price), author_bio=VALUES(author_bio), book_description=VALUES(book_description);
INSERT INTO book (isbn, title, subtitle, author, image_url, published_date, publisher) VALUES ('9791190813266', '장화를 신은 야옹이 - Puss in Boots', '장화를신은야옹이pussinboots', 'Dinah Maria Mulock Craik (지은이)', 'https://image.aladin.co.kr/product/25456/40/cover/e882537440_1.jpg', '2020-11-01', '올리버북스') ON DUPLICATE KEY UPDATE title=VALUES(title), subtitle=VALUES(subtitle), author=VALUES(author), image_url=VALUES(image_url), published_date=VALUES(published_date), publisher=VALUES(publisher);
INSERT INTO book_detail (isbn, sold_out, free_shipping, list_price, sale_price, author_bio, book_description) VALUES ('9791190813266', 0, 0, 1500, 1500, 'Dinah Maria Mulock Craik (지은이)에 대한 간단 소개입니다.', '영어를 익히기 위해서는 지속해서 노력을 기울여야 합니다. 지금은 유튜브를 비롯한 많은 매체를 통해서 현대 영어를 쉽게 접할 수 있어서, 확실히 예전보다 영어를 익히기에 좋은 환경이라고 할 수 있습니다.그러나, 영어를 익히는 목적이 동시대의 여러 나라 사람들과 소통하는 것뿐 아니라, 인류가 남겨놓은...') ON DUPLICATE KEY UPDATE sold_out=VALUES(sold_out), free_shipping=VALUES(free_shipping), list_price=VALUES(list_price), sale_price=VALUES(sale_price), author_bio=VALUES(author_bio), book_description=VALUES(book_description);
INSERT INTO book (isbn, title, subtitle, author, image_url, published_date, publisher) VALUES ('9791190813396', '클레버 앨리스 - Clever Alice', '클레버앨리스cleveralice', 'Dinah Maria Mulock Craik (지은이)', 'https://image.aladin.co.kr/product/25456/39/cover/e722537440_1.jpg', '2020-11-01', '올리버북스') ON DUPLICATE KEY UPDATE title=VALUES(title), subtitle=VALUES(subtitle), author=VALUES(author), image_url=VALUES(image_url), published_date=VALUES(published_date), publisher=VALUES(publisher);
INSERT INTO book_detail (isbn, sold_out, free_shipping, list_price, sale_price, author_bio, book_description) VALUES ('9791190813396', 0, 0, 1000, 1000, 'Dinah Maria Mulock Craik (지은이)에 대한 간단 소개입니다.', '영어를 익히기 위해서는 지속해서 노력을 기울여야 합니다. 지금은 유튜브를 비롯한 많은 매체를 통해서 현대 영어를 쉽게 접할 수 있어서, 확실히 예전보다 영어를 익히기에 좋은 환경이라고 할 수 있습니다.그러나, 영어를 익히는 목적이 동시대의 여러 나라 사람들과 소통하는 것뿐 아니라, 인류가 남겨놓은...') ON DUPLICATE KEY UPDATE sold_out=VALUES(sold_out), free_shipping=VALUES(free_shipping), list_price=VALUES(list_price), sale_price=VALUES(sale_price), author_bio=VALUES(author_bio), book_description=VALUES(book_description);
INSERT INTO book (isbn, title, subtitle, author, image_url, published_date, publisher) VALUES ('9788929505363', '(The) Seven Ravens', 'thesevenravens', '[블루앤트리 편집부 제작]', NULL, '2024-12-17', NULL) ON DUPLICATE KEY UPDATE title=VALUES(title), subtitle=VALUES(subtitle), author=VALUES(author), image_url=VALUES(image_url), published_date=VALUES(published_date), publisher=VALUES(publisher);
INSERT INTO book_detail (isbn, sold_out, free_shipping, list_price, sale_price, author_bio, book_description) VALUES ('9788929505363', 0, 0, NULL, NULL, '[블루앤트리 편집부 제작]에 대한 간단 소개입니다.', '(The) Seven Ravens — thesevenravens에 대한 자동 생성 소개입니다.') ON DUPLICATE KEY UPDATE sold_out=VALUES(sold_out), free_shipping=VALUES(free_shipping), list_price=VALUES(list_price), sale_price=VALUES(sale_price), author_bio=VALUES(author_bio), book_description=VALUES(book_description);
INSERT INTO book (isbn, title, subtitle, author, image_url, published_date, publisher) VALUES ('9788929504441', '(The) Spider King''s New Shoes', 'thespiderkingsnewshoes', '[블루앤트리 편집부 제작]', NULL, '2022-09-21', NULL) ON DUPLICATE KEY UPDATE title=VALUES(title), subtitle=VALUES(subtitle), author=VALUES(author), image_url=VALUES(image_url), published_date=VALUES(published_date), publisher=VALUES(publisher);
INSERT INTO book_detail (isbn, sold_out, free_shipping, list_price, sale_price, author_bio, book_description) VALUES ('9788929504441', 0, 0, NULL, NULL, '[블루앤트리 편집부 제작]에 대한 간단 소개입니다.', '(The) Spider King''s New Shoes — thespiderkingsnewshoes에 대한 자동 생성 소개입니다.') ON DUPLICATE KEY UPDATE sold_out=VALUES(sold_out), free_shipping=VALUES(free_shipping), list_price=VALUES(list_price), sale_price=VALUES(sale_price), author_bio=VALUES(author_bio), book_description=VALUES(book_description);
INSERT INTO book (isbn, title, subtitle, author, image_url, published_date, publisher) VALUES ('9788929505264', '(The) Three Little Pigs:Through the art style of Paul Klee', 'thethreelittlepigsthroughtheartstyleofpaulklee', '[블루앤트리 편집부 지음]', NULL, '2023-07-29', NULL) ON DUPLICATE KEY UPDATE title=VALUES(title), subtitle=VALUES(subtitle), author=VALUES(author), image_url=VALUES(image_url), published_date=VALUES(published_date), publisher=VALUES(publisher);
INSERT INTO book_detail (isbn, sold_out, free_shipping, list_price, sale_price, author_bio, book_description) VALUES ('9788929505264', 0, 0, NULL, NULL, '[블루앤트리 편집부 지음]에 대한 간단 소개입니다.', '(The) Three Little Pigs:Through the art style of Paul Klee — thethreelittlepigsthroughtheartstyleofpaulklee에 대한 자동 생성 소개입니다.') ON DUPLICATE KEY UPDATE sold_out=VALUES(sold_out), free_shipping=VALUES(free_shipping), list_price=VALUES(list_price), sale_price=VALUES(sale_price), author_bio=VALUES(author_bio), book_description=VALUES(book_description);
INSERT INTO book (isbn, title, subtitle, author, image_url, published_date, publisher) VALUES ('9788929505240', '(The) Wolf and the Seven Little Goats:Through the art style of Camille Pissaro', 'thewolfandthesevenlittlegoatsthroughtheartstyleofcamillepissaro', '[블루앤트리 편집부 지음]', NULL, '2023-01-02', NULL) ON DUPLICATE KEY UPDATE title=VALUES(title), subtitle=VALUES(subtitle), author=VALUES(author), image_url=VALUES(image_url), published_date=VALUES(published_date), publisher=VALUES(publisher);
INSERT INTO book_detail (isbn, sold_out, free_shipping, list_price, sale_price, author_bio, book_description) VALUES ('9788929505240', 0, 0, NULL, NULL, '[블루앤트리 편집부 지음]에 대한 간단 소개입니다.', '(The) Wolf and the Seven Little Goats:Through the art style of Camille Pissaro — thewolfandthesevenlittlegoatsthroughtheartstyleofcamillepissaro에 대한 자동 생성 소개입니다.') ON DUPLICATE KEY UPDATE sold_out=VALUES(sold_out), free_shipping=VALUES(free_shipping), list_price=VALUES(list_price), sale_price=VALUES(sale_price), author_bio=VALUES(author_bio), book_description=VALUES(book_description);
INSERT INTO book (isbn, title, subtitle, author, image_url, published_date, publisher) VALUES ('9788929504472', '(The) Yellow Window is Better', 'theyellowwindowisbetter', '[블루앤트리 편집부 제작]', NULL, '2024-06-27', NULL) ON DUPLICATE KEY UPDATE title=VALUES(title), subtitle=VALUES(subtitle), author=VALUES(author), image_url=VALUES(image_url), published_date=VALUES(published_date), publisher=VALUES(publisher);
INSERT INTO book_detail (isbn, sold_out, free_shipping, list_price, sale_price, author_bio, book_description) VALUES ('9788929504472', 0, 0, NULL, NULL, '[블루앤트리 편집부 제작]에 대한 간단 소개입니다.', '(The) Yellow Window is Better — theyellowwindowisbetter에 대한 자동 생성 소개입니다.') ON DUPLICATE KEY UPDATE sold_out=VALUES(sold_out), free_shipping=VALUES(free_shipping), list_price=VALUES(list_price), sale_price=VALUES(sale_price), author_bio=VALUES(author_bio), book_description=VALUES(book_description);
INSERT INTO book (isbn, title, subtitle, author, image_url, published_date, publisher) VALUES ('9788929504533', '(The) Zero Star', 'thezerostar', '[블루앤트리 편집부 제작]', NULL, '2024-07-29', NULL) ON DUPLICATE KEY UPDATE title=VALUES(title), subtitle=VALUES(subtitle), author=VALUES(author), image_url=VALUES(image_url), published_date=VALUES(published_date), publisher=VALUES(publisher);
INSERT INTO book_detail (isbn, sold_out, free_shipping, list_price, sale_price, author_bio, book_description) VALUES ('9788929504533', 0, 0, NULL, NULL, '[블루앤트리 편집부 제작]에 대한 간단 소개입니다.', '(The) Zero Star — thezerostar에 대한 자동 생성 소개입니다.') ON DUPLICATE KEY UPDATE sold_out=VALUES(sold_out), free_shipping=VALUES(free_shipping), list_price=VALUES(list_price), sale_price=VALUES(sale_price), author_bio=VALUES(author_bio), book_description=VALUES(book_description);
INSERT INTO book (isbn, title, subtitle, author, image_url, published_date, publisher) VALUES ('9791190813419', '가구 딸린 방 - The Furnished Room', '가구딸린방thefurnishedroom', '오 헨리 (지은이)', 'https://image.aladin.co.kr/product/27030/49/cover/e522538804_1.jpg', '2021-04-27', '올리버북스') ON DUPLICATE KEY UPDATE title=VALUES(title), subtitle=VALUES(subtitle), author=VALUES(author), image_url=VALUES(image_url), published_date=VALUES(published_date), publisher=VALUES(publisher);
INSERT INTO book_detail (isbn, sold_out, free_shipping, list_price, sale_price, author_bio, book_description) VALUES ('9791190813419', 0, 0, 3000, 3000, '오 헨리 (지은이)에 대한 간단 소개입니다.', '한 청년이 대도시에서 실종된 여자친구를 찾으려고 부랑자들에게 방을 빌려주는 집 근처를 배회하다가 그중 한 곳에 묵는다. 그는 그곳에서 이상한 분위기를 느끼고, 종업원에게 그 방에 묵었던 사람들에 관해서 묻지만 별다른 대답을 듣지 못한다. 그러다가 그는 그 방에서 램프의 가스로 자살을 한다. 그곳은...') ON DUPLICATE KEY UPDATE sold_out=VALUES(sold_out), free_shipping=VALUES(free_shipping), list_price=VALUES(list_price), sale_price=VALUES(sale_price), author_bio=VALUES(author_bio), book_description=VALUES(book_description);
INSERT INTO book (isbn, title, subtitle, author, image_url, published_date, publisher) VALUES ('9791190813556', '겨울 이야기 - Tales from Shakespeare - Winter’s Tale', '겨울이야기talesfromshakespearewinterstale', '윌리엄 셰익스피어', 'https://image.aladin.co.kr/product/27167/14/cover/e072538603_1.jpg', '2021-05-15', '올리버북스') ON DUPLICATE KEY UPDATE title=VALUES(title), subtitle=VALUES(subtitle), author=VALUES(author), image_url=VALUES(image_url), published_date=VALUES(published_date), publisher=VALUES(publisher);
INSERT INTO book_detail (isbn, sold_out, free_shipping, list_price, sale_price, author_bio, book_description) VALUES ('9791190813556', 0, 0, 4000, 4000, '윌리엄 셰익스피어에 대한 간단 소개입니다.', '시칠리아의 왕 레온테스는 어릴 때 함께 공부했던 오랜 친구인 보헤미아의 왕 폴리세네스를 초대한다. 레온테스는 자기 아내 헤르미오네에게 폴리세네스를 잘 대접하라고 요청한다. 폴리세네스는 돌아갈 때가 되어 돌아가려는데레온테스는 그에게 며칠 더 있으라고 권유하지만, 폴리세네스는 돌아가려 한다....') ON DUPLICATE KEY UPDATE sold_out=VALUES(sold_out), free_shipping=VALUES(free_shipping), list_price=VALUES(list_price), sale_price=VALUES(sale_price), author_bio=VALUES(author_bio), book_description=VALUES(book_description);
INSERT INTO book (isbn, title, subtitle, author, image_url, published_date, publisher) VALUES ('9788929504946', 'Our Magic Clothes: The Skin', 'ourmagicclothestheskin', '[블루앤트리 편집부 지음]', NULL, '2023-06-16', NULL) ON DUPLICATE KEY UPDATE title=VALUES(title), subtitle=VALUES(subtitle), author=VALUES(author), image_url=VALUES(image_url), published_date=VALUES(published_date), publisher=VALUES(publisher);
INSERT INTO book_detail (isbn, sold_out, free_shipping, list_price, sale_price, author_bio, book_description) VALUES ('9788929504946', 0, 0, NULL, NULL, '[블루앤트리 편집부 지음]에 대한 간단 소개입니다.', 'Our Magic Clothes: The Skin — ourmagicclothestheskin에 대한 자동 생성 소개입니다.') ON DUPLICATE KEY UPDATE sold_out=VALUES(sold_out), free_shipping=VALUES(free_shipping), list_price=VALUES(list_price), sale_price=VALUES(sale_price), author_bio=VALUES(author_bio), book_description=VALUES(book_description);
INSERT INTO book (isbn, title, subtitle, author, image_url, published_date, publisher) VALUES ('9788929505349', '(The) Little Girl and the Big Bear', 'thelittlegirlandthebigbear', '[블루앤트리 편집부 제작]', NULL, '2023-02-25', NULL) ON DUPLICATE KEY UPDATE title=VALUES(title), subtitle=VALUES(subtitle), author=VALUES(author), image_url=VALUES(image_url), published_date=VALUES(published_date), publisher=VALUES(publisher);
INSERT INTO book_detail (isbn, sold_out, free_shipping, list_price, sale_price, author_bio, book_description) VALUES ('9788929505349', 0, 0, NULL, NULL, '[블루앤트리 편집부 제작]에 대한 간단 소개입니다.', '(The) Little Girl and the Big Bear — thelittlegirlandthebigbear에 대한 자동 생성 소개입니다.') ON DUPLICATE KEY UPDATE sold_out=VALUES(sold_out), free_shipping=VALUES(free_shipping), list_price=VALUES(list_price), sale_price=VALUES(sale_price), author_bio=VALUES(author_bio), book_description=VALUES(book_description);
INSERT INTO book (isbn, title, subtitle, author, image_url, published_date, publisher) VALUES ('9788929505370', '(The) Little Match Girl', 'thelittlematchgirl', '[블루앤트리 편집부 제작]', NULL, '2022-02-15', NULL) ON DUPLICATE KEY UPDATE title=VALUES(title), subtitle=VALUES(subtitle), author=VALUES(author), image_url=VALUES(image_url), published_date=VALUES(published_date), publisher=VALUES(publisher);
INSERT INTO book_detail (isbn, sold_out, free_shipping, list_price, sale_price, author_bio, book_description) VALUES ('9788929505370', 0, 0, NULL, NULL, '[블루앤트리 편집부 제작]에 대한 간단 소개입니다.', '(The) Little Match Girl — thelittlematchgirl에 대한 자동 생성 소개입니다.') ON DUPLICATE KEY UPDATE sold_out=VALUES(sold_out), free_shipping=VALUES(free_shipping), list_price=VALUES(list_price), sale_price=VALUES(sale_price), author_bio=VALUES(author_bio), book_description=VALUES(book_description);
INSERT INTO book (isbn, title, subtitle, author, image_url, published_date, publisher) VALUES ('9788929504861', '(The) Little Prince', 'thelittleprince', '[블루앤트리 편집부 제작]', NULL, '2023-03-05', NULL) ON DUPLICATE KEY UPDATE title=VALUES(title), subtitle=VALUES(subtitle), author=VALUES(author), image_url=VALUES(image_url), published_date=VALUES(published_date), publisher=VALUES(publisher);
INSERT INTO book_detail (isbn, sold_out, free_shipping, list_price, sale_price, author_bio, book_description) VALUES ('9788929504861', 0, 0, NULL, NULL, '[블루앤트리 편집부 제작]에 대한 간단 소개입니다.', '(The) Little Prince — thelittleprince에 대한 자동 생성 소개입니다.') ON DUPLICATE KEY UPDATE sold_out=VALUES(sold_out), free_shipping=VALUES(free_shipping), list_price=VALUES(list_price), sale_price=VALUES(sale_price), author_bio=VALUES(author_bio), book_description=VALUES(book_description);
INSERT INTO book (isbn, title, subtitle, author, image_url, published_date, publisher) VALUES ('9788929505189', '(The) Magical Pear Tree', 'themagicalpeartree', '[블루앤트리 편집부 제작]', NULL, '2022-08-30', NULL) ON DUPLICATE KEY UPDATE title=VALUES(title), subtitle=VALUES(subtitle), author=VALUES(author), image_url=VALUES(image_url), published_date=VALUES(published_date), publisher=VALUES(publisher);
INSERT INTO book_detail (isbn, sold_out, free_shipping, list_price, sale_price, author_bio, book_description) VALUES ('9788929505189', 0, 0, NULL, NULL, '[블루앤트리 편집부 제작]에 대한 간단 소개입니다.', '(The) Magical Pear Tree — themagicalpeartree에 대한 자동 생성 소개입니다.') ON DUPLICATE KEY UPDATE sold_out=VALUES(sold_out), free_shipping=VALUES(free_shipping), list_price=VALUES(list_price), sale_price=VALUES(sale_price), author_bio=VALUES(author_bio), book_description=VALUES(book_description);
INSERT INTO book (isbn, title, subtitle, author, image_url, published_date, publisher) VALUES ('9788929505127', '(The) Musicians of Bremen', 'themusiciansofbremen', '[블루앤트리 편집부 제작]', NULL, '2024-07-09', NULL) ON DUPLICATE KEY UPDATE title=VALUES(title), subtitle=VALUES(subtitle), author=VALUES(author), image_url=VALUES(image_url), published_date=VALUES(published_date), publisher=VALUES(publisher);
INSERT INTO book_detail (isbn, sold_out, free_shipping, list_price, sale_price, author_bio, book_description) VALUES ('9788929505127', 0, 0, NULL, NULL, '[블루앤트리 편집부 제작]에 대한 간단 소개입니다.', '(The) Musicians of Bremen — themusiciansofbremen에 대한 자동 생성 소개입니다.') ON DUPLICATE KEY UPDATE sold_out=VALUES(sold_out), free_shipping=VALUES(free_shipping), list_price=VALUES(list_price), sale_price=VALUES(sale_price), author_bio=VALUES(author_bio), book_description=VALUES(book_description);
INSERT INTO book (isbn, title, subtitle, author, image_url, published_date, publisher) VALUES ('9788929504823', '(The) North Wind''s Gifts', 'thenorthwindsgifts', '[블루앤트리 편집부 제작]', NULL, '2024-07-30', NULL) ON DUPLICATE KEY UPDATE title=VALUES(title), subtitle=VALUES(subtitle), author=VALUES(author), image_url=VALUES(image_url), published_date=VALUES(published_date), publisher=VALUES(publisher);
INSERT INTO book_detail (isbn, sold_out, free_shipping, list_price, sale_price, author_bio, book_description) VALUES ('9788929504823', 0, 0, NULL, NULL, '[블루앤트리 편집부 제작]에 대한 간단 소개입니다.', '(The) North Wind''s Gifts — thenorthwindsgifts에 대한 자동 생성 소개입니다.') ON DUPLICATE KEY UPDATE sold_out=VALUES(sold_out), free_shipping=VALUES(free_shipping), list_price=VALUES(list_price), sale_price=VALUES(sale_price), author_bio=VALUES(author_bio), book_description=VALUES(book_description);
INSERT INTO book (isbn, title, subtitle, author, image_url, published_date, publisher) VALUES ('9788929504892', '(The) Secret of Colors', 'thesecretofcolors', '[블루앤트리 편집부 제작]', NULL, '2025-03-28', NULL) ON DUPLICATE KEY UPDATE title=VALUES(title), subtitle=VALUES(subtitle), author=VALUES(author), image_url=VALUES(image_url), published_date=VALUES(published_date), publisher=VALUES(publisher);
INSERT INTO book_detail (isbn, sold_out, free_shipping, list_price, sale_price, author_bio, book_description) VALUES ('9788929504892', 0, 0, NULL, NULL, '[블루앤트리 편집부 제작]에 대한 간단 소개입니다.', '(The) Secret of Colors — thesecretofcolors에 대한 자동 생성 소개입니다.') ON DUPLICATE KEY UPDATE sold_out=VALUES(sold_out), free_shipping=VALUES(free_shipping), list_price=VALUES(list_price), sale_price=VALUES(sale_price), author_bio=VALUES(author_bio), book_description=VALUES(book_description);
INSERT INTO book (isbn, title, subtitle, author, image_url, published_date, publisher) VALUES ('9788929505059', '(The) Secret of the Farting Princess', 'thesecretofthefartingprincess', '[블루앤트리 편집부 제작]', NULL, '2022-10-18', NULL) ON DUPLICATE KEY UPDATE title=VALUES(title), subtitle=VALUES(subtitle), author=VALUES(author), image_url=VALUES(image_url), published_date=VALUES(published_date), publisher=VALUES(publisher);
INSERT INTO book_detail (isbn, sold_out, free_shipping, list_price, sale_price, author_bio, book_description) VALUES ('9788929505059', 0, 0, NULL, NULL, '[블루앤트리 편집부 제작]에 대한 간단 소개입니다.', '(The) Secret of the Farting Princess — thesecretofthefartingprincess에 대한 자동 생성 소개입니다.') ON DUPLICATE KEY UPDATE sold_out=VALUES(sold_out), free_shipping=VALUES(free_shipping), list_price=VALUES(list_price), sale_price=VALUES(sale_price), author_bio=VALUES(author_bio), book_description=VALUES(book_description);
INSERT INTO book (isbn, title, subtitle, author, image_url, published_date, publisher) VALUES ('9788929505547', '(The) Seven Dwarves and the Giant''s House', 'thesevendwarvesandthegiantshouse', '[블루앤트리 편집부 제작]', NULL, '2025-07-20', NULL) ON DUPLICATE KEY UPDATE title=VALUES(title), subtitle=VALUES(subtitle), author=VALUES(author), image_url=VALUES(image_url), published_date=VALUES(published_date), publisher=VALUES(publisher);
INSERT INTO book_detail (isbn, sold_out, free_shipping, list_price, sale_price, author_bio, book_description) VALUES ('9788929505547', 0, 0, NULL, NULL, '[블루앤트리 편집부 제작]에 대한 간단 소개입니다.', '(The) Seven Dwarves and the Giant''s House — thesevendwarvesandthegiantshouse에 대한 자동 생성 소개입니다.') ON DUPLICATE KEY UPDATE sold_out=VALUES(sold_out), free_shipping=VALUES(free_shipping), list_price=VALUES(list_price), sale_price=VALUES(sale_price), author_bio=VALUES(author_bio), book_description=VALUES(book_description);
INSERT INTO book (isbn, title, subtitle, author, image_url, published_date, publisher) VALUES ('9788929504915', 'To Catch the Red Fox', 'tocatchtheredfox', '[블루앤트리 편집부 제작]', NULL, '2023-09-30', NULL) ON DUPLICATE KEY UPDATE title=VALUES(title), subtitle=VALUES(subtitle), author=VALUES(author), image_url=VALUES(image_url), published_date=VALUES(published_date), publisher=VALUES(publisher);
INSERT INTO book_detail (isbn, sold_out, free_shipping, list_price, sale_price, author_bio, book_description) VALUES ('9788929504915', 0, 0, NULL, NULL, '[블루앤트리 편집부 제작]에 대한 간단 소개입니다.', 'To Catch the Red Fox — tocatchtheredfox에 대한 자동 생성 소개입니다.') ON DUPLICATE KEY UPDATE sold_out=VALUES(sold_out), free_shipping=VALUES(free_shipping), list_price=VALUES(list_price), sale_price=VALUES(sale_price), author_bio=VALUES(author_bio), book_description=VALUES(book_description);
INSERT INTO book (isbn, title, subtitle, author, image_url, published_date, publisher) VALUES ('9788929504816', 'Tom Tit Tot', 'tomtittot', '[블루앤트리 편집부 제작]', NULL, '2023-02-05', NULL) ON DUPLICATE KEY UPDATE title=VALUES(title), subtitle=VALUES(subtitle), author=VALUES(author), image_url=VALUES(image_url), published_date=VALUES(published_date), publisher=VALUES(publisher);
INSERT INTO book_detail (isbn, sold_out, free_shipping, list_price, sale_price, author_bio, book_description) VALUES ('9788929504816', 0, 0, NULL, NULL, '[블루앤트리 편집부 제작]에 대한 간단 소개입니다.', 'Tom Tit Tot — tomtittot에 대한 자동 생성 소개입니다.') ON DUPLICATE KEY UPDATE sold_out=VALUES(sold_out), free_shipping=VALUES(free_shipping), list_price=VALUES(list_price), sale_price=VALUES(sale_price), author_bio=VALUES(author_bio), book_description=VALUES(book_description);
INSERT INTO book (isbn, title, subtitle, author, image_url, published_date, publisher) VALUES ('9788997907212', '영어문고 두 도시 이야기', '영어문고두도시이야기', '찰스 디킨스', 'https://bookthumb-phinf.pstatic.net/cover/137/196/13719687.jpg?type=m1&udate=20180615', '2012-10-08', '블루프린트') ON DUPLICATE KEY UPDATE title=VALUES(title), subtitle=VALUES(subtitle), author=VALUES(author), image_url=VALUES(image_url), published_date=VALUES(published_date), publisher=VALUES(publisher);
INSERT INTO book_detail (isbn, sold_out, free_shipping, list_price, sale_price, author_bio, book_description) VALUES ('9788997907212', 0, 0, 1000, 1000, '찰스 디킨스에 대한 간단 소개입니다.', '《두 도시 이야기》(A Tale of Two Cities, 1859년)는 찰스 디킨스의 역사소설이다. T.칼라일의《프랑스 혁명》(1837)을 읽고 자극받은 작자가 프랑스 혁명을 배경으로 런던과 파리를 무대로 하여 쓴 역사소설이다.두 도시란 파리와 런던을 가리킨 것으로 이야기는 이 두 도시를 무대로 전개된다. 시대는 18세기...') ON DUPLICATE KEY UPDATE sold_out=VALUES(sold_out), free_shipping=VALUES(free_shipping), list_price=VALUES(list_price), sale_price=VALUES(sale_price), author_bio=VALUES(author_bio), book_description=VALUES(book_description);
INSERT INTO book (isbn, title, subtitle, author, image_url, published_date, publisher) VALUES ('9788997907236', '영어문고 올리버 트위스트', '영어문고올리버트위스트', '찰스 디킨스', 'https://bookthumb-phinf.pstatic.net/cover/137/196/13719685.jpg?type=m1&udate=20180615', '2012-10-08', '블루프린트') ON DUPLICATE KEY UPDATE title=VALUES(title), subtitle=VALUES(subtitle), author=VALUES(author), image_url=VALUES(image_url), published_date=VALUES(published_date), publisher=VALUES(publisher);
INSERT INTO book_detail (isbn, sold_out, free_shipping, list_price, sale_price, author_bio, book_description) VALUES ('9788997907236', 0, 0, 1000, 1000, '찰스 디킨스에 대한 간단 소개입니다.', '《올리버 트위스트》(Oliver Twist)는 1838년에 출판된 찰스 디킨스의 소설이다. 고아 소년이 런던 슬럼가의 소매치기 일당 손아귀에서 고생하는 이야기를 그렸다. 이 소설로 그는 25세에 일약 주목받는 작가로 떠올랐다. 이 책이 출간되고 몇 년 사이에 그는 당대 가장 인기 있고 가장 널리 읽히는 작가가...') ON DUPLICATE KEY UPDATE sold_out=VALUES(sold_out), free_shipping=VALUES(free_shipping), list_price=VALUES(list_price), sale_price=VALUES(sale_price), author_bio=VALUES(author_bio), book_description=VALUES(book_description);
INSERT INTO book (isbn, title, subtitle, author, image_url, published_date, publisher) VALUES ('9788997907229', '영어문고 위대한 유산', '영어문고위대한유산', '찰스 디킨스', 'https://bookthumb-phinf.pstatic.net/cover/137/196/13719686.jpg?type=m1&udate=20180615', '2012-10-08', '블루프린트') ON DUPLICATE KEY UPDATE title=VALUES(title), subtitle=VALUES(subtitle), author=VALUES(author), image_url=VALUES(image_url), published_date=VALUES(published_date), publisher=VALUES(publisher);
INSERT INTO book_detail (isbn, sold_out, free_shipping, list_price, sale_price, author_bio, book_description) VALUES ('9788997907229', 0, 0, 1000, 1000, '찰스 디킨스에 대한 간단 소개입니다.', '≪위대한 유산≫(1861)은 디킨스가 완성한 15권의 장편소설 중 14번째 소설이다. 디킨스가 ≪All the Year Round≫ 라는 주간 잡지에 편집장으로 있을 당시, 1860년 12월에서 1861년 8월 동안에 걸쳐 이 소설을 연재했다. 이 소설이 대중들에게 큰 인기를 얻으면서 잡지의 판매부수가 올라가기까지 했다.디킨스는...') ON DUPLICATE KEY UPDATE sold_out=VALUES(sold_out), free_shipping=VALUES(free_shipping), list_price=VALUES(list_price), sale_price=VALUES(sale_price), author_bio=VALUES(author_bio), book_description=VALUES(book_description);
INSERT INTO book (isbn, title, subtitle, author, image_url, published_date, publisher) VALUES ('9788997907205', '영어문고 크리스마스 캐럴', '영어문고크리스마스캐럴', '찰스 디킨스', 'https://bookthumb-phinf.pstatic.net/cover/137/196/13719688.jpg?type=m1&udate=20180615', '2012-10-08', '블루프린트') ON DUPLICATE KEY UPDATE title=VALUES(title), subtitle=VALUES(subtitle), author=VALUES(author), image_url=VALUES(image_url), published_date=VALUES(published_date), publisher=VALUES(publisher);
INSERT INTO book_detail (isbn, sold_out, free_shipping, list_price, sale_price, author_bio, book_description) VALUES ('9788997907205', 0, 0, 1000, 1000, '찰스 디킨스에 대한 간단 소개입니다.', '《크리스마스 캐럴》(A Christmas Carol)은 영국의 소설가 찰스 디킨스가 쓴 중편 소설이다. 1843년에 발표되었다. 그 후 해마다 발표된 5편의 《크리스마스 이야기》의 제1작이며 그의 대표작 중의 하나이다.구두쇠인 주인공 스크루지(에베니저 스크루지, Ebenezer Scrooge)는 자린고비로 인정이라곤...') ON DUPLICATE KEY UPDATE sold_out=VALUES(sold_out), free_shipping=VALUES(free_shipping), list_price=VALUES(list_price), sale_price=VALUES(sale_price), author_bio=VALUES(author_bio), book_description=VALUES(book_description);
INSERT INTO book (isbn, title, subtitle, author, image_url, published_date, publisher) VALUES ('9788997907342', '영어문고 톰 아저씨의 오두막', '영어문고톰아저씨의오두막', '해리엇 비처 스토', 'https://bookthumb-phinf.pstatic.net/cover/137/196/13719674.jpg?type=m1&udate=20180615', '2012-10-08', '블루프린트') ON DUPLICATE KEY UPDATE title=VALUES(title), subtitle=VALUES(subtitle), author=VALUES(author), image_url=VALUES(image_url), published_date=VALUES(published_date), publisher=VALUES(publisher);
INSERT INTO book_detail (isbn, sold_out, free_shipping, list_price, sale_price, author_bio, book_description) VALUES ('9788997907342', 0, 0, 1000, 1000, '해리엇 비처 스토에 대한 간단 소개입니다.', '톰 아저씨의 오두막(Uncle Tom''s Cabin)은 미국의 사실주의 작가이자 노예제 반대자인 해리엇 비처 스토(1811년-1896년)가 1852년에 발표한 대표작이다. 이 소설의 성공 덕분에 스토우는 자신의 정치적인 목적을 달성할 수 있었다. 스토우는 노예제도에 대한 반감과 노예제도에 반대하는 행동주의를 불러일으킴으로써...') ON DUPLICATE KEY UPDATE sold_out=VALUES(sold_out), free_shipping=VALUES(free_shipping), list_price=VALUES(list_price), sale_price=VALUES(sale_price), author_bio=VALUES(author_bio), book_description=VALUES(book_description);
INSERT INTO book (isbn, title, subtitle, author, image_url, published_date, publisher) VALUES ('9791135393056', '행복한 왕자', '행복한왕자', '오스카 와일드 지음', NULL, '2025-03-27', NULL) ON DUPLICATE KEY UPDATE title=VALUES(title), subtitle=VALUES(subtitle), author=VALUES(author), image_url=VALUES(image_url), published_date=VALUES(published_date), publisher=VALUES(publisher);
INSERT INTO book_detail (isbn, sold_out, free_shipping, list_price, sale_price, author_bio, book_description) VALUES ('9791135393056', 0, 0, NULL, NULL, '오스카 와일드 지음에 대한 간단 소개입니다.', '행복한 왕자 — 행복한왕자에 대한 자동 생성 소개입니다.') ON DUPLICATE KEY UPDATE sold_out=VALUES(sold_out), free_shipping=VALUES(free_shipping), list_price=VALUES(list_price), sale_price=VALUES(sale_price), author_bio=VALUES(author_bio), book_description=VALUES(book_description);
INSERT INTO book (isbn, title, subtitle, author, image_url, published_date, publisher) VALUES ('9791195658176', 'Little Claus & Great Claus(꺼꾸리와 장다리)', 'littleclausgreatclaus꺼꾸리와장다리', '한스 크리스티안 안데르센 (지은이)', 'https://image.aladin.co.kr/product/9955/95/cover/e452430405_1.jpg', '2016-12-22', '슈북스') ON DUPLICATE KEY UPDATE title=VALUES(title), subtitle=VALUES(subtitle), author=VALUES(author), image_url=VALUES(image_url), published_date=VALUES(published_date), publisher=VALUES(publisher);
INSERT INTO book_detail (isbn, sold_out, free_shipping, list_price, sale_price, author_bio, book_description) VALUES ('9791195658176', 0, 0, 3000, 3000, '한스 크리스티안 안데르센 (지은이)에 대한 간단 소개입니다.', '안데르센 동화로 배우는 영어 시리즈 2권으로 ''무서운 이야기''로 분류된 큰 클라우스와 작은 클라우스(꺼꾸리와 장다리)는 한 마을에 이름이 같은 두 클라우스가 벌이는 이야기입니다.재미있는 삽화를 보며 영어와 한글로 재미있게 읽어보세요. 줄거리와 단어장이 수록되어 있습니다.') ON DUPLICATE KEY UPDATE sold_out=VALUES(sold_out), free_shipping=VALUES(free_shipping), list_price=VALUES(list_price), sale_price=VALUES(sale_price), author_bio=VALUES(author_bio), book_description=VALUES(book_description);
INSERT INTO book (isbn, title, subtitle, author, image_url, published_date, publisher) VALUES ('9791195658190', 'Little Ida''s Flowers(어린 이다의 꽃)', 'littleidasflowers어린이다의꽃', '한스 크리스티안 안데르센 (지은이)', 'https://image.aladin.co.kr/product/9955/95/cover/e332430405_1.jpg', '2016-12-22', '슈북스') ON DUPLICATE KEY UPDATE title=VALUES(title), subtitle=VALUES(subtitle), author=VALUES(author), image_url=VALUES(image_url), published_date=VALUES(published_date), publisher=VALUES(publisher);
INSERT INTO book_detail (isbn, sold_out, free_shipping, list_price, sale_price, author_bio, book_description) VALUES ('9791195658190', 0, 0, 2000, 2000, '한스 크리스티안 안데르센 (지은이)에 대한 간단 소개입니다.', '안데르센 동화로 배우는 영어 시리즈 4권으로 ''사랑스런 이야기''에 분류된 어린 이다의 꽃은 소녀 이다의 순수한 마음과 꿈 속에서 벌어지는 환타지 세계로 여러분을 안내합니다.재미있는 삽화를 보며 영어와 한글로 재미있게 읽어보세요. 줄거리와 단어장이 수록되어 있습니다.') ON DUPLICATE KEY UPDATE sold_out=VALUES(sold_out), free_shipping=VALUES(free_shipping), list_price=VALUES(list_price), sale_price=VALUES(sale_price), author_bio=VALUES(author_bio), book_description=VALUES(book_description);
INSERT INTO book (isbn, title, subtitle, author, image_url, published_date, publisher) VALUES ('9791187959014', 'The Naughty Boy(못된 아이, 사랑)', 'thenaughtyboy못된아이,사랑', '한스 크리스티안 안데르센 (지은이)', 'https://image.aladin.co.kr/product/10002/78/cover/e282430606_1.jpg', '2016-12-27', '슈북스') ON DUPLICATE KEY UPDATE title=VALUES(title), subtitle=VALUES(subtitle), author=VALUES(author), image_url=VALUES(image_url), published_date=VALUES(published_date), publisher=VALUES(publisher);
INSERT INTO book_detail (isbn, sold_out, free_shipping, list_price, sale_price, author_bio, book_description) VALUES ('9791187959014', 0, 0, 2000, 2000, '한스 크리스티안 안데르센 (지은이)에 대한 간단 소개입니다.', '마음 착한 시인 할아버지는 폭풍우치던 어느날 문을 두드리는 작은 소낸에게 문을 열어줍니다. 추위에 떨던 소년을 따뜻이 맞이했지만, 활과 화살을 가진 어린 소년은 장난을 치는데... 미워할 수 없는 이 소년은 과연 누구고 어떤 일을 하는 아이일까요?') ON DUPLICATE KEY UPDATE sold_out=VALUES(sold_out), free_shipping=VALUES(free_shipping), list_price=VALUES(list_price), sale_price=VALUES(sale_price), author_bio=VALUES(author_bio), book_description=VALUES(book_description);
INSERT INTO book (isbn, title, subtitle, author, image_url, published_date, publisher) VALUES ('9791195658183', 'The Princess and the pea(공주와 완두콩)', 'theprincessandthepea공주와완두콩', '한스 크리스티안 안데르센 (지은이)', 'https://image.aladin.co.kr/product/9955/95/cover/e342430405_1.jpg', '2016-12-22', '슈북스') ON DUPLICATE KEY UPDATE title=VALUES(title), subtitle=VALUES(subtitle), author=VALUES(author), image_url=VALUES(image_url), published_date=VALUES(published_date), publisher=VALUES(publisher);
INSERT INTO book_detail (isbn, sold_out, free_shipping, list_price, sale_price, author_bio, book_description) VALUES ('9791195658183', 0, 0, 2000, 2000, '한스 크리스티안 안데르센 (지은이)에 대한 간단 소개입니다.', '안데르센 동화로 배우는 영어 시리즈 3권으로 ''예쁜 이야기''로 분류된 공주와 완두콩은 진짜 공주를 아내로 맞이하고 싶은 왕자와 괴짜 공주의 이야기입니다.재미있는 삽화를 보며 영어와 한글로 재미있게 읽어보세요. 줄거리와 단어장이 수록되어 있습니다.') ON DUPLICATE KEY UPDATE sold_out=VALUES(sold_out), free_shipping=VALUES(free_shipping), list_price=VALUES(list_price), sale_price=VALUES(sale_price), author_bio=VALUES(author_bio), book_description=VALUES(book_description);
INSERT INTO book (isbn, title, subtitle, author, image_url, published_date, publisher) VALUES ('9791195658169', 'The Tinder Box(부싯깃통)', 'thetinderbox부싯깃통', '한스 크리스티안 안데르센 (지은이)', 'https://image.aladin.co.kr/product/9955/95/cover/e462430405_1.jpg', '2016-12-22', '슈북스') ON DUPLICATE KEY UPDATE title=VALUES(title), subtitle=VALUES(subtitle), author=VALUES(author), image_url=VALUES(image_url), published_date=VALUES(published_date), publisher=VALUES(publisher);
INSERT INTO book_detail (isbn, sold_out, free_shipping, list_price, sale_price, author_bio, book_description) VALUES ('9791195658169', 0, 0, 3000, 3000, '한스 크리스티안 안데르센 (지은이)에 대한 간단 소개입니다.', 'The Tinder Box(부싯깃통) - 마법의 이야기 (안데르센 동화로 배우는 영어 1권)마법의 이야기 : 한 병사가 전쟁을 마치고 고향으로 가던중 마녀를 만나면서 시작되는 이야기 병사의 지혜와 행운으로 아름다운 공주와 결혼을 하게 될지...') ON DUPLICATE KEY UPDATE sold_out=VALUES(sold_out), free_shipping=VALUES(free_shipping), list_price=VALUES(list_price), sale_price=VALUES(sale_price), author_bio=VALUES(author_bio), book_description=VALUES(book_description);
INSERT INTO book (isbn, title, subtitle, author, image_url, published_date, publisher) VALUES ('9791190916035', '지성의 돈되는 부동산 1인 법인-e3 - 세금 대출 명의 문제 한 방에 해결하는 최고의 투자 전략!', '지성의돈되는부동산1인법인e3세금대출명의문제한방에해결하는최고의투자전략', '지성 (지은이)', 'https://image.aladin.co.kr/product/25216/52/cover/e492537532_1.jpg', '2020-09-20', '잇콘') ON DUPLICATE KEY UPDATE title=VALUES(title), subtitle=VALUES(subtitle), author=VALUES(author), image_url=VALUES(image_url), published_date=VALUES(published_date), publisher=VALUES(publisher);
INSERT INTO book_detail (isbn, sold_out, free_shipping, list_price, sale_price, author_bio, book_description) VALUES ('9791190916035', 0, 0, 3500, 3500, '지성 (지은이)에 대한 간단 소개입니다.', '&quot;전례 없는 강력한 부동산 정책이 계속되고 있다. 어떤 이들은 부동산으로 돈을 벌 수 있는 시대는 끝났다고도 한다. 연이어 터지는 규제와 늘어나는 규제지역으로 시장 상황이 점점 불확실해지는 지금, 부동산 투자는 정말로 희망이 없는 걸까?현재의 위기를 극복하기 위해 가장 필요한 것은 명의를...') ON DUPLICATE KEY UPDATE sold_out=VALUES(sold_out), free_shipping=VALUES(free_shipping), list_price=VALUES(list_price), sale_price=VALUES(sale_price), author_bio=VALUES(author_bio), book_description=VALUES(book_description);
INSERT INTO book (isbn, title, subtitle, author, image_url, published_date, publisher) VALUES ('9791190916028', '지성의 돈되는 부동산 1인 법인-e2 - 세금 대출 명의 문제 한 방에 해결하는 최고의 투자 전략!', '지성의돈되는부동산1인법인e2세금대출명의문제한방에해결하는최고의투자전략', '지성 (지은이)', 'https://image.aladin.co.kr/product/25216/52/cover/e482537532_1.jpg', '2020-09-20', '잇콘') ON DUPLICATE KEY UPDATE title=VALUES(title), subtitle=VALUES(subtitle), author=VALUES(author), image_url=VALUES(image_url), published_date=VALUES(published_date), publisher=VALUES(publisher);
INSERT INTO book_detail (isbn, sold_out, free_shipping, list_price, sale_price, author_bio, book_description) VALUES ('9791190916028', 0, 0, 3500, 3500, '지성 (지은이)에 대한 간단 소개입니다.', '&quot;전례 없는 강력한 부동산 정책이 계속되고 있다. 어떤 이들은 부동산으로 돈을 벌 수 있는 시대는 끝났다고도 한다. 연이어 터지는 규제와 늘어나는 규제지역으로 시장 상황이 점점 불확실해지는 지금, 부동산 투자는 정말로 희망이 없는 걸까?현재의 위기를 극복하기 위해 가장 필요한 것은 명의를...') ON DUPLICATE KEY UPDATE sold_out=VALUES(sold_out), free_shipping=VALUES(free_shipping), list_price=VALUES(list_price), sale_price=VALUES(sale_price), author_bio=VALUES(author_bio), book_description=VALUES(book_description);
INSERT INTO book (isbn, title, subtitle, author, image_url, published_date, publisher) VALUES ('9791190916011', '지성의 돈되는 부동산 1인 법인-e1 - 세금 대출 명의 문제 한 방에 해결하는 최고의 투자 전략!', '지성의돈되는부동산1인법인e1세금대출명의문제한방에해결하는최고의투자전략', '지성 (지은이)', 'https://image.aladin.co.kr/product/25216/51/cover/e452537532_1.jpg', '2020-09-20', '잇콘') ON DUPLICATE KEY UPDATE title=VALUES(title), subtitle=VALUES(subtitle), author=VALUES(author), image_url=VALUES(image_url), published_date=VALUES(published_date), publisher=VALUES(publisher);
INSERT INTO book_detail (isbn, sold_out, free_shipping, list_price, sale_price, author_bio, book_description) VALUES ('9791190916011', 0, 0, 3500, 3500, '지성 (지은이)에 대한 간단 소개입니다.', '&quot;전례 없는 강력한 부동산 정책이 계속되고 있다. 어떤 이들은 부동산으로 돈을 벌 수 있는 시대는 끝났다고도 한다. 연이어 터지는 규제와 늘어나는 규제지역으로 시장 상황이 점점 불확실해지는 지금, 부동산 투자는 정말로 희망이 없는 걸까?현재의 위기를 극복하기 위해 가장 필요한 것은 명의를...') ON DUPLICATE KEY UPDATE sold_out=VALUES(sold_out), free_shipping=VALUES(free_shipping), list_price=VALUES(list_price), sale_price=VALUES(sale_price), author_bio=VALUES(author_bio), book_description=VALUES(book_description);
INSERT INTO book (isbn, title, subtitle, author, image_url, published_date, publisher) VALUES ('9788929505493', 'Turtle land and racoon land', 'turtlelandandracoonland', '[블루앤트리 편집부 제작]', NULL, '2022-08-21', NULL) ON DUPLICATE KEY UPDATE title=VALUES(title), subtitle=VALUES(subtitle), author=VALUES(author), image_url=VALUES(image_url), published_date=VALUES(published_date), publisher=VALUES(publisher);
INSERT INTO book_detail (isbn, sold_out, free_shipping, list_price, sale_price, author_bio, book_description) VALUES ('9788929505493', 0, 0, NULL, NULL, '[블루앤트리 편집부 제작]에 대한 간단 소개입니다.', 'Turtle land and racoon land — turtlelandandracoonland에 대한 자동 생성 소개입니다.') ON DUPLICATE KEY UPDATE sold_out=VALUES(sold_out), free_shipping=VALUES(free_shipping), list_price=VALUES(list_price), sale_price=VALUES(sale_price), author_bio=VALUES(author_bio), book_description=VALUES(book_description);
INSERT INTO book (isbn, title, subtitle, author, image_url, published_date, publisher) VALUES ('9788929503765', 'Uh, oh! Who peed?', 'uh,ohwhopeed', '[블루앤트리 편집부 제작]', NULL, '2022-04-08', NULL) ON DUPLICATE KEY UPDATE title=VALUES(title), subtitle=VALUES(subtitle), author=VALUES(author), image_url=VALUES(image_url), published_date=VALUES(published_date), publisher=VALUES(publisher);
INSERT INTO book_detail (isbn, sold_out, free_shipping, list_price, sale_price, author_bio, book_description) VALUES ('9788929503765', 0, 0, NULL, NULL, '[블루앤트리 편집부 제작]에 대한 간단 소개입니다.', 'Uh, oh! Who peed? — uh,ohwhopeed에 대한 자동 생성 소개입니다.') ON DUPLICATE KEY UPDATE sold_out=VALUES(sold_out), free_shipping=VALUES(free_shipping), list_price=VALUES(list_price), sale_price=VALUES(sale_price), author_bio=VALUES(author_bio), book_description=VALUES(book_description);
INSERT INTO book (isbn, title, subtitle, author, image_url, published_date, publisher) VALUES ('9788929504106', 'Upper! Lower! Brush! Brush! Brush!', 'upperlowerbrushbrushbrush', '[블루앤트리 편집부 제작]', NULL, '2022-09-30', NULL) ON DUPLICATE KEY UPDATE title=VALUES(title), subtitle=VALUES(subtitle), author=VALUES(author), image_url=VALUES(image_url), published_date=VALUES(published_date), publisher=VALUES(publisher);
INSERT INTO book_detail (isbn, sold_out, free_shipping, list_price, sale_price, author_bio, book_description) VALUES ('9788929504106', 0, 0, NULL, NULL, '[블루앤트리 편집부 제작]에 대한 간단 소개입니다.', 'Upper! Lower! Brush! Brush! Brush! — upperlowerbrushbrushbrush에 대한 자동 생성 소개입니다.') ON DUPLICATE KEY UPDATE sold_out=VALUES(sold_out), free_shipping=VALUES(free_shipping), list_price=VALUES(list_price), sale_price=VALUES(sale_price), author_bio=VALUES(author_bio), book_description=VALUES(book_description);
INSERT INTO book (isbn, title, subtitle, author, image_url, published_date, publisher) VALUES ('9788929504540', 'Utata Treasure Hunt', 'utatatreasurehunt', '[블루앤트리 편집부 제작]', NULL, '2024-11-09', NULL) ON DUPLICATE KEY UPDATE title=VALUES(title), subtitle=VALUES(subtitle), author=VALUES(author), image_url=VALUES(image_url), published_date=VALUES(published_date), publisher=VALUES(publisher);
INSERT INTO book_detail (isbn, sold_out, free_shipping, list_price, sale_price, author_bio, book_description) VALUES ('9788929504540', 0, 0, NULL, NULL, '[블루앤트리 편집부 제작]에 대한 간단 소개입니다.', 'Utata Treasure Hunt — utatatreasurehunt에 대한 자동 생성 소개입니다.') ON DUPLICATE KEY UPDATE sold_out=VALUES(sold_out), free_shipping=VALUES(free_shipping), list_price=VALUES(list_price), sale_price=VALUES(sale_price), author_bio=VALUES(author_bio), book_description=VALUES(book_description);
INSERT INTO book (isbn, title, subtitle, author, image_url, published_date, publisher) VALUES ('9788929505561', 'Walawala and the Three Kingdoms', 'walawalaandthethreekingdoms', '[블루앤트리 편집부 제작]', NULL, '2022-04-10', NULL) ON DUPLICATE KEY UPDATE title=VALUES(title), subtitle=VALUES(subtitle), author=VALUES(author), image_url=VALUES(image_url), published_date=VALUES(published_date), publisher=VALUES(publisher);
INSERT INTO book_detail (isbn, sold_out, free_shipping, list_price, sale_price, author_bio, book_description) VALUES ('9788929505561', 0, 0, NULL, NULL, '[블루앤트리 편집부 제작]에 대한 간단 소개입니다.', 'Walawala and the Three Kingdoms — walawalaandthethreekingdoms에 대한 자동 생성 소개입니다.') ON DUPLICATE KEY UPDATE sold_out=VALUES(sold_out), free_shipping=VALUES(free_shipping), list_price=VALUES(list_price), sale_price=VALUES(sale_price), author_bio=VALUES(author_bio), book_description=VALUES(book_description);
INSERT INTO book (isbn, title, subtitle, author, image_url, published_date, publisher) VALUES ('9788929505073', 'We Are Proud of You, Tumblebug!', 'weareproudofyou,tumblebug', '[블루앤트리 편집부 제작]', NULL, '2022-10-18', NULL) ON DUPLICATE KEY UPDATE title=VALUES(title), subtitle=VALUES(subtitle), author=VALUES(author), image_url=VALUES(image_url), published_date=VALUES(published_date), publisher=VALUES(publisher);
INSERT INTO book_detail (isbn, sold_out, free_shipping, list_price, sale_price, author_bio, book_description) VALUES ('9788929505073', 0, 0, NULL, NULL, '[블루앤트리 편집부 제작]에 대한 간단 소개입니다.', 'We Are Proud of You, Tumblebug! — weareproudofyou,tumblebug에 대한 자동 생성 소개입니다.') ON DUPLICATE KEY UPDATE sold_out=VALUES(sold_out), free_shipping=VALUES(free_shipping), list_price=VALUES(list_price), sale_price=VALUES(sale_price), author_bio=VALUES(author_bio), book_description=VALUES(book_description);
INSERT INTO book (isbn, title, subtitle, author, image_url, published_date, publisher) VALUES ('9788929503802', 'What is it?', 'whatisit', '[블루앤트리 편집부 제작]', NULL, '2025-01-10', NULL) ON DUPLICATE KEY UPDATE title=VALUES(title), subtitle=VALUES(subtitle), author=VALUES(author), image_url=VALUES(image_url), published_date=VALUES(published_date), publisher=VALUES(publisher);
INSERT INTO book_detail (isbn, sold_out, free_shipping, list_price, sale_price, author_bio, book_description) VALUES ('9788929503802', 0, 0, NULL, NULL, '[블루앤트리 편집부 제작]에 대한 간단 소개입니다.', 'What is it? — whatisit에 대한 자동 생성 소개입니다.') ON DUPLICATE KEY UPDATE sold_out=VALUES(sold_out), free_shipping=VALUES(free_shipping), list_price=VALUES(list_price), sale_price=VALUES(sale_price), author_bio=VALUES(author_bio), book_description=VALUES(book_description);
INSERT INTO book (isbn, title, subtitle, author, image_url, published_date, publisher) VALUES ('9788929504502', 'What''s Going On?', 'whatsgoingon', '[블루앤트리 편집부 제작]', NULL, '2022-05-20', NULL) ON DUPLICATE KEY UPDATE title=VALUES(title), subtitle=VALUES(subtitle), author=VALUES(author), image_url=VALUES(image_url), published_date=VALUES(published_date), publisher=VALUES(publisher);
INSERT INTO book_detail (isbn, sold_out, free_shipping, list_price, sale_price, author_bio, book_description) VALUES ('9788929504502', 0, 0, NULL, NULL, '[블루앤트리 편집부 제작]에 대한 간단 소개입니다.', 'What''s Going On? — whatsgoingon에 대한 자동 생성 소개입니다.') ON DUPLICATE KEY UPDATE sold_out=VALUES(sold_out), free_shipping=VALUES(free_shipping), list_price=VALUES(list_price), sale_price=VALUES(sale_price), author_bio=VALUES(author_bio), book_description=VALUES(book_description);
INSERT INTO book (isbn, title, subtitle, author, image_url, published_date, publisher) VALUES ('9788929505585', 'Where Does It Come From? Who Makes Them?', 'wheredoesitcomefromwhomakesthem', '[블루앤트리 편집부 제작]', NULL, '2023-07-22', NULL) ON DUPLICATE KEY UPDATE title=VALUES(title), subtitle=VALUES(subtitle), author=VALUES(author), image_url=VALUES(image_url), published_date=VALUES(published_date), publisher=VALUES(publisher);
INSERT INTO book_detail (isbn, sold_out, free_shipping, list_price, sale_price, author_bio, book_description) VALUES ('9788929505585', 0, 0, NULL, NULL, '[블루앤트리 편집부 제작]에 대한 간단 소개입니다.', 'Where Does It Come From? Who Makes Them? — wheredoesitcomefromwhomakesthem에 대한 자동 생성 소개입니다.') ON DUPLICATE KEY UPDATE sold_out=VALUES(sold_out), free_shipping=VALUES(free_shipping), list_price=VALUES(list_price), sale_price=VALUES(sale_price), author_bio=VALUES(author_bio), book_description=VALUES(book_description);
INSERT INTO book (isbn, title, subtitle, author, image_url, published_date, publisher) VALUES ('9788929505042', 'Who ate the fly?', 'whoatethefly', '[블루앤트리 편집부 제작]', NULL, '2025-02-27', NULL) ON DUPLICATE KEY UPDATE title=VALUES(title), subtitle=VALUES(subtitle), author=VALUES(author), image_url=VALUES(image_url), published_date=VALUES(published_date), publisher=VALUES(publisher);
INSERT INTO book_detail (isbn, sold_out, free_shipping, list_price, sale_price, author_bio, book_description) VALUES ('9788929505042', 0, 0, NULL, NULL, '[블루앤트리 편집부 제작]에 대한 간단 소개입니다.', 'Who ate the fly? — whoatethefly에 대한 자동 생성 소개입니다.') ON DUPLICATE KEY UPDATE sold_out=VALUES(sold_out), free_shipping=VALUES(free_shipping), list_price=VALUES(list_price), sale_price=VALUES(sale_price), author_bio=VALUES(author_bio), book_description=VALUES(book_description);
INSERT INTO book (isbn, title, subtitle, author, image_url, published_date, publisher) VALUES ('9788929504014', 'Who ate the lemon?', 'whoatethelemon', '[블루앤트리 편집부 제작]', NULL, '2022-10-31', NULL) ON DUPLICATE KEY UPDATE title=VALUES(title), subtitle=VALUES(subtitle), author=VALUES(author), image_url=VALUES(image_url), published_date=VALUES(published_date), publisher=VALUES(publisher);
INSERT INTO book_detail (isbn, sold_out, free_shipping, list_price, sale_price, author_bio, book_description) VALUES ('9788929504014', 0, 0, NULL, NULL, '[블루앤트리 편집부 제작]에 대한 간단 소개입니다.', 'Who ate the lemon? — whoatethelemon에 대한 자동 생성 소개입니다.') ON DUPLICATE KEY UPDATE sold_out=VALUES(sold_out), free_shipping=VALUES(free_shipping), list_price=VALUES(list_price), sale_price=VALUES(sale_price), author_bio=VALUES(author_bio), book_description=VALUES(book_description);
INSERT INTO book (isbn, title, subtitle, author, image_url, published_date, publisher) VALUES ('9788929505394', 'Who lives in the Americas?', 'wholivesintheamericas', '[블루앤트리 편집부 제작]', NULL, '2022-06-04', NULL) ON DUPLICATE KEY UPDATE title=VALUES(title), subtitle=VALUES(subtitle), author=VALUES(author), image_url=VALUES(image_url), published_date=VALUES(published_date), publisher=VALUES(publisher);
INSERT INTO book_detail (isbn, sold_out, free_shipping, list_price, sale_price, author_bio, book_description) VALUES ('9788929505394', 0, 0, NULL, NULL, '[블루앤트리 편집부 제작]에 대한 간단 소개입니다.', 'Who lives in the Americas? — wholivesintheamericas에 대한 자동 생성 소개입니다.') ON DUPLICATE KEY UPDATE sold_out=VALUES(sold_out), free_shipping=VALUES(free_shipping), list_price=VALUES(list_price), sale_price=VALUES(sale_price), author_bio=VALUES(author_bio), book_description=VALUES(book_description);
INSERT INTO book (isbn, title, subtitle, author, image_url, published_date, publisher) VALUES ('9788929504991', 'Who''s the Janitor?', 'whosthejanitor', '[블루앤트리 편집부 제작]', NULL, '2022-04-24', NULL) ON DUPLICATE KEY UPDATE title=VALUES(title), subtitle=VALUES(subtitle), author=VALUES(author), image_url=VALUES(image_url), published_date=VALUES(published_date), publisher=VALUES(publisher);
INSERT INTO book_detail (isbn, sold_out, free_shipping, list_price, sale_price, author_bio, book_description) VALUES ('9788929504991', 0, 0, NULL, NULL, '[블루앤트리 편집부 제작]에 대한 간단 소개입니다.', 'Who''s the Janitor? — whosthejanitor에 대한 자동 생성 소개입니다.') ON DUPLICATE KEY UPDATE sold_out=VALUES(sold_out), free_shipping=VALUES(free_shipping), list_price=VALUES(list_price), sale_price=VALUES(sale_price), author_bio=VALUES(author_bio), book_description=VALUES(book_description);
INSERT INTO book (isbn, title, subtitle, author, image_url, published_date, publisher) VALUES ('9788929505486', 'Toran and Deongchi Go to the Country of the Frogs', 'torananddeongchigotothecountryofthefrogs', '[블루앤트리 편집부 제작]', NULL, '2025-05-13', NULL) ON DUPLICATE KEY UPDATE title=VALUES(title), subtitle=VALUES(subtitle), author=VALUES(author), image_url=VALUES(image_url), published_date=VALUES(published_date), publisher=VALUES(publisher);
INSERT INTO book_detail (isbn, sold_out, free_shipping, list_price, sale_price, author_bio, book_description) VALUES ('9788929505486', 0, 0, NULL, NULL, '[블루앤트리 편집부 제작]에 대한 간단 소개입니다.', 'Toran and Deongchi Go to the Country of the Frogs — torananddeongchigotothecountryofthefrogs에 대한 자동 생성 소개입니다.') ON DUPLICATE KEY UPDATE sold_out=VALUES(sold_out), free_shipping=VALUES(free_shipping), list_price=VALUES(list_price), sale_price=VALUES(sale_price), author_bio=VALUES(author_bio), book_description=VALUES(book_description);
INSERT INTO book (isbn, title, subtitle, author, image_url, published_date, publisher) VALUES ('9788972442325', '햄릿', '햄릿', '윌리엄 셰익스피어 (지은이)', 'https://image.aladin.co.kr/product/27652/29/cover/e722538238_1.jpg', '2021-07-27', '신라출판사') ON DUPLICATE KEY UPDATE title=VALUES(title), subtitle=VALUES(subtitle), author=VALUES(author), image_url=VALUES(image_url), published_date=VALUES(published_date), publisher=VALUES(publisher);
INSERT INTO book_detail (isbn, sold_out, free_shipping, list_price, sale_price, author_bio, book_description) VALUES ('9788972442325', 0, 0, 700, 700, '윌리엄 셰익스피어 (지은이)에 대한 간단 소개입니다.', '‘책을 읽는다는 것’은 타인의 영혼으로, 충분히 가치가 있고 멋진 여행이 될 것이다. 이 책에서는 작가의 생애와 작품의 줄거리, 그리고 작품에 얽힌 이야기들과 명구 등을 수록해 놓아서 그들과의 여행길에 작은 지침서가 될 것이다.') ON DUPLICATE KEY UPDATE sold_out=VALUES(sold_out), free_shipping=VALUES(free_shipping), list_price=VALUES(list_price), sale_price=VALUES(sale_price), author_bio=VALUES(author_bio), book_description=VALUES(book_description);
INSERT INTO book (isbn, title, subtitle, author, image_url, published_date, publisher) VALUES ('9791162671764', '이솝우화 - 영어 원서로 읽는 고전 소설', '이솝우화영어원서로읽는고전소설', '이솝 (지은이)', 'https://image.aladin.co.kr/product/27638/37/cover/e392538131_1.jpg', '2021-07-27', '달꽃') ON DUPLICATE KEY UPDATE title=VALUES(title), subtitle=VALUES(subtitle), author=VALUES(author), image_url=VALUES(image_url), published_date=VALUES(published_date), publisher=VALUES(publisher);
INSERT INTO book_detail (isbn, sold_out, free_shipping, list_price, sale_price, author_bio, book_description) VALUES ('9791162671764', 0, 0, 3000, 3000, '이솝 (지은이)에 대한 간단 소개입니다.', '영어로 쓰여진 이솝우화 82편을 수록하였습니다.') ON DUPLICATE KEY UPDATE sold_out=VALUES(sold_out), free_shipping=VALUES(free_shipping), list_price=VALUES(list_price), sale_price=VALUES(sale_price), author_bio=VALUES(author_bio), book_description=VALUES(book_description);
INSERT INTO book (isbn, title, subtitle, author, image_url, published_date, publisher) VALUES ('9791163045601', '황무지', '황무지', 'T. S. ELIOT (토마스 스턴스 엘리엇) (지은이)', 'https://image.aladin.co.kr/product/10189/94/cover/e672430022_1.jpg', '2017-01-11', '유페이퍼') ON DUPLICATE KEY UPDATE title=VALUES(title), subtitle=VALUES(subtitle), author=VALUES(author), image_url=VALUES(image_url), published_date=VALUES(published_date), publisher=VALUES(publisher);
INSERT INTO book_detail (isbn, sold_out, free_shipping, list_price, sale_price, author_bio, book_description) VALUES ('9791163045601', 0, 0, 500, 500, 'T. S. ELIOT (토마스 스턴스 엘리엇) (지은이)에 대한 간단 소개입니다.', '황무지 《원어민이 영어로 읽어 주는 문학: The Waste Land》 &quot;엘리엇&quot;은 노벨 문학상 수상자이다.황무지(The Waste Land)는 모더니즘 시인인 T. S. 엘리어트가 1922년 출간한 434 줄의 시이다. 이것은 “20세기 시 중 가장 중요한 시중의 하나”라는 찬사를 받았다.이 시는...') ON DUPLICATE KEY UPDATE sold_out=VALUES(sold_out), free_shipping=VALUES(free_shipping), list_price=VALUES(list_price), sale_price=VALUES(sale_price), author_bio=VALUES(author_bio), book_description=VALUES(book_description);
INSERT INTO book (isbn, title, subtitle, author, image_url, published_date, publisher) VALUES ('9791163046189', '선악의 저편', '선악의저편', '니체 (Nietzsche) (지은이)', 'https://image.aladin.co.kr/product/10189/97/cover/e192430025_1.jpg', '2017-01-05', '유페이퍼') ON DUPLICATE KEY UPDATE title=VALUES(title), subtitle=VALUES(subtitle), author=VALUES(author), image_url=VALUES(image_url), published_date=VALUES(published_date), publisher=VALUES(publisher);
INSERT INTO book_detail (isbn, sold_out, free_shipping, list_price, sale_price, author_bio, book_description) VALUES ('9791163046189', 0, 0, 500, 500, '니체 (Nietzsche) (지은이)에 대한 간단 소개입니다.', '선악의 저편 《원어민이 읽어 주는 문학: Beyond Good and Evil》 영어로 번역되어 빠르게 읽을 수 있다.《선악의 저편: 미래 철학의 전주곡》은 니체의 대표작 가운데 하나로 1886년에 씌여졌다.독일어 제목은《Jenseits von Gut und Bse: Vorspiel einer Philosophie der Zukunft》이다.니체가 1881년부터 1886년까지...') ON DUPLICATE KEY UPDATE sold_out=VALUES(sold_out), free_shipping=VALUES(free_shipping), list_price=VALUES(list_price), sale_price=VALUES(sale_price), author_bio=VALUES(author_bio), book_description=VALUES(book_description);
INSERT INTO book (isbn, title, subtitle, author, image_url, published_date, publisher) VALUES ('9791163046165', '러시아 베스트 단편소설', '러시아베스트단편소설', '표도르 도스토예프스키', 'https://image.aladin.co.kr/product/10189/93/cover/e682430021_1.jpg', '2017-01-05', '유페이퍼') ON DUPLICATE KEY UPDATE title=VALUES(title), subtitle=VALUES(subtitle), author=VALUES(author), image_url=VALUES(image_url), published_date=VALUES(published_date), publisher=VALUES(publisher);
INSERT INTO book_detail (isbn, sold_out, free_shipping, list_price, sale_price, author_bio, book_description) VALUES ('9791163046165', 0, 0, 500, 500, '표도르 도스토예프스키에 대한 간단 소개입니다.', '러시아 베스트 단편소설 《원어민이 영어로 주는 문학: Best Russian Short Stories》 러시아의 문학의 거장도스토엡스키, 톨스토이, 푸시킨 외 16명 작품 수록!짧지만 강렬한 감동의 여운 남는 단편소설 모음집!친절하게 원어민이 영어로 읽어 줍니다.영어 원문 제공《원어민이 읽어 주는 ebook...') ON DUPLICATE KEY UPDATE sold_out=VALUES(sold_out), free_shipping=VALUES(free_shipping), list_price=VALUES(list_price), sale_price=VALUES(sale_price), author_bio=VALUES(author_bio), book_description=VALUES(book_description);
INSERT INTO book (isbn, title, subtitle, author, image_url, published_date, publisher) VALUES ('9788929504953', 'Will It Rain or Will It Snow?', 'willitrainorwillitsnow', '[블루앤트리 편집부 제작]', NULL, '2024-03-07', NULL) ON DUPLICATE KEY UPDATE title=VALUES(title), subtitle=VALUES(subtitle), author=VALUES(author), image_url=VALUES(image_url), published_date=VALUES(published_date), publisher=VALUES(publisher);
INSERT INTO book_detail (isbn, sold_out, free_shipping, list_price, sale_price, author_bio, book_description) VALUES ('9788929504953', 0, 0, NULL, NULL, '[블루앤트리 편집부 제작]에 대한 간단 소개입니다.', 'Will It Rain or Will It Snow? — willitrainorwillitsnow에 대한 자동 생성 소개입니다.') ON DUPLICATE KEY UPDATE sold_out=VALUES(sold_out), free_shipping=VALUES(free_shipping), list_price=VALUES(list_price), sale_price=VALUES(sale_price), author_bio=VALUES(author_bio), book_description=VALUES(book_description);
INSERT INTO book (isbn, title, subtitle, author, image_url, published_date, publisher) VALUES ('9791163045960', '킴', '킴', '조지프 러디어드 키플링 (지은이)', 'https://image.aladin.co.kr/product/10189/93/cover/e932430022_1.jpg', '2017-01-09', '유페이퍼') ON DUPLICATE KEY UPDATE title=VALUES(title), subtitle=VALUES(subtitle), author=VALUES(author), image_url=VALUES(image_url), published_date=VALUES(published_date), publisher=VALUES(publisher);
INSERT INTO book_detail (isbn, sold_out, free_shipping, list_price, sale_price, author_bio, book_description) VALUES ('9791163045960', 0, 0, 500, 500, '조지프 러디어드 키플링 (지은이)에 대한 간단 소개입니다.', '킴 《원어민이 영어로 읽어 주는 문학: KIM》 [정글북] 다음으로 유대한 작품을 남긴 &quot;KIM(킴)&quot;이라는 아이를 주인공으로 또 다른 소설 이야기!1907년, 영어권 작가로는 처음으로 노벨 문학상을 수상했다. 지금까지도 그는 가장 어린 수상자로 남아있다. 하지만 시간이 갈수록 그의 명성은...') ON DUPLICATE KEY UPDATE sold_out=VALUES(sold_out), free_shipping=VALUES(free_shipping), list_price=VALUES(list_price), sale_price=VALUES(sale_price), author_bio=VALUES(author_bio), book_description=VALUES(book_description);
INSERT INTO book (isbn, title, subtitle, author, image_url, published_date, publisher) VALUES ('9791163046097', '나는 신출내기 투수', '나는신출내기투수', '링 라드너 (Ring Lardner) (지은이)', 'https://image.aladin.co.kr/product/10189/93/cover/e772430021_1.jpg', '2017-01-09', '유페이퍼') ON DUPLICATE KEY UPDATE title=VALUES(title), subtitle=VALUES(subtitle), author=VALUES(author), image_url=VALUES(image_url), published_date=VALUES(published_date), publisher=VALUES(publisher);
INSERT INTO book_detail (isbn, sold_out, free_shipping, list_price, sale_price, author_bio, book_description) VALUES ('9791163046097', 0, 0, 500, 500, '링 라드너 (Ring Lardner) (지은이)에 대한 간단 소개입니다.', '나는 신출내기 투수 《원어민이 영어로 읽어 주는 문학:You Know Me Al》 미국의 소설가 겸 저널리스트. 《나는 신출나기 투수》, 《단편소설 작법》등을 발표하며 미국의 대표적인 풍자 작가로 인정을 받았다. 서민의 생태를 해학적으로 묘사하면서도 그 속에 냉철한 풍자를 담은 작품을 많이 썼다....') ON DUPLICATE KEY UPDATE sold_out=VALUES(sold_out), free_shipping=VALUES(free_shipping), list_price=VALUES(list_price), sale_price=VALUES(sale_price), author_bio=VALUES(author_bio), book_description=VALUES(book_description);
INSERT INTO book (isbn, title, subtitle, author, image_url, published_date, publisher) VALUES ('9791163046011', '플랫랜드', '플랫랜드', '에드윈 A. 애보트 (Edwin A. Abbott) (지은이)', 'https://image.aladin.co.kr/product/10189/93/cover/e882430021_1.jpg', '2017-01-09', '유페이퍼') ON DUPLICATE KEY UPDATE title=VALUES(title), subtitle=VALUES(subtitle), author=VALUES(author), image_url=VALUES(image_url), published_date=VALUES(published_date), publisher=VALUES(publisher);
INSERT INTO book_detail (isbn, sold_out, free_shipping, list_price, sale_price, author_bio, book_description) VALUES ('9791163046011', 0, 0, 500, 500, '에드윈 A. 애보트 (Edwin A. Abbott) (지은이)에 대한 간단 소개입니다.', '플랫랜드 《원어민이 영어로 읽어주는 문학: Flatland: A Romance of Many Dimensions》  플랫랜드(Flatland: A Romance of Many Dimensions))는 1884년에 영국 빅토리아 시대의 신학자이자 교육자였던 에드윈 A. 애보트(Edwin A. Abbott, 1838-1926)가 지은 수학 소설(Mathematical Fiction)인 동시에 최초의 SF소설이다....') ON DUPLICATE KEY UPDATE sold_out=VALUES(sold_out), free_shipping=VALUES(free_shipping), list_price=VALUES(list_price), sale_price=VALUES(sale_price), author_bio=VALUES(author_bio), book_description=VALUES(book_description);
INSERT INTO book (isbn, title, subtitle, author, image_url, published_date, publisher) VALUES ('9791163046035', '이상적인 남편', '이상적인남편', '오스카 와일드 (지은이)', 'https://image.aladin.co.kr/product/10189/93/cover/e852430021_1.jpg', '2017-01-09', '유페이퍼') ON DUPLICATE KEY UPDATE title=VALUES(title), subtitle=VALUES(subtitle), author=VALUES(author), image_url=VALUES(image_url), published_date=VALUES(published_date), publisher=VALUES(publisher);
INSERT INTO book_detail (isbn, sold_out, free_shipping, list_price, sale_price, author_bio, book_description) VALUES ('9791163046035', 0, 0, 500, 500, '오스카 와일드 (지은이)에 대한 간단 소개입니다.', '이상적인 남편 《원어민이 영어로 주는 문학: An Ideal Husband》 《이상적인 남편》(An Ideal Husband)은 1895년 오스카 와일드가 쓴 희극으로, 정치적 부패과 협박을 둘러싸고, 정치와 사적 명예를 주제를 다룬다. 무대는 &quot;현재, 런던&quot;으로 3일간에 걸쳐 발생하는 것으로 설정된다. 와일드는 이...') ON DUPLICATE KEY UPDATE sold_out=VALUES(sold_out), free_shipping=VALUES(free_shipping), list_price=VALUES(list_price), sale_price=VALUES(sale_price), author_bio=VALUES(author_bio), book_description=VALUES(book_description);
INSERT INTO book (isbn, title, subtitle, author, image_url, published_date, publisher) VALUES ('9791195344376', '낙동강에는 고래가 살지않는다', '낙동강에는고래가살지않는다', '박미출 (지은이)', 'https://image.aladin.co.kr/product/27608/74/cover/e222538031_1.jpg', '2021-07-21', '포인트') ON DUPLICATE KEY UPDATE title=VALUES(title), subtitle=VALUES(subtitle), author=VALUES(author), image_url=VALUES(image_url), published_date=VALUES(published_date), publisher=VALUES(publisher);
INSERT INTO book_detail (isbn, sold_out, free_shipping, list_price, sale_price, author_bio, book_description) VALUES ('9791195344376', 0, 0, 1000, 1000, '박미출 (지은이)에 대한 간단 소개입니다.', '머리 밑의 쇠똥이 완전히 벗겨지고 난 후에도 오랜 동안 맨발로 김해 벌판을 누벼 대며 호연지기를 다졌다. 장마가 개인 여름날 강둑을 따라 무지개를 좇아서 정신없이 달렸고, 지평선 너머 어떤 세상이 있을지를 궁금해 하며 그렇게도 좇아갔지만 번번이 실패하여 지쳐 쓰러져 논두렁에 더러 누워 하늘에게...') ON DUPLICATE KEY UPDATE sold_out=VALUES(sold_out), free_shipping=VALUES(free_shipping), list_price=VALUES(list_price), sale_price=VALUES(sale_price), author_bio=VALUES(author_bio), book_description=VALUES(book_description);
INSERT INTO book (isbn, title, subtitle, author, image_url, published_date, publisher) VALUES ('9791187712336', '큰 바위 얼굴 The Great Stone Face', '큰바위얼굴thegreatstoneface', '너대니얼 호손 (지은이)', 'https://image.aladin.co.kr/product/10310/77/cover/e792430628_1.jpg', '2017-02-20', '붉은나무') ON DUPLICATE KEY UPDATE title=VALUES(title), subtitle=VALUES(subtitle), author=VALUES(author), image_url=VALUES(image_url), published_date=VALUES(published_date), publisher=VALUES(publisher);
INSERT INTO book_detail (isbn, sold_out, free_shipping, list_price, sale_price, author_bio, book_description) VALUES ('9791187712336', 0, 0, 1000, 1000, '너대니얼 호손 (지은이)에 대한 간단 소개입니다.', '제 평생 가장 많은 독서량을 기록한 때는 중고등학교 때였습니다. 지금도 물론 책을 읽고 있습니다만 그때와 비교해 보면 정말 가소로운 양입니다.돌아서면 잊어버리는 나이가 되다 보니 이제는 외국어 공부하는 것도 훨씬 많은 노력을 기울여야 합니다. 어렸을 때는 문법 공부를 했지만 이제는 뭐, ''이...') ON DUPLICATE KEY UPDATE sold_out=VALUES(sold_out), free_shipping=VALUES(free_shipping), list_price=VALUES(list_price), sale_price=VALUES(sale_price), author_bio=VALUES(author_bio), book_description=VALUES(book_description);
INSERT INTO book (isbn, title, subtitle, author, image_url, published_date, publisher) VALUES ('9791187712367', '백만 파운드 지폐 The Million Pound Bank Note - 영어로 읽는 세계명작 09', '백만파운드지폐themillionpoundbanknote영어로읽는세계명작09', '마크 트웨인 (지은이)', 'https://image.aladin.co.kr/product/10753/47/cover/e122430249_1.jpg', '2017-04-14', '붉은나무') ON DUPLICATE KEY UPDATE title=VALUES(title), subtitle=VALUES(subtitle), author=VALUES(author), image_url=VALUES(image_url), published_date=VALUES(published_date), publisher=VALUES(publisher);
INSERT INTO book_detail (isbn, sold_out, free_shipping, list_price, sale_price, author_bio, book_description) VALUES ('9791187712367', 0, 0, 1000, 1000, '마크 트웨인 (지은이)에 대한 간단 소개입니다.', '무일푼으로 런던에 도착한 꾀죄죄한 모습의 주인공에게 형제로 보이는 두 신사가 접근한다.''백만 파운드 지폐를 가지고 살 수 있다, 없다''로 내기를 하자는 것이다.백만 파운드 지폐는 영국은행에서 특별한 목적으로 제작된 것으로 지폐를 빌려 줄 테니 한 달 뒤에 돌려달라는 것이었다.주머니에 1달러 밖에...') ON DUPLICATE KEY UPDATE sold_out=VALUES(sold_out), free_shipping=VALUES(free_shipping), list_price=VALUES(list_price), sale_price=VALUES(sale_price), author_bio=VALUES(author_bio), book_description=VALUES(book_description);
INSERT INTO book (isbn, title, subtitle, author, image_url, published_date, publisher) VALUES ('9791187712756', '래핀과 래피노바 Lapin and Lapinova - 영어로 읽는 세계명작 15', '래핀과래피노바lapinandlapinova영어로읽는세계명작15', '버지니아 울프 (지은이)', 'https://image.aladin.co.kr/product/11113/72/cover/e792431263_1.jpg', '2017-06-09', '붉은나무') ON DUPLICATE KEY UPDATE title=VALUES(title), subtitle=VALUES(subtitle), author=VALUES(author), image_url=VALUES(image_url), published_date=VALUES(published_date), publisher=VALUES(publisher);
INSERT INTO book_detail (isbn, sold_out, free_shipping, list_price, sale_price, author_bio, book_description) VALUES ('9791187712756', 0, 0, 1000, 1000, '버지니아 울프 (지은이)에 대한 간단 소개입니다.', '너무 어렵지 않은 내용을 원서로 읽어 보자 라는 생각으로 《영어로 읽는 세계명작소설》을 기획하였습니다. 저처럼 졸업 이후 딱히 영어 공부를 하지 않았거나영어 공부를 위해 책이라도 한 권 사는 열정을 갖고 계신 분들께 추천합니다.그 열다섯 번째로 버지니아 울프의 《래핀과 래피노바》를...') ON DUPLICATE KEY UPDATE sold_out=VALUES(sold_out), free_shipping=VALUES(free_shipping), list_price=VALUES(list_price), sale_price=VALUES(sale_price), author_bio=VALUES(author_bio), book_description=VALUES(book_description);
INSERT INTO book (isbn, title, subtitle, author, image_url, published_date, publisher) VALUES ('9791187712763', '월요일 또는 화요일 Monday or Tuesday - 영어로 읽는 세계명작 16', '월요일또는화요일mondayortuesday영어로읽는세계명작16', '버지니아 울프 (지은이)', 'https://image.aladin.co.kr/product/11113/72/cover/e702431263_1.jpg', '2017-06-09', '붉은나무') ON DUPLICATE KEY UPDATE title=VALUES(title), subtitle=VALUES(subtitle), author=VALUES(author), image_url=VALUES(image_url), published_date=VALUES(published_date), publisher=VALUES(publisher);
INSERT INTO book_detail (isbn, sold_out, free_shipping, list_price, sale_price, author_bio, book_description) VALUES ('9791187712763', 0, 0, 1000, 1000, '버지니아 울프 (지은이)에 대한 간단 소개입니다.', '너무 어렵지 않은 내용을 원서로 읽어 보자 라는 생각으로 《영어로 읽는 세계명작소설》을 기획하였습니다. 저처럼 졸업 이후 딱히 영어 공부를 하지 않았거나영어 공부를 위해 책이라도 한 권 사는 열정을 갖고 계신 분들께 추천합니다.그 열여섯 번째로 버지니아 울프의 《월요일 또는 화요일》를...') ON DUPLICATE KEY UPDATE sold_out=VALUES(sold_out), free_shipping=VALUES(free_shipping), list_price=VALUES(list_price), sale_price=VALUES(sale_price), author_bio=VALUES(author_bio), book_description=VALUES(book_description);
INSERT INTO book (isbn, title, subtitle, author, image_url, published_date, publisher) VALUES ('9791187712428', '유령의 집 A Hauntes House', '유령의집ahaunteshouse', '버지니아 울프 (지은이)', 'https://image.aladin.co.kr/product/10802/21/cover/e752430641_1.jpg', '2017-04-20', '붉은나무') ON DUPLICATE KEY UPDATE title=VALUES(title), subtitle=VALUES(subtitle), author=VALUES(author), image_url=VALUES(image_url), published_date=VALUES(published_date), publisher=VALUES(publisher);
INSERT INTO book_detail (isbn, sold_out, free_shipping, list_price, sale_price, author_bio, book_description) VALUES ('9791187712428', 0, 0, 1000, 1000, '버지니아 울프 (지은이)에 대한 간단 소개입니다.', '버지니아 울프는 헨리 제임스의 장편소설 「나사의 회전(원제:Turn of Screw)」를 읽고 이와 비슷한단편소설을 발표하였는데, 바로 단편 소설 「유령의 집(원제:A Haunted House)」이다.나사의 회전은 니콜 키드먼 주연의 『디 아더스』로 영화화 된 작품으로,버지니아 울프의 「유령의 집」에서의 유령들은...') ON DUPLICATE KEY UPDATE sold_out=VALUES(sold_out), free_shipping=VALUES(free_shipping), list_price=VALUES(list_price), sale_price=VALUES(sale_price), author_bio=VALUES(author_bio), book_description=VALUES(book_description);
INSERT INTO book (isbn, title, subtitle, author, image_url, published_date, publisher) VALUES ('9791187712343', '벤저민 버튼의 기이한 사건 The Curious Case of Benjamin Button', '벤저민버튼의기이한사건thecuriouscaseofbenjaminbutton', '프랜시스 스콧 피츠제럴드 (지은이)', 'https://image.aladin.co.kr/product/10310/77/cover/e702430628_1.jpg', '2017-02-20', '붉은나무') ON DUPLICATE KEY UPDATE title=VALUES(title), subtitle=VALUES(subtitle), author=VALUES(author), image_url=VALUES(image_url), published_date=VALUES(published_date), publisher=VALUES(publisher);
INSERT INTO book_detail (isbn, sold_out, free_shipping, list_price, sale_price, author_bio, book_description) VALUES ('9791187712343', 0, 0, 1000, 1000, '프랜시스 스콧 피츠제럴드 (지은이)에 대한 간단 소개입니다.', '제 평생 가장 많은 독서량을 기록한 때는 중고등학교 때였습니다. 지금도 물론 책을 읽고 있습니다만 그때와 비교해 보면 정말 가소로운 양입니다.돌아서면 잊어버리는 나이가 되다 보니 이제는 외국어 공부하는 것도 훨씬 많은 노력을 기울여야 합니다. 어렸을 때는 문법 공부를 했지만 이제는 뭐...') ON DUPLICATE KEY UPDATE sold_out=VALUES(sold_out), free_shipping=VALUES(free_shipping), list_price=VALUES(list_price), sale_price=VALUES(sale_price), author_bio=VALUES(author_bio), book_description=VALUES(book_description);
INSERT INTO book (isbn, title, subtitle, author, image_url, published_date, publisher) VALUES ('9791187712329', '검은 고양이 BLACK CAT - 영어로 읽는 세계명작 06', '검은고양이blackcat영어로읽는세계명작06', '에드거 앨런 포 (지은이)', 'https://image.aladin.co.kr/product/10304/37/cover/e592430526_1.jpg', '2017-02-20', '붉은나무') ON DUPLICATE KEY UPDATE title=VALUES(title), subtitle=VALUES(subtitle), author=VALUES(author), image_url=VALUES(image_url), published_date=VALUES(published_date), publisher=VALUES(publisher);
INSERT INTO book_detail (isbn, sold_out, free_shipping, list_price, sale_price, author_bio, book_description) VALUES ('9791187712329', 0, 0, 1000, 1000, '에드거 앨런 포 (지은이)에 대한 간단 소개입니다.', '제 평생 가장 많은 독서량을 기록한 때는 중고등학교 때였습니다. 지금도 물론 책을 읽고 있습니다만 그때와 비교해 보면 정말 가소로운 양입니다.돌아서면 잊어버리는 나이가 되다 보니 이제는 외국어 공부하는 것도 훨씬 많은 노력을 기울여야 합니다. 어렸을 때는 문법 공부를 했지만 이제는 뭐, ''이...') ON DUPLICATE KEY UPDATE sold_out=VALUES(sold_out), free_shipping=VALUES(free_shipping), list_price=VALUES(list_price), sale_price=VALUES(sale_price), author_bio=VALUES(author_bio), book_description=VALUES(book_description);
INSERT INTO book (isbn, title, subtitle, author, image_url, published_date, publisher) VALUES ('9791187712374', '20년 후 After Twenty Years - 영어로 읽는 세계명작 10', '20년후aftertwentyyears영어로읽는세계명작10', '오 헨리 (지은이)', 'https://image.aladin.co.kr/product/10753/47/cover/e132430249_1.jpg', '2017-04-14', '붉은나무') ON DUPLICATE KEY UPDATE title=VALUES(title), subtitle=VALUES(subtitle), author=VALUES(author), image_url=VALUES(image_url), published_date=VALUES(published_date), publisher=VALUES(publisher);
INSERT INTO book_detail (isbn, sold_out, free_shipping, list_price, sale_price, author_bio, book_description) VALUES ('9791187712374', 0, 0, 1000, 1000, '오 헨리 (지은이)에 대한 간단 소개입니다.', '원제는 &quot;After Twenty Years&quot;이며, &quot;크리스마스 선물&quot;로 유명한 오.헨리의 단편소설입니다.빗방울 머금는 차가운 바람이 부는 밤 10시경, 경관은 자신의 담당 구역을 순찰 중이었다.풍채 좋은 경관은 경찰봉을 휘두르며 거리를 걸어갔다.경관은 한 지점에 이르러 발걸음을 멈추었다....') ON DUPLICATE KEY UPDATE sold_out=VALUES(sold_out), free_shipping=VALUES(free_shipping), list_price=VALUES(list_price), sale_price=VALUES(sale_price), author_bio=VALUES(author_bio), book_description=VALUES(book_description);
INSERT INTO book (isbn, title, subtitle, author, image_url, published_date, publisher) VALUES ('9791187712695', '립 밴 윙클 Rip Van Winkle', '립밴윙클ripvanwinkle', '워싱턴 어빙 (지은이)', 'https://image.aladin.co.kr/product/11087/45/cover/e342431067_1.jpg', '2017-06-05', '붉은나무') ON DUPLICATE KEY UPDATE title=VALUES(title), subtitle=VALUES(subtitle), author=VALUES(author), image_url=VALUES(image_url), published_date=VALUES(published_date), publisher=VALUES(publisher);
INSERT INTO book_detail (isbn, sold_out, free_shipping, list_price, sale_price, author_bio, book_description) VALUES ('9791187712695', 0, 0, 1000, 1000, '워싱턴 어빙 (지은이)에 대한 간단 소개입니다.', '너무 어렵지 않은 내용을 원서로 읽어 보자 라는 생각으로 《영어로 읽는 세계명작소설》을 기획하였습니다. 저처럼 졸업 이후 딱히 영어 공부를 하지 않았거나영어 공부를 위해 책이라도 한 권 사는 열정을 갖고 계신 분들께 추천합니다.그 열세 번째로 워싱턴 어빙의 《립 밴 윙클》을...') ON DUPLICATE KEY UPDATE sold_out=VALUES(sold_out), free_shipping=VALUES(free_shipping), list_price=VALUES(list_price), sale_price=VALUES(sale_price), author_bio=VALUES(author_bio), book_description=VALUES(book_description);
INSERT INTO book (isbn, title, subtitle, author, image_url, published_date, publisher) VALUES ('9791161971094', '슬리피 할로우의 전설 The Legend of Sleepy Hollow', '슬리피할로우의전설thelegendofsleepyhollow', '워싱턴 어빙', 'https://image.aladin.co.kr/product/12062/35/cover/e932432964_1.jpg', '2017-10-26', '붉은나무') ON DUPLICATE KEY UPDATE title=VALUES(title), subtitle=VALUES(subtitle), author=VALUES(author), image_url=VALUES(image_url), published_date=VALUES(published_date), publisher=VALUES(publisher);
INSERT INTO book_detail (isbn, sold_out, free_shipping, list_price, sale_price, author_bio, book_description) VALUES ('9791161971094', 0, 0, 1000, 1000, '워싱턴 어빙에 대한 간단 소개입니다.', '너무 어렵지 않은 내용을 원서로 읽어 보자 라는 생각으로 《영어로 읽는 세계명작소설》을 기획하였습니다. 잊고 있던 영어 공부를 다시 시작하려는 분이거나 영어 공부를 위해 책이라도 한 권 사는 열정을 갖고 계신 분들께 추천합니다.어빙이 제프리 크레이온이라는 가명으로 출판한...') ON DUPLICATE KEY UPDATE sold_out=VALUES(sold_out), free_shipping=VALUES(free_shipping), list_price=VALUES(list_price), sale_price=VALUES(sale_price), author_bio=VALUES(author_bio), book_description=VALUES(book_description);
INSERT INTO book (isbn, title, subtitle, author, image_url, published_date, publisher) VALUES ('9791187712435', '이블린 Eveline', '이블린eveline', '제임스 조이스 (지은이)', 'https://image.aladin.co.kr/product/10802/21/cover/e762430641_1.jpg', '2017-04-20', '붉은나무') ON DUPLICATE KEY UPDATE title=VALUES(title), subtitle=VALUES(subtitle), author=VALUES(author), image_url=VALUES(image_url), published_date=VALUES(published_date), publisher=VALUES(publisher);
INSERT INTO book_detail (isbn, sold_out, free_shipping, list_price, sale_price, author_bio, book_description) VALUES ('9791187712435', 0, 0, 1000, 1000, '제임스 조이스 (지은이)에 대한 간단 소개입니다.', '너무 어렵지 않은 내용을 원서로 읽어 보자 라는 생각으로 《영어로 읽는 세계명작소설》을 기획하였습니다. 그 열 두 번째로 제임스 조이스의 《이블린》을 준비했습니다.원제는 &quot;Eveline&quot;이며, 더블린 사람들(원제:Dubliners)에 수록된단편 중 하나입니다. 백화점에서 근무하는 19살...') ON DUPLICATE KEY UPDATE sold_out=VALUES(sold_out), free_shipping=VALUES(free_shipping), list_price=VALUES(list_price), sale_price=VALUES(sale_price), author_bio=VALUES(author_bio), book_description=VALUES(book_description);
INSERT INTO book (isbn, title, subtitle, author, image_url, published_date, publisher) VALUES ('9791187712312', '하숙집 The Boarding House - 영어로 읽는 세계명작 05', '하숙집theboardinghouse영어로읽는세계명작05', '제임스 조이스 (지은이)', 'https://image.aladin.co.kr/product/10304/37/cover/e502430526_1.jpg', '2017-02-20', '붉은나무') ON DUPLICATE KEY UPDATE title=VALUES(title), subtitle=VALUES(subtitle), author=VALUES(author), image_url=VALUES(image_url), published_date=VALUES(published_date), publisher=VALUES(publisher);
INSERT INTO book_detail (isbn, sold_out, free_shipping, list_price, sale_price, author_bio, book_description) VALUES ('9791187712312', 0, 0, 1000, 1000, '제임스 조이스 (지은이)에 대한 간단 소개입니다.', '제 평생 가장 많은 독서량을 기록한 때는 중고등학교 때였습니다. 지금도 물론 책을 읽고 있습니다만 그때와 비교해 보면 정말 가소로운 양입니다.돌아서면 잊어버리는 나이가 되다 보니 이제는 외국어 공부하는 것도 훨씬 많은 노력을 기울여야 합니다. 어렸을 때는 문법 공부를 했지만 이제는 뭐...') ON DUPLICATE KEY UPDATE sold_out=VALUES(sold_out), free_shipping=VALUES(free_shipping), list_price=VALUES(list_price), sale_price=VALUES(sale_price), author_bio=VALUES(author_bio), book_description=VALUES(book_description);
INSERT INTO book (isbn, title, subtitle, author, image_url, published_date, publisher) VALUES ('9791161971292', 'Master Humphrey''s Clock(마스터 험프리의 시계)', 'masterhumphreysclock마스터험프리의시계', '찰스 디킨스 (지은이)', 'https://image.aladin.co.kr/product/14090/55/cover/e532432755_1.jpg', '2018-04-06', '붉은나무') ON DUPLICATE KEY UPDATE title=VALUES(title), subtitle=VALUES(subtitle), author=VALUES(author), image_url=VALUES(image_url), published_date=VALUES(published_date), publisher=VALUES(publisher);
INSERT INTO book_detail (isbn, sold_out, free_shipping, list_price, sale_price, author_bio, book_description) VALUES ('9791161971292', 0, 0, 2300, 2300, '찰스 디킨스 (지은이)에 대한 간단 소개입니다.', '세계명작을 원서로 읽어 보자 라는 생각으로 《영어로 읽는 세계명작소설》을 기획하였습니다. 찰스 디킨스, 톨스토이, 제인 오스틴, 오스카 와일드, 샤를 페로 등 유명 작가들의 소설을 영어 원서로 준비하였습니다. 이미 한국어 번역본으로 읽어 본 소설들입니다. 이미 아는 내용이라 영어 원서로 읽어도 무리가...') ON DUPLICATE KEY UPDATE sold_out=VALUES(sold_out), free_shipping=VALUES(free_shipping), list_price=VALUES(list_price), sale_price=VALUES(sale_price), author_bio=VALUES(author_bio), book_description=VALUES(book_description);
INSERT INTO book (isbn, title, subtitle, author, image_url, published_date, publisher) VALUES ('9791161971117', '오래된 골동품 가게 The Old Curiosity Shop', '오래된골동품가게theoldcuriosityshop', '찰스 디킨스 (지은이)', 'https://image.aladin.co.kr/product/12062/35/cover/e912432964_1.jpg', '2017-10-26', '붉은나무') ON DUPLICATE KEY UPDATE title=VALUES(title), subtitle=VALUES(subtitle), author=VALUES(author), image_url=VALUES(image_url), published_date=VALUES(published_date), publisher=VALUES(publisher);
INSERT INTO book_detail (isbn, sold_out, free_shipping, list_price, sale_price, author_bio, book_description) VALUES ('9791161971117', 0, 0, 2800, 2800, '찰스 디킨스 (지은이)에 대한 간단 소개입니다.', '세계명작을 원서로 읽어 보자 라는 생각으로 《영어로 읽는 세계명작소설》을 기획하였습니다. 잊고 있던 영어 공부를 다시 시작하려는 분이거나 영어 공부를 위해 책이라도 한 권 사는 열정을 갖고 계신 분들께 추천합니다.출간 당시에만 10만부가 팔린 베스트셀러 소설로 괴기스러운 분위기에 재치 넘치는...') ON DUPLICATE KEY UPDATE sold_out=VALUES(sold_out), free_shipping=VALUES(free_shipping), list_price=VALUES(list_price), sale_price=VALUES(sale_price), author_bio=VALUES(author_bio), book_description=VALUES(book_description);
INSERT INTO book (isbn, title, subtitle, author, image_url, published_date, publisher) VALUES ('9788929506315', 'Things My Body Parts do', 'thingsmybodypartsdo', '[전소희 지음]', NULL, '2022-01-01', NULL) ON DUPLICATE KEY UPDATE title=VALUES(title), subtitle=VALUES(subtitle), author=VALUES(author), image_url=VALUES(image_url), published_date=VALUES(published_date), publisher=VALUES(publisher);
INSERT INTO book_detail (isbn, sold_out, free_shipping, list_price, sale_price, author_bio, book_description) VALUES ('9788929506315', 0, 0, NULL, NULL, '[전소희 지음]에 대한 간단 소개입니다.', 'Things My Body Parts do — thingsmybodypartsdo에 대한 자동 생성 소개입니다.') ON DUPLICATE KEY UPDATE sold_out=VALUES(sold_out), free_shipping=VALUES(free_shipping), list_price=VALUES(list_price), sale_price=VALUES(sale_price), author_bio=VALUES(author_bio), book_description=VALUES(book_description);
INSERT INTO book (isbn, title, subtitle, author, image_url, published_date, publisher) VALUES ('9788929506322', 'Things My Body Parts do', 'thingsmybodypartsdo', '[전소희 지음]', NULL, '2024-02-18', NULL) ON DUPLICATE KEY UPDATE title=VALUES(title), subtitle=VALUES(subtitle), author=VALUES(author), image_url=VALUES(image_url), published_date=VALUES(published_date), publisher=VALUES(publisher);
INSERT INTO book_detail (isbn, sold_out, free_shipping, list_price, sale_price, author_bio, book_description) VALUES ('9788929506322', 0, 0, NULL, NULL, '[전소희 지음]에 대한 간단 소개입니다.', 'Things My Body Parts do — thingsmybodypartsdo에 대한 자동 생성 소개입니다.') ON DUPLICATE KEY UPDATE sold_out=VALUES(sold_out), free_shipping=VALUES(free_shipping), list_price=VALUES(list_price), sale_price=VALUES(sale_price), author_bio=VALUES(author_bio), book_description=VALUES(book_description);
INSERT INTO book (isbn, title, subtitle, author, image_url, published_date, publisher) VALUES ('9788929506339', 'In My House', 'inmyhouse', '[전소희 지음]', NULL, '2023-09-15', NULL) ON DUPLICATE KEY UPDATE title=VALUES(title), subtitle=VALUES(subtitle), author=VALUES(author), image_url=VALUES(image_url), published_date=VALUES(published_date), publisher=VALUES(publisher);
INSERT INTO book_detail (isbn, sold_out, free_shipping, list_price, sale_price, author_bio, book_description) VALUES ('9788929506339', 0, 0, NULL, NULL, '[전소희 지음]에 대한 간단 소개입니다.', 'In My House — inmyhouse에 대한 자동 생성 소개입니다.') ON DUPLICATE KEY UPDATE sold_out=VALUES(sold_out), free_shipping=VALUES(free_shipping), list_price=VALUES(list_price), sale_price=VALUES(sale_price), author_bio=VALUES(author_bio), book_description=VALUES(book_description);
INSERT INTO book (isbn, title, subtitle, author, image_url, published_date, publisher) VALUES ('9788929506346', 'At School', 'atschool', '[전소희 지음]', NULL, '2022-01-08', NULL) ON DUPLICATE KEY UPDATE title=VALUES(title), subtitle=VALUES(subtitle), author=VALUES(author), image_url=VALUES(image_url), published_date=VALUES(published_date), publisher=VALUES(publisher);
INSERT INTO book_detail (isbn, sold_out, free_shipping, list_price, sale_price, author_bio, book_description) VALUES ('9788929506346', 0, 0, NULL, NULL, '[전소희 지음]에 대한 간단 소개입니다.', 'At School — atschool에 대한 자동 생성 소개입니다.') ON DUPLICATE KEY UPDATE sold_out=VALUES(sold_out), free_shipping=VALUES(free_shipping), list_price=VALUES(list_price), sale_price=VALUES(sale_price), author_bio=VALUES(author_bio), book_description=VALUES(book_description);
INSERT INTO book (isbn, title, subtitle, author, image_url, published_date, publisher) VALUES ('9788929506353', 'Opposite Verbs', 'oppositeverbs', '[전소희 지음]', NULL, '2023-06-04', NULL) ON DUPLICATE KEY UPDATE title=VALUES(title), subtitle=VALUES(subtitle), author=VALUES(author), image_url=VALUES(image_url), published_date=VALUES(published_date), publisher=VALUES(publisher);
INSERT INTO book_detail (isbn, sold_out, free_shipping, list_price, sale_price, author_bio, book_description) VALUES ('9788929506353', 0, 0, NULL, NULL, '[전소희 지음]에 대한 간단 소개입니다.', 'Opposite Verbs — oppositeverbs에 대한 자동 생성 소개입니다.') ON DUPLICATE KEY UPDATE sold_out=VALUES(sold_out), free_shipping=VALUES(free_shipping), list_price=VALUES(list_price), sale_price=VALUES(sale_price), author_bio=VALUES(author_bio), book_description=VALUES(book_description);
INSERT INTO book (isbn, title, subtitle, author, image_url, published_date, publisher) VALUES ('9788929505622', 'Alphabets', 'alphabets', '[전소희 지음]', NULL, '2023-04-24', NULL) ON DUPLICATE KEY UPDATE title=VALUES(title), subtitle=VALUES(subtitle), author=VALUES(author), image_url=VALUES(image_url), published_date=VALUES(published_date), publisher=VALUES(publisher);
INSERT INTO book_detail (isbn, sold_out, free_shipping, list_price, sale_price, author_bio, book_description) VALUES ('9788929505622', 0, 0, NULL, NULL, '[전소희 지음]에 대한 간단 소개입니다.', 'Alphabets — alphabets에 대한 자동 생성 소개입니다.') ON DUPLICATE KEY UPDATE sold_out=VALUES(sold_out), free_shipping=VALUES(free_shipping), list_price=VALUES(list_price), sale_price=VALUES(sale_price), author_bio=VALUES(author_bio), book_description=VALUES(book_description);
INSERT INTO book (isbn, title, subtitle, author, image_url, published_date, publisher) VALUES ('9788929505639', 'Cardinal Numbers', 'cardinalnumbers', '[전소희 지음]', NULL, '2024-10-20', NULL) ON DUPLICATE KEY UPDATE title=VALUES(title), subtitle=VALUES(subtitle), author=VALUES(author), image_url=VALUES(image_url), published_date=VALUES(published_date), publisher=VALUES(publisher);
INSERT INTO book_detail (isbn, sold_out, free_shipping, list_price, sale_price, author_bio, book_description) VALUES ('9788929505639', 0, 0, NULL, NULL, '[전소희 지음]에 대한 간단 소개입니다.', 'Cardinal Numbers — cardinalnumbers에 대한 자동 생성 소개입니다.') ON DUPLICATE KEY UPDATE sold_out=VALUES(sold_out), free_shipping=VALUES(free_shipping), list_price=VALUES(list_price), sale_price=VALUES(sale_price), author_bio=VALUES(author_bio), book_description=VALUES(book_description);
INSERT INTO book (isbn, title, subtitle, author, image_url, published_date, publisher) VALUES ('9788929505646', 'My Body Parts', 'mybodyparts', '[전소희 지음]', NULL, '2024-01-13', NULL) ON DUPLICATE KEY UPDATE title=VALUES(title), subtitle=VALUES(subtitle), author=VALUES(author), image_url=VALUES(image_url), published_date=VALUES(published_date), publisher=VALUES(publisher);
INSERT INTO book_detail (isbn, sold_out, free_shipping, list_price, sale_price, author_bio, book_description) VALUES ('9788929505646', 0, 0, NULL, NULL, '[전소희 지음]에 대한 간단 소개입니다.', 'My Body Parts — mybodyparts에 대한 자동 생성 소개입니다.') ON DUPLICATE KEY UPDATE sold_out=VALUES(sold_out), free_shipping=VALUES(free_shipping), list_price=VALUES(list_price), sale_price=VALUES(sale_price), author_bio=VALUES(author_bio), book_description=VALUES(book_description);
INSERT INTO book (isbn, title, subtitle, author, image_url, published_date, publisher) VALUES ('9788929506414', 'Ordinal Numbers', 'ordinalnumbers', '[전소희 지음]', NULL, '2025-06-03', NULL) ON DUPLICATE KEY UPDATE title=VALUES(title), subtitle=VALUES(subtitle), author=VALUES(author), image_url=VALUES(image_url), published_date=VALUES(published_date), publisher=VALUES(publisher);
INSERT INTO book_detail (isbn, sold_out, free_shipping, list_price, sale_price, author_bio, book_description) VALUES ('9788929506414', 0, 0, NULL, NULL, '[전소희 지음]에 대한 간단 소개입니다.', 'Ordinal Numbers — ordinalnumbers에 대한 자동 생성 소개입니다.') ON DUPLICATE KEY UPDATE sold_out=VALUES(sold_out), free_shipping=VALUES(free_shipping), list_price=VALUES(list_price), sale_price=VALUES(sale_price), author_bio=VALUES(author_bio), book_description=VALUES(book_description);
INSERT INTO book (isbn, title, subtitle, author, image_url, published_date, publisher) VALUES ('9788929506421', 'My Body Parts', 'mybodyparts', '[전소희 지음]', NULL, '2023-04-03', NULL) ON DUPLICATE KEY UPDATE title=VALUES(title), subtitle=VALUES(subtitle), author=VALUES(author), image_url=VALUES(image_url), published_date=VALUES(published_date), publisher=VALUES(publisher);
INSERT INTO book_detail (isbn, sold_out, free_shipping, list_price, sale_price, author_bio, book_description) VALUES ('9788929506421', 0, 0, NULL, NULL, '[전소희 지음]에 대한 간단 소개입니다.', 'My Body Parts — mybodyparts에 대한 자동 생성 소개입니다.') ON DUPLICATE KEY UPDATE sold_out=VALUES(sold_out), free_shipping=VALUES(free_shipping), list_price=VALUES(list_price), sale_price=VALUES(sale_price), author_bio=VALUES(author_bio), book_description=VALUES(book_description);
INSERT INTO book (isbn, title, subtitle, author, image_url, published_date, publisher) VALUES ('9788929506438', 'My Body Parts', 'mybodyparts', '[전소희 지음]', NULL, '2022-08-29', NULL) ON DUPLICATE KEY UPDATE title=VALUES(title), subtitle=VALUES(subtitle), author=VALUES(author), image_url=VALUES(image_url), published_date=VALUES(published_date), publisher=VALUES(publisher);
INSERT INTO book_detail (isbn, sold_out, free_shipping, list_price, sale_price, author_bio, book_description) VALUES ('9788929506438', 0, 0, NULL, NULL, '[전소희 지음]에 대한 간단 소개입니다.', 'My Body Parts — mybodyparts에 대한 자동 생성 소개입니다.') ON DUPLICATE KEY UPDATE sold_out=VALUES(sold_out), free_shipping=VALUES(free_shipping), list_price=VALUES(list_price), sale_price=VALUES(sale_price), author_bio=VALUES(author_bio), book_description=VALUES(book_description);
INSERT INTO book (isbn, title, subtitle, author, image_url, published_date, publisher) VALUES ('9791163045625', '겸손한 제안', '겸손한제안', '조너선 스위프트 (지은이)', 'https://image.aladin.co.kr/product/10189/94/cover/e652430022_1.jpg', '2017-01-11', '유페이퍼') ON DUPLICATE KEY UPDATE title=VALUES(title), subtitle=VALUES(subtitle), author=VALUES(author), image_url=VALUES(image_url), published_date=VALUES(published_date), publisher=VALUES(publisher);
INSERT INTO book_detail (isbn, sold_out, free_shipping, list_price, sale_price, author_bio, book_description) VALUES ('9791163045625', 0, 0, 500, 500, '조너선 스위프트 (지은이)에 대한 간단 소개입니다.', '겸손한 제안 《원어민이 영어로 읽어 주는 문학: A Modest Proposal》 영국의 작가 조너선 스위프트(Jonathan Swift)의 풍자 수필.원제는 ≪겸손한 제안: 아일랜드의 빈곤한 아이들을 나라와 부모들의 짐이 되는 것을 막기 위함, 그리고 그 아이들을 아일랜드에...') ON DUPLICATE KEY UPDATE sold_out=VALUES(sold_out), free_shipping=VALUES(free_shipping), list_price=VALUES(list_price), sale_price=VALUES(sale_price), author_bio=VALUES(author_bio), book_description=VALUES(book_description);
INSERT INTO book (isbn, title, subtitle, author, image_url, published_date, publisher) VALUES ('9791190167031', 'Lovely Moive', 'lovelymoive', '이민경', 'https://bookthumb-phinf.pstatic.net/cover/150/551/15055162.jpg?type=m1&udate=20190617', '2019-06-14', '쿰라이프게임즈') ON DUPLICATE KEY UPDATE title=VALUES(title), subtitle=VALUES(subtitle), author=VALUES(author), image_url=VALUES(image_url), published_date=VALUES(published_date), publisher=VALUES(publisher);
INSERT INTO book_detail (isbn, sold_out, free_shipping, list_price, sale_price, author_bio, book_description) VALUES ('9791190167031', 0, 0, 8000, 8000, '이민경에 대한 간단 소개입니다.', '누군가는 시간 때우기 용으로 영화를 본다고 말하기도 하지만, 또 다른 누군가는 영화로 인해 인생의 전환점을 맞이하기도 합니다. 영화에는 사랑부터 삶과 죽음에 이르기까지의 우리의 삶이 녹아있기 때문입니다. 직접 화법보다 은유를 통해 전달되는 영화의 의미를 통해 우리는 자신의 삶, 미래와 현재의모습을...') ON DUPLICATE KEY UPDATE sold_out=VALUES(sold_out), free_shipping=VALUES(free_shipping), list_price=VALUES(list_price), sale_price=VALUES(sale_price), author_bio=VALUES(author_bio), book_description=VALUES(book_description);
INSERT INTO book (isbn, title, subtitle, author, image_url, published_date, publisher) VALUES ('9788929506445', 'My Body Parts', 'mybodyparts', '[전소희 지음]', NULL, '2025-05-29', NULL) ON DUPLICATE KEY UPDATE title=VALUES(title), subtitle=VALUES(subtitle), author=VALUES(author), image_url=VALUES(image_url), published_date=VALUES(published_date), publisher=VALUES(publisher);
INSERT INTO book_detail (isbn, sold_out, free_shipping, list_price, sale_price, author_bio, book_description) VALUES ('9788929506445', 0, 0, NULL, NULL, '[전소희 지음]에 대한 간단 소개입니다.', 'My Body Parts — mybodyparts에 대한 자동 생성 소개입니다.') ON DUPLICATE KEY UPDATE sold_out=VALUES(sold_out), free_shipping=VALUES(free_shipping), list_price=VALUES(list_price), sale_price=VALUES(sale_price), author_bio=VALUES(author_bio), book_description=VALUES(book_description);
INSERT INTO book (isbn, title, subtitle, author, image_url, published_date, publisher) VALUES ('9788929505653', 'My Family and Relative', 'myfamilyandrelative', '[전소희 지음]', NULL, '2025-04-06', NULL) ON DUPLICATE KEY UPDATE title=VALUES(title), subtitle=VALUES(subtitle), author=VALUES(author), image_url=VALUES(image_url), published_date=VALUES(published_date), publisher=VALUES(publisher);
INSERT INTO book_detail (isbn, sold_out, free_shipping, list_price, sale_price, author_bio, book_description) VALUES ('9788929505653', 0, 0, NULL, NULL, '[전소희 지음]에 대한 간단 소개입니다.', 'My Family and Relative — myfamilyandrelative에 대한 자동 생성 소개입니다.') ON DUPLICATE KEY UPDATE sold_out=VALUES(sold_out), free_shipping=VALUES(free_shipping), list_price=VALUES(list_price), sale_price=VALUES(sale_price), author_bio=VALUES(author_bio), book_description=VALUES(book_description);
INSERT INTO book (isbn, title, subtitle, author, image_url, published_date, publisher) VALUES ('9788929505660', 'My Favorite Toys', 'myfavoritetoys', '[전소희 지음]', NULL, '2023-12-29', NULL) ON DUPLICATE KEY UPDATE title=VALUES(title), subtitle=VALUES(subtitle), author=VALUES(author), image_url=VALUES(image_url), published_date=VALUES(published_date), publisher=VALUES(publisher);
INSERT INTO book_detail (isbn, sold_out, free_shipping, list_price, sale_price, author_bio, book_description) VALUES ('9788929505660', 0, 0, NULL, NULL, '[전소희 지음]에 대한 간단 소개입니다.', 'My Favorite Toys — myfavoritetoys에 대한 자동 생성 소개입니다.') ON DUPLICATE KEY UPDATE sold_out=VALUES(sold_out), free_shipping=VALUES(free_shipping), list_price=VALUES(list_price), sale_price=VALUES(sale_price), author_bio=VALUES(author_bio), book_description=VALUES(book_description);
INSERT INTO book (isbn, title, subtitle, author, image_url, published_date, publisher) VALUES ('9788929505677', 'My Bedroom', 'mybedroom', '[전소희 지음]', NULL, '2025-05-06', NULL) ON DUPLICATE KEY UPDATE title=VALUES(title), subtitle=VALUES(subtitle), author=VALUES(author), image_url=VALUES(image_url), published_date=VALUES(published_date), publisher=VALUES(publisher);
INSERT INTO book_detail (isbn, sold_out, free_shipping, list_price, sale_price, author_bio, book_description) VALUES ('9788929505677', 0, 0, NULL, NULL, '[전소희 지음]에 대한 간단 소개입니다.', 'My Bedroom — mybedroom에 대한 자동 생성 소개입니다.') ON DUPLICATE KEY UPDATE sold_out=VALUES(sold_out), free_shipping=VALUES(free_shipping), list_price=VALUES(list_price), sale_price=VALUES(sale_price), author_bio=VALUES(author_bio), book_description=VALUES(book_description);
INSERT INTO book (isbn, title, subtitle, author, image_url, published_date, publisher) VALUES ('9788929505813', '(The) Kitchen and Delicious Meals', 'thekitchenanddeliciousmeals', '[전소희 지음]', NULL, '2023-12-12', NULL) ON DUPLICATE KEY UPDATE title=VALUES(title), subtitle=VALUES(subtitle), author=VALUES(author), image_url=VALUES(image_url), published_date=VALUES(published_date), publisher=VALUES(publisher);
INSERT INTO book_detail (isbn, sold_out, free_shipping, list_price, sale_price, author_bio, book_description) VALUES ('9788929505813', 0, 0, NULL, NULL, '[전소희 지음]에 대한 간단 소개입니다.', '(The) Kitchen and Delicious Meals — thekitchenanddeliciousmeals에 대한 자동 생성 소개입니다.') ON DUPLICATE KEY UPDATE sold_out=VALUES(sold_out), free_shipping=VALUES(free_shipping), list_price=VALUES(list_price), sale_price=VALUES(sale_price), author_bio=VALUES(author_bio), book_description=VALUES(book_description);
INSERT INTO book (isbn, title, subtitle, author, image_url, published_date, publisher) VALUES ('9788929505684', '(The) Living Room', 'thelivingroom', '[전소희 지음]', NULL, '2024-05-04', NULL) ON DUPLICATE KEY UPDATE title=VALUES(title), subtitle=VALUES(subtitle), author=VALUES(author), image_url=VALUES(image_url), published_date=VALUES(published_date), publisher=VALUES(publisher);
INSERT INTO book_detail (isbn, sold_out, free_shipping, list_price, sale_price, author_bio, book_description) VALUES ('9788929505684', 0, 0, NULL, NULL, '[전소희 지음]에 대한 간단 소개입니다.', '(The) Living Room — thelivingroom에 대한 자동 생성 소개입니다.') ON DUPLICATE KEY UPDATE sold_out=VALUES(sold_out), free_shipping=VALUES(free_shipping), list_price=VALUES(list_price), sale_price=VALUES(sale_price), author_bio=VALUES(author_bio), book_description=VALUES(book_description);
INSERT INTO book (isbn, title, subtitle, author, image_url, published_date, publisher) VALUES ('9791163046028', '아마존 800 연맹', '아마존800연맹', '쥘 베른 (지은이)', 'https://image.aladin.co.kr/product/10189/93/cover/e862430021_1.jpg', '2017-01-09', '유페이퍼') ON DUPLICATE KEY UPDATE title=VALUES(title), subtitle=VALUES(subtitle), author=VALUES(author), image_url=VALUES(image_url), published_date=VALUES(published_date), publisher=VALUES(publisher);
INSERT INTO book_detail (isbn, sold_out, free_shipping, list_price, sale_price, author_bio, book_description) VALUES ('9791163046028', 0, 0, 500, 500, '쥘 베른 (지은이)에 대한 간단 소개입니다.', '아마존 800 연맹 《원어민이 영어로 읽어 주는 문학: Eight Hundred Leagues on the Amazon》  그는 《지구 속 여행》(1864), 《해저 2만리》(1870), 《80일간의 세계 일주》(1873)과 같은 소설로 유명하다. 베른은 이미 비행기나 잠수함, 우주선이 만들어지고 상용화되기 전에 우주, 하늘, 해저 여행에 대한...') ON DUPLICATE KEY UPDATE sold_out=VALUES(sold_out), free_shipping=VALUES(free_shipping), list_price=VALUES(list_price), sale_price=VALUES(sale_price), author_bio=VALUES(author_bio), book_description=VALUES(book_description);
INSERT INTO book (isbn, title, subtitle, author, image_url, published_date, publisher) VALUES ('9791163045953', '니콜라스 니클비', '니콜라스니클비', '찰스 디킨스 (지은이)', 'https://image.aladin.co.kr/product/10189/93/cover/e052430022_1.jpg', '2017-01-09', '유페이퍼') ON DUPLICATE KEY UPDATE title=VALUES(title), subtitle=VALUES(subtitle), author=VALUES(author), image_url=VALUES(image_url), published_date=VALUES(published_date), publisher=VALUES(publisher);
INSERT INTO book_detail (isbn, sold_out, free_shipping, list_price, sale_price, author_bio, book_description) VALUES ('9791163045953', 0, 0, 500, 500, '찰스 디킨스 (지은이)에 대한 간단 소개입니다.', '니콜라스 니클비 《원어민이 영어로 읽어 주는 문학: Nicholas Nickleby》2002년 동일 원작으로 영화로 제작되었으며유명 배우 &quot;앤 해서웨이&quot;가 조연을 받은 작품이다.《니콜라스 니클비》(영어: Nicholas Nickleby)는 영국의 소설가 찰스 디킨스의 작품이다.빅토리아 시대에 활동한 영국...') ON DUPLICATE KEY UPDATE sold_out=VALUES(sold_out), free_shipping=VALUES(free_shipping), list_price=VALUES(list_price), sale_price=VALUES(sale_price), author_bio=VALUES(author_bio), book_description=VALUES(book_description);
INSERT INTO book (isbn, title, subtitle, author, image_url, published_date, publisher) VALUES ('9791163046080', '에벨리나', '에벨리나', '패니 버니(Fanny Burney) (지은이)', 'https://image.aladin.co.kr/product/10189/93/cover/e782430021_1.jpg', '2017-01-09', '유페이퍼') ON DUPLICATE KEY UPDATE title=VALUES(title), subtitle=VALUES(subtitle), author=VALUES(author), image_url=VALUES(image_url), published_date=VALUES(published_date), publisher=VALUES(publisher);
INSERT INTO book_detail (isbn, sold_out, free_shipping, list_price, sale_price, author_bio, book_description) VALUES ('9791163046080', 0, 0, 500, 500, '패니 버니(Fanny Burney) (지은이)에 대한 간단 소개입니다.', '에벨리나 《원어민이 영어로 읽어 주는 문학: Evelina》 패니 버니(Fanny Burney)라는 애칭으로 알려져 있다. 젊을 때부터 S.존슨 등의 문학 서클에 참가하였으며, 《에블리나》(1778)로 명성을 얻었다. 그후, 처음으로 사회에 나서는 순진한 소녀의 체험을 그린 가정소설만을 줄곧 써서, J.오스틴에게...') ON DUPLICATE KEY UPDATE sold_out=VALUES(sold_out), free_shipping=VALUES(free_shipping), list_price=VALUES(list_price), sale_price=VALUES(sale_price), author_bio=VALUES(author_bio), book_description=VALUES(book_description);
INSERT INTO book (isbn, title, subtitle, author, image_url, published_date, publisher) VALUES ('9791163045861', '필경사 바틀비', '필경사바틀비', '허먼 멜빌 (지은이)', 'https://image.aladin.co.kr/product/10189/94/cover/e292430022_1.jpg', '2017-01-11', '유페이퍼') ON DUPLICATE KEY UPDATE title=VALUES(title), subtitle=VALUES(subtitle), author=VALUES(author), image_url=VALUES(image_url), published_date=VALUES(published_date), publisher=VALUES(publisher);
INSERT INTO book_detail (isbn, sold_out, free_shipping, list_price, sale_price, author_bio, book_description) VALUES ('9791163045861', 0, 0, 500, 500, '허먼 멜빌 (지은이)에 대한 간단 소개입니다.', '필경사 바틀비 《원어민이 영어로 읽어 주는 문학: Bartleby the Scrivener》 필경사 바틀비(Bartleby, the Scrivener)는 미국 작가 허먼 멜빌의 단편 소설이며 1853년 베트남잡지의 11월, 12월 이슈를 두 부분에서 익명으로 연재했고, 1856년에 그의 Piazza Tales에서 작은 텍스트 변경과 함께 재출판되었다....') ON DUPLICATE KEY UPDATE sold_out=VALUES(sold_out), free_shipping=VALUES(free_shipping), list_price=VALUES(list_price), sale_price=VALUES(sale_price), author_bio=VALUES(author_bio), book_description=VALUES(book_description);
INSERT INTO book (isbn, title, subtitle, author, image_url, published_date, publisher) VALUES ('9791191843101', '커플이 꼭 봐야할 싸움의 기술', '커플이꼭봐야할싸움의기술', '엘스카이 (지은이)', 'https://image.aladin.co.kr/product/27671/33/cover/e502538338_1.jpg', '2021-07-31', 'AN 엔터테인먼트') ON DUPLICATE KEY UPDATE title=VALUES(title), subtitle=VALUES(subtitle), author=VALUES(author), image_url=VALUES(image_url), published_date=VALUES(published_date), publisher=VALUES(publisher);
INSERT INTO book_detail (isbn, sold_out, free_shipping, list_price, sale_price, author_bio, book_description) VALUES ('9791191843101', 0, 0, 3300, 3300, '엘스카이 (지은이)에 대한 간단 소개입니다.', '커플들은 왜, 싸우는 것일까? 첫 번째는 싱글이 아니라 커플이기 때문에 싸우는 것이다. 커플은 사랑하고 싶어서 만난 관계이기도 하지만, 만났기 때문에 싸움도 하는 것이다. 따라서 커플 속에는 사랑도 있고, 싸움도 있는 것이다. 그렇기 때문에 싸움을 심각하게 생각할 필요는 없다. 싸움은 커플 속에서...') ON DUPLICATE KEY UPDATE sold_out=VALUES(sold_out), free_shipping=VALUES(free_shipping), list_price=VALUES(list_price), sale_price=VALUES(sale_price), author_bio=VALUES(author_bio), book_description=VALUES(book_description);
INSERT INTO book (isbn, title, subtitle, author, image_url, published_date, publisher) VALUES ('9791165283063', '십대에 꼭 했으면 좋았을 것들 2 - 부모님과 친구들과 잘 지내자', '십대에꼭했으면좋았을것들2부모님과친구들과잘지내자', '가야마 유지 (지은이)', 'https://image.aladin.co.kr/product/24611/40/cover/e322537413_1.jpg', '2020-07-13', '북아띠') ON DUPLICATE KEY UPDATE title=VALUES(title), subtitle=VALUES(subtitle), author=VALUES(author), image_url=VALUES(image_url), published_date=VALUES(published_date), publisher=VALUES(publisher);
INSERT INTO book_detail (isbn, sold_out, free_shipping, list_price, sale_price, author_bio, book_description) VALUES ('9791165283063', 0, 0, 1250, 1250, '가야마 유지 (지은이)에 대한 간단 소개입니다.', '이 책은 십대들의 마음속 고민과 의문들에 해법을 제시한다. 요즘 십대들은 입시에 시달리면서 자신에 대해 알아갈 시간도, 미래에 대해 고민할 시간도 빼앗기고 있다. 하지만 미래에 대해 수많은 생각과 꿈 그리고 공포감을 갖고 살아간다. 그럼에도 불구하고 이들이 어른에게 자신의 고민을 토로하면, 공부를...') ON DUPLICATE KEY UPDATE sold_out=VALUES(sold_out), free_shipping=VALUES(free_shipping), list_price=VALUES(list_price), sale_price=VALUES(sale_price), author_bio=VALUES(author_bio), book_description=VALUES(book_description);
INSERT INTO book (isbn, title, subtitle, author, image_url, published_date, publisher) VALUES ('9791165283056', '십대에 꼭 했으면 좋았을 것들 1 - 공부와 장래의 생각', '십대에꼭했으면좋았을것들1공부와장래의생각', '가야마 유지 (지은이)', 'https://image.aladin.co.kr/product/24611/40/cover/e372537413_1.jpg', '2020-07-13', '북아띠') ON DUPLICATE KEY UPDATE title=VALUES(title), subtitle=VALUES(subtitle), author=VALUES(author), image_url=VALUES(image_url), published_date=VALUES(published_date), publisher=VALUES(publisher);
INSERT INTO book_detail (isbn, sold_out, free_shipping, list_price, sale_price, author_bio, book_description) VALUES ('9791165283056', 0, 0, 1250, 1250, '가야마 유지 (지은이)에 대한 간단 소개입니다.', '이 책은 십대들의 마음속 고민과 의문들에 해법을 제시한다. 요즘 십대들은 입시에 시달리면서 자신에 대해 알아갈 시간도, 미래에 대해 고민할 시간도 빼앗기고 있다. 하지만 미래에 대해 수많은 생각과 꿈 그리고 공포감을 갖고 살아간다. 그럼에도 불구하고 이들이 어른에게 자신의 고민을 토로하면, 공부를...') ON DUPLICATE KEY UPDATE sold_out=VALUES(sold_out), free_shipping=VALUES(free_shipping), list_price=VALUES(list_price), sale_price=VALUES(sale_price), author_bio=VALUES(author_bio), book_description=VALUES(book_description);
INSERT INTO book (isbn, title, subtitle, author, image_url, published_date, publisher) VALUES ('9788929503901', 'Elephant Helicopter', 'elephanthelicopter', '[블루앤트리 편집부 지음]', NULL, '2023-12-29', NULL) ON DUPLICATE KEY UPDATE title=VALUES(title), subtitle=VALUES(subtitle), author=VALUES(author), image_url=VALUES(image_url), published_date=VALUES(published_date), publisher=VALUES(publisher);
INSERT INTO book_detail (isbn, sold_out, free_shipping, list_price, sale_price, author_bio, book_description) VALUES ('9788929503901', 0, 0, NULL, NULL, '[블루앤트리 편집부 지음]에 대한 간단 소개입니다.', 'Elephant Helicopter — elephanthelicopter에 대한 자동 생성 소개입니다.') ON DUPLICATE KEY UPDATE sold_out=VALUES(sold_out), free_shipping=VALUES(free_shipping), list_price=VALUES(list_price), sale_price=VALUES(sale_price), author_bio=VALUES(author_bio), book_description=VALUES(book_description);
INSERT INTO book (isbn, title, subtitle, author, image_url, published_date, publisher) VALUES ('9788929505479', 'Find Ali Baba''s House!', 'findalibabashouse', '[블루앤트리 편집부 지음]', NULL, '2022-06-17', NULL) ON DUPLICATE KEY UPDATE title=VALUES(title), subtitle=VALUES(subtitle), author=VALUES(author), image_url=VALUES(image_url), published_date=VALUES(published_date), publisher=VALUES(publisher);
INSERT INTO book_detail (isbn, sold_out, free_shipping, list_price, sale_price, author_bio, book_description) VALUES ('9788929505479', 0, 0, NULL, NULL, '[블루앤트리 편집부 지음]에 대한 간단 소개입니다.', 'Find Ali Baba''s House! — findalibabashouse에 대한 자동 생성 소개입니다.') ON DUPLICATE KEY UPDATE sold_out=VALUES(sold_out), free_shipping=VALUES(free_shipping), list_price=VALUES(list_price), sale_price=VALUES(sale_price), author_bio=VALUES(author_bio), book_description=VALUES(book_description);
INSERT INTO book (isbn, title, subtitle, author, image_url, published_date, publisher) VALUES ('9788929504564', 'Grandma''s Magic Pouch', 'grandmasmagicpouch', '[블루앤트리 편집부 제작]', NULL, '2024-01-16', NULL) ON DUPLICATE KEY UPDATE title=VALUES(title), subtitle=VALUES(subtitle), author=VALUES(author), image_url=VALUES(image_url), published_date=VALUES(published_date), publisher=VALUES(publisher);
INSERT INTO book_detail (isbn, sold_out, free_shipping, list_price, sale_price, author_bio, book_description) VALUES ('9788929504564', 0, 0, NULL, NULL, '[블루앤트리 편집부 제작]에 대한 간단 소개입니다.', 'Grandma''s Magic Pouch — grandmasmagicpouch에 대한 자동 생성 소개입니다.') ON DUPLICATE KEY UPDATE sold_out=VALUES(sold_out), free_shipping=VALUES(free_shipping), list_price=VALUES(list_price), sale_price=VALUES(sale_price), author_bio=VALUES(author_bio), book_description=VALUES(book_description);
INSERT INTO book (isbn, title, subtitle, author, image_url, published_date, publisher) VALUES ('9788929505691', '(The) Bathroom', 'thebathroom', '[전소희 지음]', NULL, '2025-01-08', NULL) ON DUPLICATE KEY UPDATE title=VALUES(title), subtitle=VALUES(subtitle), author=VALUES(author), image_url=VALUES(image_url), published_date=VALUES(published_date), publisher=VALUES(publisher);
INSERT INTO book_detail (isbn, sold_out, free_shipping, list_price, sale_price, author_bio, book_description) VALUES ('9788929505691', 0, 0, NULL, NULL, '[전소희 지음]에 대한 간단 소개입니다.', '(The) Bathroom — thebathroom에 대한 자동 생성 소개입니다.') ON DUPLICATE KEY UPDATE sold_out=VALUES(sold_out), free_shipping=VALUES(free_shipping), list_price=VALUES(list_price), sale_price=VALUES(sale_price), author_bio=VALUES(author_bio), book_description=VALUES(book_description);
INSERT INTO book (isbn, title, subtitle, author, image_url, published_date, publisher) VALUES ('9788929506452', '(The) Kitchen', 'thekitchen', '[전소희 지음]', NULL, '2023-10-28', NULL) ON DUPLICATE KEY UPDATE title=VALUES(title), subtitle=VALUES(subtitle), author=VALUES(author), image_url=VALUES(image_url), published_date=VALUES(published_date), publisher=VALUES(publisher);
INSERT INTO book_detail (isbn, sold_out, free_shipping, list_price, sale_price, author_bio, book_description) VALUES ('9788929506452', 0, 0, NULL, NULL, '[전소희 지음]에 대한 간단 소개입니다.', '(The) Kitchen — thekitchen에 대한 자동 생성 소개입니다.') ON DUPLICATE KEY UPDATE sold_out=VALUES(sold_out), free_shipping=VALUES(free_shipping), list_price=VALUES(list_price), sale_price=VALUES(sale_price), author_bio=VALUES(author_bio), book_description=VALUES(book_description);
INSERT INTO book (isbn, title, subtitle, author, image_url, published_date, publisher) VALUES ('9788929506469', 'Delicious Meals', 'deliciousmeals', '[전소희 지음]', NULL, '2023-12-31', NULL) ON DUPLICATE KEY UPDATE title=VALUES(title), subtitle=VALUES(subtitle), author=VALUES(author), image_url=VALUES(image_url), published_date=VALUES(published_date), publisher=VALUES(publisher);
INSERT INTO book_detail (isbn, sold_out, free_shipping, list_price, sale_price, author_bio, book_description) VALUES ('9788929506469', 0, 0, NULL, NULL, '[전소희 지음]에 대한 간단 소개입니다.', 'Delicious Meals — deliciousmeals에 대한 자동 생성 소개입니다.') ON DUPLICATE KEY UPDATE sold_out=VALUES(sold_out), free_shipping=VALUES(free_shipping), list_price=VALUES(list_price), sale_price=VALUES(sale_price), author_bio=VALUES(author_bio), book_description=VALUES(book_description);
INSERT INTO book (isbn, title, subtitle, author, image_url, published_date, publisher) VALUES ('9788929506476', 'Let''s Eat out!', 'letseatout', '[전소희 지음]', NULL, '2024-02-27', NULL) ON DUPLICATE KEY UPDATE title=VALUES(title), subtitle=VALUES(subtitle), author=VALUES(author), image_url=VALUES(image_url), published_date=VALUES(published_date), publisher=VALUES(publisher);
INSERT INTO book_detail (isbn, sold_out, free_shipping, list_price, sale_price, author_bio, book_description) VALUES ('9788929506476', 0, 0, NULL, NULL, '[전소희 지음]에 대한 간단 소개입니다.', 'Let''s Eat out! — letseatout에 대한 자동 생성 소개입니다.') ON DUPLICATE KEY UPDATE sold_out=VALUES(sold_out), free_shipping=VALUES(free_shipping), list_price=VALUES(list_price), sale_price=VALUES(sale_price), author_bio=VALUES(author_bio), book_description=VALUES(book_description);
INSERT INTO book (isbn, title, subtitle, author, image_url, published_date, publisher) VALUES ('9788929505707', 'Sweet Dessert', 'sweetdessert', '[전소희 지음]', NULL, '2023-10-28', NULL) ON DUPLICATE KEY UPDATE title=VALUES(title), subtitle=VALUES(subtitle), author=VALUES(author), image_url=VALUES(image_url), published_date=VALUES(published_date), publisher=VALUES(publisher);
INSERT INTO book_detail (isbn, sold_out, free_shipping, list_price, sale_price, author_bio, book_description) VALUES ('9788929505707', 0, 0, NULL, NULL, '[전소희 지음]에 대한 간단 소개입니다.', 'Sweet Dessert — sweetdessert에 대한 자동 생성 소개입니다.') ON DUPLICATE KEY UPDATE sold_out=VALUES(sold_out), free_shipping=VALUES(free_shipping), list_price=VALUES(list_price), sale_price=VALUES(sale_price), author_bio=VALUES(author_bio), book_description=VALUES(book_description);
INSERT INTO book (isbn, title, subtitle, author, image_url, published_date, publisher) VALUES ('9788929505714', 'Fresh Fruits', 'freshfruits', '[전소희 지음]', NULL, '2022-06-07', NULL) ON DUPLICATE KEY UPDATE title=VALUES(title), subtitle=VALUES(subtitle), author=VALUES(author), image_url=VALUES(image_url), published_date=VALUES(published_date), publisher=VALUES(publisher);
INSERT INTO book_detail (isbn, sold_out, free_shipping, list_price, sale_price, author_bio, book_description) VALUES ('9788929505714', 0, 0, NULL, NULL, '[전소희 지음]에 대한 간단 소개입니다.', 'Fresh Fruits — freshfruits에 대한 자동 생성 소개입니다.') ON DUPLICATE KEY UPDATE sold_out=VALUES(sold_out), free_shipping=VALUES(free_shipping), list_price=VALUES(list_price), sale_price=VALUES(sale_price), author_bio=VALUES(author_bio), book_description=VALUES(book_description);
INSERT INTO book (isbn, title, subtitle, author, image_url, published_date, publisher) VALUES ('9788929505721', 'Healthy Vegetables', 'healthyvegetables', '[전소희 지음]', NULL, '2022-01-13', NULL) ON DUPLICATE KEY UPDATE title=VALUES(title), subtitle=VALUES(subtitle), author=VALUES(author), image_url=VALUES(image_url), published_date=VALUES(published_date), publisher=VALUES(publisher);
INSERT INTO book_detail (isbn, sold_out, free_shipping, list_price, sale_price, author_bio, book_description) VALUES ('9788929505721', 0, 0, NULL, NULL, '[전소희 지음]에 대한 간단 소개입니다.', 'Healthy Vegetables — healthyvegetables에 대한 자동 생성 소개입니다.') ON DUPLICATE KEY UPDATE sold_out=VALUES(sold_out), free_shipping=VALUES(free_shipping), list_price=VALUES(list_price), sale_price=VALUES(sale_price), author_bio=VALUES(author_bio), book_description=VALUES(book_description);
INSERT INTO book (isbn, title, subtitle, author, image_url, published_date, publisher) VALUES ('9788929505820', 'My Clothes', 'myclothes', '[전소희 지음]', NULL, '2023-04-19', NULL) ON DUPLICATE KEY UPDATE title=VALUES(title), subtitle=VALUES(subtitle), author=VALUES(author), image_url=VALUES(image_url), published_date=VALUES(published_date), publisher=VALUES(publisher);
INSERT INTO book_detail (isbn, sold_out, free_shipping, list_price, sale_price, author_bio, book_description) VALUES ('9788929505820', 0, 0, NULL, NULL, '[전소희 지음]에 대한 간단 소개입니다.', 'My Clothes — myclothes에 대한 자동 생성 소개입니다.') ON DUPLICATE KEY UPDATE sold_out=VALUES(sold_out), free_shipping=VALUES(free_shipping), list_price=VALUES(list_price), sale_price=VALUES(sale_price), author_bio=VALUES(author_bio), book_description=VALUES(book_description);
INSERT INTO book (isbn, title, subtitle, author, image_url, published_date, publisher) VALUES ('9788929505776', 'Various Shapes', 'variousshapes', '[전소희 지음]', NULL, '2025-01-01', NULL) ON DUPLICATE KEY UPDATE title=VALUES(title), subtitle=VALUES(subtitle), author=VALUES(author), image_url=VALUES(image_url), published_date=VALUES(published_date), publisher=VALUES(publisher);
INSERT INTO book_detail (isbn, sold_out, free_shipping, list_price, sale_price, author_bio, book_description) VALUES ('9788929505776', 0, 0, NULL, NULL, '[전소희 지음]에 대한 간단 소개입니다.', 'Various Shapes — variousshapes에 대한 자동 생성 소개입니다.') ON DUPLICATE KEY UPDATE sold_out=VALUES(sold_out), free_shipping=VALUES(free_shipping), list_price=VALUES(list_price), sale_price=VALUES(sale_price), author_bio=VALUES(author_bio), book_description=VALUES(book_description);
INSERT INTO book (isbn, title, subtitle, author, image_url, published_date, publisher) VALUES ('9788929505790', 'Various Colors', 'variouscolors', '[전소희 지음]', NULL, '2022-05-30', NULL) ON DUPLICATE KEY UPDATE title=VALUES(title), subtitle=VALUES(subtitle), author=VALUES(author), image_url=VALUES(image_url), published_date=VALUES(published_date), publisher=VALUES(publisher);
INSERT INTO book_detail (isbn, sold_out, free_shipping, list_price, sale_price, author_bio, book_description) VALUES ('9788929505790', 0, 0, NULL, NULL, '[전소희 지음]에 대한 간단 소개입니다.', 'Various Colors — variouscolors에 대한 자동 생성 소개입니다.') ON DUPLICATE KEY UPDATE sold_out=VALUES(sold_out), free_shipping=VALUES(free_shipping), list_price=VALUES(list_price), sale_price=VALUES(sale_price), author_bio=VALUES(author_bio), book_description=VALUES(book_description);
INSERT INTO book (isbn, title, subtitle, author, image_url, published_date, publisher) VALUES ('9788929505806', 'Months and Days', 'monthsanddays', '[전소희 지음]', NULL, '2023-12-25', NULL) ON DUPLICATE KEY UPDATE title=VALUES(title), subtitle=VALUES(subtitle), author=VALUES(author), image_url=VALUES(image_url), published_date=VALUES(published_date), publisher=VALUES(publisher);
INSERT INTO book_detail (isbn, sold_out, free_shipping, list_price, sale_price, author_bio, book_description) VALUES ('9788929505806', 0, 0, NULL, NULL, '[전소희 지음]에 대한 간단 소개입니다.', 'Months and Days — monthsanddays에 대한 자동 생성 소개입니다.') ON DUPLICATE KEY UPDATE sold_out=VALUES(sold_out), free_shipping=VALUES(free_shipping), list_price=VALUES(list_price), sale_price=VALUES(sale_price), author_bio=VALUES(author_bio), book_description=VALUES(book_description);
INSERT INTO book (isbn, title, subtitle, author, image_url, published_date, publisher) VALUES ('9788929506483', 'What Time Is It?', 'whattimeisit', '[전소희 지음]', NULL, '2025-07-17', NULL) ON DUPLICATE KEY UPDATE title=VALUES(title), subtitle=VALUES(subtitle), author=VALUES(author), image_url=VALUES(image_url), published_date=VALUES(published_date), publisher=VALUES(publisher);
INSERT INTO book_detail (isbn, sold_out, free_shipping, list_price, sale_price, author_bio, book_description) VALUES ('9788929506483', 0, 0, NULL, NULL, '[전소희 지음]에 대한 간단 소개입니다.', 'What Time Is It? — whattimeisit에 대한 자동 생성 소개입니다.') ON DUPLICATE KEY UPDATE sold_out=VALUES(sold_out), free_shipping=VALUES(free_shipping), list_price=VALUES(list_price), sale_price=VALUES(sale_price), author_bio=VALUES(author_bio), book_description=VALUES(book_description);
INSERT INTO book (isbn, title, subtitle, author, image_url, published_date, publisher) VALUES ('9788929506209', '(The) Mystery of Nature', 'themysteryofnature', '[전소희 지음]', NULL, '2023-08-30', NULL) ON DUPLICATE KEY UPDATE title=VALUES(title), subtitle=VALUES(subtitle), author=VALUES(author), image_url=VALUES(image_url), published_date=VALUES(published_date), publisher=VALUES(publisher);
INSERT INTO book_detail (isbn, sold_out, free_shipping, list_price, sale_price, author_bio, book_description) VALUES ('9788929506209', 0, 0, NULL, NULL, '[전소희 지음]에 대한 간단 소개입니다.', '(The) Mystery of Nature — themysteryofnature에 대한 자동 생성 소개입니다.') ON DUPLICATE KEY UPDATE sold_out=VALUES(sold_out), free_shipping=VALUES(free_shipping), list_price=VALUES(list_price), sale_price=VALUES(sale_price), author_bio=VALUES(author_bio), book_description=VALUES(book_description);
INSERT INTO book (isbn, title, subtitle, author, image_url, published_date, publisher) VALUES ('9788929506216', '(The) Mystery of Nature', 'themysteryofnature', '[전소희 지음]', NULL, '2022-04-13', NULL) ON DUPLICATE KEY UPDATE title=VALUES(title), subtitle=VALUES(subtitle), author=VALUES(author), image_url=VALUES(image_url), published_date=VALUES(published_date), publisher=VALUES(publisher);
INSERT INTO book_detail (isbn, sold_out, free_shipping, list_price, sale_price, author_bio, book_description) VALUES ('9788929506216', 0, 0, NULL, NULL, '[전소희 지음]에 대한 간단 소개입니다.', '(The) Mystery of Nature — themysteryofnature에 대한 자동 생성 소개입니다.') ON DUPLICATE KEY UPDATE sold_out=VALUES(sold_out), free_shipping=VALUES(free_shipping), list_price=VALUES(list_price), sale_price=VALUES(sale_price), author_bio=VALUES(author_bio), book_description=VALUES(book_description);
INSERT INTO book (isbn, title, subtitle, author, image_url, published_date, publisher) VALUES ('9788929505783', '(The) Playground', 'theplayground', '[전소희 지음]', NULL, '2025-03-29', NULL) ON DUPLICATE KEY UPDATE title=VALUES(title), subtitle=VALUES(subtitle), author=VALUES(author), image_url=VALUES(image_url), published_date=VALUES(published_date), publisher=VALUES(publisher);
INSERT INTO book_detail (isbn, sold_out, free_shipping, list_price, sale_price, author_bio, book_description) VALUES ('9788929505783', 0, 0, NULL, NULL, '[전소희 지음]에 대한 간단 소개입니다.', '(The) Playground — theplayground에 대한 자동 생성 소개입니다.') ON DUPLICATE KEY UPDATE sold_out=VALUES(sold_out), free_shipping=VALUES(free_shipping), list_price=VALUES(list_price), sale_price=VALUES(sale_price), author_bio=VALUES(author_bio), book_description=VALUES(book_description);
INSERT INTO book (isbn, title, subtitle, author, image_url, published_date, publisher) VALUES ('9788929505738', 'Fun Sports', 'funsports', '[전소희 지음]', NULL, '2024-08-17', NULL) ON DUPLICATE KEY UPDATE title=VALUES(title), subtitle=VALUES(subtitle), author=VALUES(author), image_url=VALUES(image_url), published_date=VALUES(published_date), publisher=VALUES(publisher);
INSERT INTO book_detail (isbn, sold_out, free_shipping, list_price, sale_price, author_bio, book_description) VALUES ('9788929505738', 0, 0, NULL, NULL, '[전소희 지음]에 대한 간단 소개입니다.', 'Fun Sports — funsports에 대한 자동 생성 소개입니다.') ON DUPLICATE KEY UPDATE sold_out=VALUES(sold_out), free_shipping=VALUES(free_shipping), list_price=VALUES(list_price), sale_price=VALUES(sale_price), author_bio=VALUES(author_bio), book_description=VALUES(book_description);
INSERT INTO book (isbn, title, subtitle, author, image_url, published_date, publisher) VALUES ('9788929506490', 'Let''s Read Music!', 'letsreadmusic', '[전소희 지음]', NULL, '2023-06-03', NULL) ON DUPLICATE KEY UPDATE title=VALUES(title), subtitle=VALUES(subtitle), author=VALUES(author), image_url=VALUES(image_url), published_date=VALUES(published_date), publisher=VALUES(publisher);
INSERT INTO book_detail (isbn, sold_out, free_shipping, list_price, sale_price, author_bio, book_description) VALUES ('9788929506490', 0, 0, NULL, NULL, '[전소희 지음]에 대한 간단 소개입니다.', 'Let''s Read Music! — letsreadmusic에 대한 자동 생성 소개입니다.') ON DUPLICATE KEY UPDATE sold_out=VALUES(sold_out), free_shipping=VALUES(free_shipping), list_price=VALUES(list_price), sale_price=VALUES(sale_price), author_bio=VALUES(author_bio), book_description=VALUES(book_description);
INSERT INTO book (isbn, title, subtitle, author, image_url, published_date, publisher) VALUES ('9788929506223', 'Let''s Play Instrumets', 'letsplayinstrumets', '[전소희 지음]', NULL, '2025-06-19', NULL) ON DUPLICATE KEY UPDATE title=VALUES(title), subtitle=VALUES(subtitle), author=VALUES(author), image_url=VALUES(image_url), published_date=VALUES(published_date), publisher=VALUES(publisher);
INSERT INTO book_detail (isbn, sold_out, free_shipping, list_price, sale_price, author_bio, book_description) VALUES ('9788929506223', 0, 0, NULL, NULL, '[전소희 지음]에 대한 간단 소개입니다.', 'Let''s Play Instrumets — letsplayinstrumets에 대한 자동 생성 소개입니다.') ON DUPLICATE KEY UPDATE sold_out=VALUES(sold_out), free_shipping=VALUES(free_shipping), list_price=VALUES(list_price), sale_price=VALUES(sale_price), author_bio=VALUES(author_bio), book_description=VALUES(book_description);
INSERT INTO book (isbn, title, subtitle, author, image_url, published_date, publisher) VALUES ('9788929506247', 'Happy Birthday', 'happybirthday', '[전소희 지음]', NULL, '2025-05-12', NULL) ON DUPLICATE KEY UPDATE title=VALUES(title), subtitle=VALUES(subtitle), author=VALUES(author), image_url=VALUES(image_url), published_date=VALUES(published_date), publisher=VALUES(publisher);
INSERT INTO book_detail (isbn, sold_out, free_shipping, list_price, sale_price, author_bio, book_description) VALUES ('9788929506247', 0, 0, NULL, NULL, '[전소희 지음]에 대한 간단 소개입니다.', 'Happy Birthday — happybirthday에 대한 자동 생성 소개입니다.') ON DUPLICATE KEY UPDATE sold_out=VALUES(sold_out), free_shipping=VALUES(free_shipping), list_price=VALUES(list_price), sale_price=VALUES(sale_price), author_bio=VALUES(author_bio), book_description=VALUES(book_description);
INSERT INTO book (isbn, title, subtitle, author, image_url, published_date, publisher) VALUES ('9788929506506', 'Merry Christmas!', 'merrychristmas', '[전소희 지음]', NULL, '2023-04-07', NULL) ON DUPLICATE KEY UPDATE title=VALUES(title), subtitle=VALUES(subtitle), author=VALUES(author), image_url=VALUES(image_url), published_date=VALUES(published_date), publisher=VALUES(publisher);
INSERT INTO book_detail (isbn, sold_out, free_shipping, list_price, sale_price, author_bio, book_description) VALUES ('9788929506506', 0, 0, NULL, NULL, '[전소희 지음]에 대한 간단 소개입니다.', 'Merry Christmas! — merrychristmas에 대한 자동 생성 소개입니다.') ON DUPLICATE KEY UPDATE sold_out=VALUES(sold_out), free_shipping=VALUES(free_shipping), list_price=VALUES(list_price), sale_price=VALUES(sale_price), author_bio=VALUES(author_bio), book_description=VALUES(book_description);
INSERT INTO book (isbn, title, subtitle, author, image_url, published_date, publisher) VALUES ('9791195115587', '시사요정 김어준, 그의 강점은?', '시사요정김어준,그의강점은', '강지호 (지은이)', 'https://image.aladin.co.kr/product/12253/74/cover/e132432466_1.jpg', '2017-11-07', '글힘말힘') ON DUPLICATE KEY UPDATE title=VALUES(title), subtitle=VALUES(subtitle), author=VALUES(author), image_url=VALUES(image_url), published_date=VALUES(published_date), publisher=VALUES(publisher);
INSERT INTO book_detail (isbn, sold_out, free_shipping, list_price, sale_price, author_bio, book_description) VALUES ('9791195115587', 0, 0, 4900, 4900, '강지호 (지은이)에 대한 간단 소개입니다.', '“ 난 어준이가 너무 좋아. 어준이의 그 쾌활한 웃음이 없으면 우리 국민이 참 서글플 거예요”도올 김용옥 선생이 김어준이 진행하는 교통방송의 &lt;뉴스공장&gt;에 출연하여 한 말이다. 김어준은 흥미로운 인물이다. 한마디로 정의내릴 수 없는 다면적, 다층적인 인물이다. &lt;시사요정 김어준, 그의...') ON DUPLICATE KEY UPDATE sold_out=VALUES(sold_out), free_shipping=VALUES(free_shipping), list_price=VALUES(list_price), sale_price=VALUES(sale_price), author_bio=VALUES(author_bio), book_description=VALUES(book_description);
INSERT INTO book (isbn, title, subtitle, author, image_url, published_date, publisher) VALUES ('9788929505097', 'Henri Rousseau', 'henrirousseau', '[블루앤트리 편집부 지음]', NULL, '2025-07-03', NULL) ON DUPLICATE KEY UPDATE title=VALUES(title), subtitle=VALUES(subtitle), author=VALUES(author), image_url=VALUES(image_url), published_date=VALUES(published_date), publisher=VALUES(publisher);
INSERT INTO book_detail (isbn, sold_out, free_shipping, list_price, sale_price, author_bio, book_description) VALUES ('9788929505097', 0, 0, NULL, NULL, '[블루앤트리 편집부 지음]에 대한 간단 소개입니다.', 'Henri Rousseau — henrirousseau에 대한 자동 생성 소개입니다.') ON DUPLICATE KEY UPDATE sold_out=VALUES(sold_out), free_shipping=VALUES(free_shipping), list_price=VALUES(list_price), sale_price=VALUES(sale_price), author_bio=VALUES(author_bio), book_description=VALUES(book_description);
INSERT INTO book (isbn, title, subtitle, author, image_url, published_date, publisher) VALUES ('9788929505448', 'Hey, Dongo! Let''s Play!', 'hey,dongoletsplay', '[블루앤트리 편집부 지음]', NULL, '2022-11-03', NULL) ON DUPLICATE KEY UPDATE title=VALUES(title), subtitle=VALUES(subtitle), author=VALUES(author), image_url=VALUES(image_url), published_date=VALUES(published_date), publisher=VALUES(publisher);
INSERT INTO book_detail (isbn, sold_out, free_shipping, list_price, sale_price, author_bio, book_description) VALUES ('9788929505448', 0, 0, NULL, NULL, '[블루앤트리 편집부 지음]에 대한 간단 소개입니다.', 'Hey, Dongo! Let''s Play! — hey,dongoletsplay에 대한 자동 생성 소개입니다.') ON DUPLICATE KEY UPDATE sold_out=VALUES(sold_out), free_shipping=VALUES(free_shipping), list_price=VALUES(list_price), sale_price=VALUES(sale_price), author_bio=VALUES(author_bio), book_description=VALUES(book_description);
INSERT INTO book (isbn, title, subtitle, author, image_url, published_date, publisher) VALUES ('9788929505004', 'Hey, It''s me!', 'hey,itsme', '[블루앤트리 편집부 지음]', NULL, '2023-11-20', NULL) ON DUPLICATE KEY UPDATE title=VALUES(title), subtitle=VALUES(subtitle), author=VALUES(author), image_url=VALUES(image_url), published_date=VALUES(published_date), publisher=VALUES(publisher);
INSERT INTO book_detail (isbn, sold_out, free_shipping, list_price, sale_price, author_bio, book_description) VALUES ('9788929505004', 0, 0, NULL, NULL, '[블루앤트리 편집부 지음]에 대한 간단 소개입니다.', 'Hey, It''s me! — hey,itsme에 대한 자동 생성 소개입니다.') ON DUPLICATE KEY UPDATE sold_out=VALUES(sold_out), free_shipping=VALUES(free_shipping), list_price=VALUES(list_price), sale_price=VALUES(sale_price), author_bio=VALUES(author_bio), book_description=VALUES(book_description);
INSERT INTO book (isbn, title, subtitle, author, image_url, published_date, publisher) VALUES ('9788929504519', 'Hide and Seek Math!', 'hideandseekmath', '[블루앤트리 편집부 제작]', NULL, '2022-07-15', NULL) ON DUPLICATE KEY UPDATE title=VALUES(title), subtitle=VALUES(subtitle), author=VALUES(author), image_url=VALUES(image_url), published_date=VALUES(published_date), publisher=VALUES(publisher);
INSERT INTO book_detail (isbn, sold_out, free_shipping, list_price, sale_price, author_bio, book_description) VALUES ('9788929504519', 0, 0, NULL, NULL, '[블루앤트리 편집부 제작]에 대한 간단 소개입니다.', 'Hide and Seek Math! — hideandseekmath에 대한 자동 생성 소개입니다.') ON DUPLICATE KEY UPDATE sold_out=VALUES(sold_out), free_shipping=VALUES(free_shipping), list_price=VALUES(list_price), sale_price=VALUES(sale_price), author_bio=VALUES(author_bio), book_description=VALUES(book_description);
INSERT INTO book (isbn, title, subtitle, author, image_url, published_date, publisher) VALUES ('9788929505509', 'I am a little diplomat', 'iamalittlediplomat', '[블루앤트리 편집부 제작]', NULL, '2023-10-25', NULL) ON DUPLICATE KEY UPDATE title=VALUES(title), subtitle=VALUES(subtitle), author=VALUES(author), image_url=VALUES(image_url), published_date=VALUES(published_date), publisher=VALUES(publisher);
INSERT INTO book_detail (isbn, sold_out, free_shipping, list_price, sale_price, author_bio, book_description) VALUES ('9788929505509', 0, 0, NULL, NULL, '[블루앤트리 편집부 제작]에 대한 간단 소개입니다.', 'I am a little diplomat — iamalittlediplomat에 대한 자동 생성 소개입니다.') ON DUPLICATE KEY UPDATE sold_out=VALUES(sold_out), free_shipping=VALUES(free_shipping), list_price=VALUES(list_price), sale_price=VALUES(sale_price), author_bio=VALUES(author_bio), book_description=VALUES(book_description);
INSERT INTO book (isbn, title, subtitle, author, image_url, published_date, publisher) VALUES ('9788929506513', 'School Supplies', 'schoolsupplies', '[전소희 지음]', NULL, '2024-01-24', NULL) ON DUPLICATE KEY UPDATE title=VALUES(title), subtitle=VALUES(subtitle), author=VALUES(author), image_url=VALUES(image_url), published_date=VALUES(published_date), publisher=VALUES(publisher);
INSERT INTO book_detail (isbn, sold_out, free_shipping, list_price, sale_price, author_bio, book_description) VALUES ('9788929506513', 0, 0, NULL, NULL, '[전소희 지음]에 대한 간단 소개입니다.', 'School Supplies — schoolsupplies에 대한 자동 생성 소개입니다.') ON DUPLICATE KEY UPDATE sold_out=VALUES(sold_out), free_shipping=VALUES(free_shipping), list_price=VALUES(list_price), sale_price=VALUES(sale_price), author_bio=VALUES(author_bio), book_description=VALUES(book_description);
INSERT INTO book (isbn, title, subtitle, author, image_url, published_date, publisher) VALUES ('9788929506520', 'Let''s Go to the Beach!', 'letsgotothebeach', '[전소희 지음]', NULL, '2024-04-11', NULL) ON DUPLICATE KEY UPDATE title=VALUES(title), subtitle=VALUES(subtitle), author=VALUES(author), image_url=VALUES(image_url), published_date=VALUES(published_date), publisher=VALUES(publisher);
INSERT INTO book_detail (isbn, sold_out, free_shipping, list_price, sale_price, author_bio, book_description) VALUES ('9788929506520', 0, 0, NULL, NULL, '[전소희 지음]에 대한 간단 소개입니다.', 'Let''s Go to the Beach! — letsgotothebeach에 대한 자동 생성 소개입니다.') ON DUPLICATE KEY UPDATE sold_out=VALUES(sold_out), free_shipping=VALUES(free_shipping), list_price=VALUES(list_price), sale_price=VALUES(sale_price), author_bio=VALUES(author_bio), book_description=VALUES(book_description);
INSERT INTO book (isbn, title, subtitle, author, image_url, published_date, publisher) VALUES ('9788929506537', 'Useful Things', 'usefulthings', '[전소희 지음]', NULL, '2025-01-07', NULL) ON DUPLICATE KEY UPDATE title=VALUES(title), subtitle=VALUES(subtitle), author=VALUES(author), image_url=VALUES(image_url), published_date=VALUES(published_date), publisher=VALUES(publisher);
INSERT INTO book_detail (isbn, sold_out, free_shipping, list_price, sale_price, author_bio, book_description) VALUES ('9788929506537', 0, 0, NULL, NULL, '[전소희 지음]에 대한 간단 소개입니다.', 'Useful Things — usefulthings에 대한 자동 생성 소개입니다.') ON DUPLICATE KEY UPDATE sold_out=VALUES(sold_out), free_shipping=VALUES(free_shipping), list_price=VALUES(list_price), sale_price=VALUES(sale_price), author_bio=VALUES(author_bio), book_description=VALUES(book_description);
INSERT INTO book (isbn, title, subtitle, author, image_url, published_date, publisher) VALUES ('9788929506230', 'Exciting Vehicles', 'excitingvehicles', '[전소희 지음]', NULL, '2025-06-24', NULL) ON DUPLICATE KEY UPDATE title=VALUES(title), subtitle=VALUES(subtitle), author=VALUES(author), image_url=VALUES(image_url), published_date=VALUES(published_date), publisher=VALUES(publisher);
INSERT INTO book_detail (isbn, sold_out, free_shipping, list_price, sale_price, author_bio, book_description) VALUES ('9788929506230', 0, 0, NULL, NULL, '[전소희 지음]에 대한 간단 소개입니다.', 'Exciting Vehicles — excitingvehicles에 대한 자동 생성 소개입니다.') ON DUPLICATE KEY UPDATE sold_out=VALUES(sold_out), free_shipping=VALUES(free_shipping), list_price=VALUES(list_price), sale_price=VALUES(sale_price), author_bio=VALUES(author_bio), book_description=VALUES(book_description);
INSERT INTO book (isbn, title, subtitle, author, image_url, published_date, publisher) VALUES ('9788929506544', 'What''s Your Dream?', 'whatsyourdream', '[전소희 지음]', NULL, '2025-03-14', NULL) ON DUPLICATE KEY UPDATE title=VALUES(title), subtitle=VALUES(subtitle), author=VALUES(author), image_url=VALUES(image_url), published_date=VALUES(published_date), publisher=VALUES(publisher);
INSERT INTO book_detail (isbn, sold_out, free_shipping, list_price, sale_price, author_bio, book_description) VALUES ('9788929506544', 0, 0, NULL, NULL, '[전소희 지음]에 대한 간단 소개입니다.', 'What''s Your Dream? — whatsyourdream에 대한 자동 생성 소개입니다.') ON DUPLICATE KEY UPDATE sold_out=VALUES(sold_out), free_shipping=VALUES(free_shipping), list_price=VALUES(list_price), sale_price=VALUES(sale_price), author_bio=VALUES(author_bio), book_description=VALUES(book_description);
INSERT INTO book (isbn, title, subtitle, author, image_url, published_date, publisher) VALUES ('9788929505745', 'Pets and Farm Animals', 'petsandfarmanimals', '[전소희 지음]', NULL, '2024-06-28', NULL) ON DUPLICATE KEY UPDATE title=VALUES(title), subtitle=VALUES(subtitle), author=VALUES(author), image_url=VALUES(image_url), published_date=VALUES(published_date), publisher=VALUES(publisher);
INSERT INTO book_detail (isbn, sold_out, free_shipping, list_price, sale_price, author_bio, book_description) VALUES ('9788929505745', 0, 0, NULL, NULL, '[전소희 지음]에 대한 간단 소개입니다.', 'Pets and Farm Animals — petsandfarmanimals에 대한 자동 생성 소개입니다.') ON DUPLICATE KEY UPDATE sold_out=VALUES(sold_out), free_shipping=VALUES(free_shipping), list_price=VALUES(list_price), sale_price=VALUES(sale_price), author_bio=VALUES(author_bio), book_description=VALUES(book_description);
INSERT INTO book (isbn, title, subtitle, author, image_url, published_date, publisher) VALUES ('9788929505752', 'Wild Animals', 'wildanimals', '[전소희 지음]', NULL, '2023-10-27', NULL) ON DUPLICATE KEY UPDATE title=VALUES(title), subtitle=VALUES(subtitle), author=VALUES(author), image_url=VALUES(image_url), published_date=VALUES(published_date), publisher=VALUES(publisher);
INSERT INTO book_detail (isbn, sold_out, free_shipping, list_price, sale_price, author_bio, book_description) VALUES ('9788929505752', 0, 0, NULL, NULL, '[전소희 지음]에 대한 간단 소개입니다.', 'Wild Animals — wildanimals에 대한 자동 생성 소개입니다.') ON DUPLICATE KEY UPDATE sold_out=VALUES(sold_out), free_shipping=VALUES(free_shipping), list_price=VALUES(list_price), sale_price=VALUES(sale_price), author_bio=VALUES(author_bio), book_description=VALUES(book_description);
INSERT INTO book (isbn, title, subtitle, author, image_url, published_date, publisher) VALUES ('9788929505769', 'Sea Animals', 'seaanimals', '[전소희 지음]', NULL, '2022-08-27', NULL) ON DUPLICATE KEY UPDATE title=VALUES(title), subtitle=VALUES(subtitle), author=VALUES(author), image_url=VALUES(image_url), published_date=VALUES(published_date), publisher=VALUES(publisher);
INSERT INTO book_detail (isbn, sold_out, free_shipping, list_price, sale_price, author_bio, book_description) VALUES ('9788929505769', 0, 0, NULL, NULL, '[전소희 지음]에 대한 간단 소개입니다.', 'Sea Animals — seaanimals에 대한 자동 생성 소개입니다.') ON DUPLICATE KEY UPDATE sold_out=VALUES(sold_out), free_shipping=VALUES(free_shipping), list_price=VALUES(list_price), sale_price=VALUES(sale_price), author_bio=VALUES(author_bio), book_description=VALUES(book_description);
INSERT INTO book (isbn, title, subtitle, author, image_url, published_date, publisher) VALUES ('9788929506551', 'Opposites Nouns', 'oppositesnouns', '[전소희 지음]', NULL, '2022-04-08', NULL) ON DUPLICATE KEY UPDATE title=VALUES(title), subtitle=VALUES(subtitle), author=VALUES(author), image_url=VALUES(image_url), published_date=VALUES(published_date), publisher=VALUES(publisher);
INSERT INTO book_detail (isbn, sold_out, free_shipping, list_price, sale_price, author_bio, book_description) VALUES ('9788929506551', 0, 0, NULL, NULL, '[전소희 지음]에 대한 간단 소개입니다.', 'Opposites Nouns — oppositesnouns에 대한 자동 생성 소개입니다.') ON DUPLICATE KEY UPDATE sold_out=VALUES(sold_out), free_shipping=VALUES(free_shipping), list_price=VALUES(list_price), sale_price=VALUES(sale_price), author_bio=VALUES(author_bio), book_description=VALUES(book_description);
INSERT INTO book (isbn, title, subtitle, author, image_url, published_date, publisher) VALUES ('9788929506254', 'How Is the Weather?', 'howistheweather', '[전소희 지음]', NULL, '2022-08-07', NULL) ON DUPLICATE KEY UPDATE title=VALUES(title), subtitle=VALUES(subtitle), author=VALUES(author), image_url=VALUES(image_url), published_date=VALUES(published_date), publisher=VALUES(publisher);
INSERT INTO book_detail (isbn, sold_out, free_shipping, list_price, sale_price, author_bio, book_description) VALUES ('9788929506254', 0, 0, NULL, NULL, '[전소희 지음]에 대한 간단 소개입니다.', 'How Is the Weather? — howistheweather에 대한 자동 생성 소개입니다.') ON DUPLICATE KEY UPDATE sold_out=VALUES(sold_out), free_shipping=VALUES(free_shipping), list_price=VALUES(list_price), sale_price=VALUES(sale_price), author_bio=VALUES(author_bio), book_description=VALUES(book_description);
INSERT INTO book (isbn, title, subtitle, author, image_url, published_date, publisher) VALUES ('9788929506261', 'Feelings', 'feelings', '[전소희 지음]', NULL, '2024-03-19', NULL) ON DUPLICATE KEY UPDATE title=VALUES(title), subtitle=VALUES(subtitle), author=VALUES(author), image_url=VALUES(image_url), published_date=VALUES(published_date), publisher=VALUES(publisher);
INSERT INTO book_detail (isbn, sold_out, free_shipping, list_price, sale_price, author_bio, book_description) VALUES ('9788929506261', 0, 0, NULL, NULL, '[전소희 지음]에 대한 간단 소개입니다.', 'Feelings — feelings에 대한 자동 생성 소개입니다.') ON DUPLICATE KEY UPDATE sold_out=VALUES(sold_out), free_shipping=VALUES(free_shipping), list_price=VALUES(list_price), sale_price=VALUES(sale_price), author_bio=VALUES(author_bio), book_description=VALUES(book_description);
INSERT INTO book (isbn, title, subtitle, author, image_url, published_date, publisher) VALUES ('9788929506278', 'Tastes of Food', 'tastesoffood', '[전소희 지음]', NULL, '2024-03-19', NULL) ON DUPLICATE KEY UPDATE title=VALUES(title), subtitle=VALUES(subtitle), author=VALUES(author), image_url=VALUES(image_url), published_date=VALUES(published_date), publisher=VALUES(publisher);
INSERT INTO book_detail (isbn, sold_out, free_shipping, list_price, sale_price, author_bio, book_description) VALUES ('9788929506278', 0, 0, NULL, NULL, '[전소희 지음]에 대한 간단 소개입니다.', 'Tastes of Food — tastesoffood에 대한 자동 생성 소개입니다.') ON DUPLICATE KEY UPDATE sold_out=VALUES(sold_out), free_shipping=VALUES(free_shipping), list_price=VALUES(list_price), sale_price=VALUES(sale_price), author_bio=VALUES(author_bio), book_description=VALUES(book_description);
INSERT INTO book (isbn, title, subtitle, author, image_url, published_date, publisher) VALUES ('9788929506285', 'Appearances', 'appearances', '[전소희 지음]', NULL, '2022-12-03', NULL) ON DUPLICATE KEY UPDATE title=VALUES(title), subtitle=VALUES(subtitle), author=VALUES(author), image_url=VALUES(image_url), published_date=VALUES(published_date), publisher=VALUES(publisher);
INSERT INTO book_detail (isbn, sold_out, free_shipping, list_price, sale_price, author_bio, book_description) VALUES ('9788929506285', 0, 0, NULL, NULL, '[전소희 지음]에 대한 간단 소개입니다.', 'Appearances — appearances에 대한 자동 생성 소개입니다.') ON DUPLICATE KEY UPDATE sold_out=VALUES(sold_out), free_shipping=VALUES(free_shipping), list_price=VALUES(list_price), sale_price=VALUES(sale_price), author_bio=VALUES(author_bio), book_description=VALUES(book_description);
INSERT INTO book (isbn, title, subtitle, author, image_url, published_date, publisher) VALUES ('9788929506292', 'Opposite Adjectives', 'oppositeadjectives', '[전소희 지음]', NULL, '2022-10-24', NULL) ON DUPLICATE KEY UPDATE title=VALUES(title), subtitle=VALUES(subtitle), author=VALUES(author), image_url=VALUES(image_url), published_date=VALUES(published_date), publisher=VALUES(publisher);
INSERT INTO book_detail (isbn, sold_out, free_shipping, list_price, sale_price, author_bio, book_description) VALUES ('9788929506292', 0, 0, NULL, NULL, '[전소희 지음]에 대한 간단 소개입니다.', 'Opposite Adjectives — oppositeadjectives에 대한 자동 생성 소개입니다.') ON DUPLICATE KEY UPDATE sold_out=VALUES(sold_out), free_shipping=VALUES(free_shipping), list_price=VALUES(list_price), sale_price=VALUES(sale_price), author_bio=VALUES(author_bio), book_description=VALUES(book_description);
INSERT INTO book (isbn, title, subtitle, author, image_url, published_date, publisher) VALUES ('9788929506308', 'Opposite Adjectives', 'oppositeadjectives', '[전소희 지음]', NULL, '2023-11-13', NULL) ON DUPLICATE KEY UPDATE title=VALUES(title), subtitle=VALUES(subtitle), author=VALUES(author), image_url=VALUES(image_url), published_date=VALUES(published_date), publisher=VALUES(publisher);
INSERT INTO book_detail (isbn, sold_out, free_shipping, list_price, sale_price, author_bio, book_description) VALUES ('9788929506308', 0, 0, NULL, NULL, '[전소희 지음]에 대한 간단 소개입니다.', 'Opposite Adjectives — oppositeadjectives에 대한 자동 생성 소개입니다.') ON DUPLICATE KEY UPDATE sold_out=VALUES(sold_out), free_shipping=VALUES(free_shipping), list_price=VALUES(list_price), sale_price=VALUES(sale_price), author_bio=VALUES(author_bio), book_description=VALUES(book_description);
INSERT INTO book (isbn, title, subtitle, author, image_url, published_date, publisher) VALUES ('9788997907823', 'The Day of Magic Level 4 - 엄마랑 나랑 영어동화 (한영 합본)', 'thedayofmagiclevel4엄마랑나랑영어동화한영합본', 'Divya Aradhya (지은이)', 'https://image.aladin.co.kr/product/2761/59/cover/e202435141_1.jpg', '2013-06-10', '블루프린트') ON DUPLICATE KEY UPDATE title=VALUES(title), subtitle=VALUES(subtitle), author=VALUES(author), image_url=VALUES(image_url), published_date=VALUES(published_date), publisher=VALUES(publisher);
INSERT INTO book_detail (isbn, sold_out, free_shipping, list_price, sale_price, author_bio, book_description) VALUES ('9788997907823', 0, 0, 1500, 1500, 'Divya Aradhya (지은이)에 대한 간단 소개입니다.', '《엄마랑 나랑 영어동화》아이들이 엄마와 함께 영어 이야기를 재미 있게 보고 읽을 수 있도록 다양한 작가와 일러스트레이터가 참여하여 풍부하게 구성한 그림 동화책입니다. 영어와 한글이 같이 들어 있어서 아이들을 지도하기에 좋을 뿐만 아니라 한글 동화책으로도...') ON DUPLICATE KEY UPDATE sold_out=VALUES(sold_out), free_shipping=VALUES(free_shipping), list_price=VALUES(list_price), sale_price=VALUES(sale_price), author_bio=VALUES(author_bio), book_description=VALUES(book_description);
INSERT INTO book (isbn, title, subtitle, author, image_url, published_date, publisher) VALUES ('9788997907335', '영어문고 우주전쟁', '영어문고우주전쟁', 'H. G. 웰스', 'https://bookthumb-phinf.pstatic.net/cover/137/196/13719675.jpg?type=m1&udate=20180615', '2012-10-08', '블루프린트') ON DUPLICATE KEY UPDATE title=VALUES(title), subtitle=VALUES(subtitle), author=VALUES(author), image_url=VALUES(image_url), published_date=VALUES(published_date), publisher=VALUES(publisher);
INSERT INTO book_detail (isbn, sold_out, free_shipping, list_price, sale_price, author_bio, book_description) VALUES ('9788997907335', 0, 0, 1000, 1000, 'H. G. 웰스에 대한 간단 소개입니다.', '《우주 전쟁》(The War of the Worlds)은 1898년 허버트 조지 웰스가 발표한 SF소설이다.허버트 조지 웰스는 19세기 당시로서는 상상조차 하기 어려웠던 첨단 과학 문명의 미래를 예측했다. 그리고 인류가 경험하거나 생각지도 못한 무시무시한 상황들을 내다보았다. 화성인이 지구를 침공하여 수많은 사람들을...') ON DUPLICATE KEY UPDATE sold_out=VALUES(sold_out), free_shipping=VALUES(free_shipping), list_price=VALUES(list_price), sale_price=VALUES(sale_price), author_bio=VALUES(author_bio), book_description=VALUES(book_description);
INSERT INTO book (isbn, title, subtitle, author, image_url, published_date, publisher) VALUES ('9791160492095', '2022 갓대환 형사법 기출문제 총정리 - 전3권 - 제2판', NULL, '김대환 (지은이)', 'https://image.aladin.co.kr/product/28041/26/cover/k832734235_1.jpg', '2021-09-30', '멘토링') ON DUPLICATE KEY UPDATE title=VALUES(title), subtitle=VALUES(subtitle), author=VALUES(author), image_url=VALUES(image_url), published_date=VALUES(published_date), publisher=VALUES(publisher);
INSERT INTO book_detail (isbn, sold_out, free_shipping, list_price, sale_price, author_bio, book_description) VALUES ('9791160492095', 0, 1, 78000, 78000, '김대환 (지은이)에 대한 간단 소개입니다.', '최근 어려워지고 있는 형법 시험 추세에 맞게 난도를 7급 기준으로 높였으며, 조합형, 사례형까지 반영한 수험서다. 전반적으로 형법총론의 비중을 높여 학설문제, 조문 문제의 반영비율을 높였다. 한 문제로 두 번 공부할 수 있도록, 모든 지문에 해설을 달았다.') ON DUPLICATE KEY UPDATE sold_out=VALUES(sold_out), free_shipping=VALUES(free_shipping), list_price=VALUES(list_price), sale_price=VALUES(sale_price), author_bio=VALUES(author_bio), book_description=VALUES(book_description);
INSERT INTO book (isbn, title, subtitle, author, image_url, published_date, publisher) VALUES ('9791136276148', '드래곤 퀘스트 다이의 대모험 신장채록판 13 - 죽음의 대지 3', NULL, '산조 리쿠 (지은이)', 'https://image.aladin.co.kr/product/28038/50/cover/k492734137_1.jpg', '2021-09-29', '대원씨아이(만화)') ON DUPLICATE KEY UPDATE title=VALUES(title), subtitle=VALUES(subtitle), author=VALUES(author), image_url=VALUES(image_url), published_date=VALUES(published_date), publisher=VALUES(publisher);
INSERT INTO book_detail (isbn, sold_out, free_shipping, list_price, sale_price, author_bio, book_description) VALUES ('9791136276148', 0, 0, 10000, 10000, '산조 리쿠 (지은이)에 대한 간단 소개입니다.', '남쪽 바다의 외딴 섬에서 몬스터에게 길러진 소년 다이는 ''마왕을 쓰러뜨렸던 용사'' 아방과 만난다. 그러나 아방 밑에서 수행을 하던 다이의 앞에 죽었다던 마왕이 나타나는데….') ON DUPLICATE KEY UPDATE sold_out=VALUES(sold_out), free_shipping=VALUES(free_shipping), list_price=VALUES(list_price), sale_price=VALUES(sale_price), author_bio=VALUES(author_bio), book_description=VALUES(book_description);
INSERT INTO book (isbn, title, subtitle, author, image_url, published_date, publisher) VALUES ('9791136282378', '뉴 게임! New Game! 12', NULL, '토쿠노 쇼타로 (지은이)', 'https://image.aladin.co.kr/product/28044/74/cover/k882734332_1.jpg', '2021-09-30', '대원씨아이(만화)') ON DUPLICATE KEY UPDATE title=VALUES(title), subtitle=VALUES(subtitle), author=VALUES(author), image_url=VALUES(image_url), published_date=VALUES(published_date), publisher=VALUES(publisher);
INSERT INTO book_detail (isbn, sold_out, free_shipping, list_price, sale_price, author_bio, book_description) VALUES ('9791136282378', 0, 0, 6500, 6500, '토쿠노 쇼타로 (지은이)에 대한 간단 소개입니다.', '뉴 게임! New Game! 12에 대한 자동 생성 소개입니다.') ON DUPLICATE KEY UPDATE sold_out=VALUES(sold_out), free_shipping=VALUES(free_shipping), list_price=VALUES(list_price), sale_price=VALUES(sale_price), author_bio=VALUES(author_bio), book_description=VALUES(book_description);
INSERT INTO book (isbn, title, subtitle, author, image_url, published_date, publisher) VALUES ('9791136276155', '드래곤 퀘스트 다이의 대모험 신장채록판 14 - 죽음의 대지 4', NULL, '산조 리쿠 (지은이)', 'https://image.aladin.co.kr/product/28038/50/cover/k422734137_1.jpg', '2021-09-29', '대원씨아이(만화)') ON DUPLICATE KEY UPDATE title=VALUES(title), subtitle=VALUES(subtitle), author=VALUES(author), image_url=VALUES(image_url), published_date=VALUES(published_date), publisher=VALUES(publisher);
INSERT INTO book_detail (isbn, sold_out, free_shipping, list_price, sale_price, author_bio, book_description) VALUES ('9791136276155', 0, 0, 10000, 10000, '산조 리쿠 (지은이)에 대한 간단 소개입니다.', '남쪽 바다의 외딴 섬에서 몬스터에게 길러진 소년 다이는 ''마왕을 쓰러뜨렸던 용사'' 아방과 만난다. 그러나 아방 밑에서 수행을 하던 다이의 앞에 죽었다던 마왕이 나타나는데….') ON DUPLICATE KEY UPDATE sold_out=VALUES(sold_out), free_shipping=VALUES(free_shipping), list_price=VALUES(list_price), sale_price=VALUES(sale_price), author_bio=VALUES(author_bio), book_description=VALUES(book_description);
INSERT INTO book (isbn, title, subtitle, author, image_url, published_date, publisher) VALUES ('9788980409907', '1968 밤섬 수비대', NULL, '방민경 (지은이)', 'https://image.aladin.co.kr/product/28085/96/cover/8980409907_1.jpg', '2021-10-05', '우리교육') ON DUPLICATE KEY UPDATE title=VALUES(title), subtitle=VALUES(subtitle), author=VALUES(author), image_url=VALUES(image_url), published_date=VALUES(published_date), publisher=VALUES(publisher);
INSERT INTO book_detail (isbn, sold_out, free_shipping, list_price, sale_price, author_bio, book_description) VALUES ('9788980409907', 0, 0, 12000, 12000, '방민경 (지은이)에 대한 간단 소개입니다.', '생물다양성을 간직한 밤섬,&#x0D;우리가 몰랐던 50년 전의 역사를 들어 보아요&#x0D;&#x0D;서울특별시 영등포구 여의도동과 마포구 당인동에 걸쳐 있는 ‘밤섬’을 아시나요? 한강물에 쓸려온 돌과 흙이 오랜 세월 쌓이고 쌓여 만들어진 밤섬은 철새도래지로도 유명하고, 1999년 8월 10일에는...') ON DUPLICATE KEY UPDATE sold_out=VALUES(sold_out), free_shipping=VALUES(free_shipping), list_price=VALUES(list_price), sale_price=VALUES(sale_price), author_bio=VALUES(author_bio), book_description=VALUES(book_description);
INSERT INTO book (isbn, title, subtitle, author, image_url, published_date, publisher) VALUES ('9791158362676', '국경', NULL, '구돌 (지은이)', 'https://image.aladin.co.kr/product/28085/91/cover/k362734849_1.jpg', '2021-10-15', '책읽는곰') ON DUPLICATE KEY UPDATE title=VALUES(title), subtitle=VALUES(subtitle), author=VALUES(author), image_url=VALUES(image_url), published_date=VALUES(published_date), publisher=VALUES(publisher);
INSERT INTO book_detail (isbn, sold_out, free_shipping, list_price, sale_price, author_bio, book_description) VALUES ('9791158362676', 0, 0, 18000, 18000, '구돌 (지은이)에 대한 간단 소개입니다.', '새와 물고기는 자유로이 넘나들지만사람은 함부로 넘을 수 없는 선, 국경을 통해 바라본 세계새와 물고기는 자유로이 넘나들지만 사람은 함부로 넘을 수 없는 선. 국경은 이웃한 나라들의 관계를 보여 준다. 어떤 나라는 국경을 허물고, 어떤 나라는 국경의 문턱을 낮추고, 또 어떤 나라는 거꾸로 국경에 높은...') ON DUPLICATE KEY UPDATE sold_out=VALUES(sold_out), free_shipping=VALUES(free_shipping), list_price=VALUES(list_price), sale_price=VALUES(sale_price), author_bio=VALUES(author_bio), book_description=VALUES(book_description);
INSERT INTO book (isbn, title, subtitle, author, image_url, published_date, publisher) VALUES ('9788954682664', '웨하스를 먹는 시간 - 제9회 문학동네동시문학상 대상 수상작', NULL, '조정인 (지은이)', 'https://image.aladin.co.kr/product/28085/24/cover/8954682669_1.jpg', '2021-10-11', '문학동네') ON DUPLICATE KEY UPDATE title=VALUES(title), subtitle=VALUES(subtitle), author=VALUES(author), image_url=VALUES(image_url), published_date=VALUES(published_date), publisher=VALUES(publisher);
INSERT INTO book_detail (isbn, sold_out, free_shipping, list_price, sale_price, author_bio, book_description) VALUES ('9788954682664', 0, 0, 11500, 11500, '조정인 (지은이)에 대한 간단 소개입니다.', '제9회 문학동네 동시문학상 수상작. 20여 년의 시력을 지닌 조정인 시인만의 언어가 서른여섯 편의 작품 안에서 바스락거린다. 심사위원 유강희, 송찬호, 김개미 시인은 &lt;웨하스를 먹는 시간&gt;에 담긴 “감각의 세밀화를 완성시키는 겹눈의 시선”, “새로운 층위의 동심을 일깨우는 자기만의 어법”, “행간에...') ON DUPLICATE KEY UPDATE sold_out=VALUES(sold_out), free_shipping=VALUES(free_shipping), list_price=VALUES(list_price), sale_price=VALUES(sale_price), author_bio=VALUES(author_bio), book_description=VALUES(book_description);
INSERT INTO book (isbn, title, subtitle, author, image_url, published_date, publisher) VALUES ('9791165796914', '빛나는 그림자가', NULL, '황선미 (지은이)', 'https://image.aladin.co.kr/product/28084/65/cover/k332734746_1.jpg', '2021-10-05', '시공주니어') ON DUPLICATE KEY UPDATE title=VALUES(title), subtitle=VALUES(subtitle), author=VALUES(author), image_url=VALUES(image_url), published_date=VALUES(published_date), publisher=VALUES(publisher);
INSERT INTO book_detail (isbn, sold_out, free_shipping, list_price, sale_price, author_bio, book_description) VALUES ('9791165796914', 0, 0, 11000, 11000, '황선미 (지은이)에 대한 간단 소개입니다.', '시공주니어 문고 3단계 82권. 우리나라 대표 작가 황선미가 선보이는 동화 &lt;빛나는 그림자가&gt;는 불안한 아이의 내면을 찬란하게 조명하는 작품이다. 주인공 ‘장빛나라’는 현재 화목한 가족의 구성원으로 집에서든 학교에서든 문제없이 잘 지내는 듯 보이지만 실은 남모를 결핍과 공허함을 지녔다....') ON DUPLICATE KEY UPDATE sold_out=VALUES(sold_out), free_shipping=VALUES(free_shipping), list_price=VALUES(list_price), sale_price=VALUES(sale_price), author_bio=VALUES(author_bio), book_description=VALUES(book_description);
INSERT INTO book (isbn, title, subtitle, author, image_url, published_date, publisher) VALUES ('9788960518889', '파이브 팩터 - 스펙, 배경, 운을 뛰어넘는 5가지 비즈니스 예측의 기술', NULL, '패트릭 벳-데이비드', 'https://image.aladin.co.kr/product/28084/63/cover/8960518883_1.jpg', '2021-10-12', '부키') ON DUPLICATE KEY UPDATE title=VALUES(title), subtitle=VALUES(subtitle), author=VALUES(author), image_url=VALUES(image_url), published_date=VALUES(published_date), publisher=VALUES(publisher);
INSERT INTO book_detail (isbn, sold_out, free_shipping, list_price, sale_price, author_bio, book_description) VALUES ('9788960518889', 0, 0, 18000, 18000, '패트릭 벳-데이비드에 대한 간단 소개입니다.', '저자 패트릭 벳-데이비드는 무스펙의 평범한 사람도 ‘비즈니스 예측의 기술’을 배울 수 있다고 말한다. 그는 일반 영업 사원에서 직원 1만 5000명 규모 기업의 CEO가 되기까지 자신의 30년 경험을 통해서 남보다 딱 ‘다섯 걸음’ 앞서나가는 ‘비즈니스 예측의 기술’을 제시한다.') ON DUPLICATE KEY UPDATE sold_out=VALUES(sold_out), free_shipping=VALUES(free_shipping), list_price=VALUES(list_price), sale_price=VALUES(sale_price), author_bio=VALUES(author_bio), book_description=VALUES(book_description);
INSERT INTO book (isbn, title, subtitle, author, image_url, published_date, publisher) VALUES ('9791196827335', '마음 바다', NULL, '심우도 (지은이)', 'https://image.aladin.co.kr/product/28083/18/cover/k882734741_1.jpg', '2021-10-01', '심우도서') ON DUPLICATE KEY UPDATE title=VALUES(title), subtitle=VALUES(subtitle), author=VALUES(author), image_url=VALUES(image_url), published_date=VALUES(published_date), publisher=VALUES(publisher);
INSERT INTO book_detail (isbn, sold_out, free_shipping, list_price, sale_price, author_bio, book_description) VALUES ('9791196827335', 0, 0, 15000, 15000, '심우도 (지은이)에 대한 간단 소개입니다.', '어린이 교양 잡지 &lt;고래가 그랬어&gt;에서 1년여간 연재된 작품으로, 세상이 재미 없는 열세 살 소년 ''연우''가 꿈속 친구 ''마음''을 만나면서 고민을 나누고, 성장해 가는 이야기를 담담하게 그리고 있다.') ON DUPLICATE KEY UPDATE sold_out=VALUES(sold_out), free_shipping=VALUES(free_shipping), list_price=VALUES(list_price), sale_price=VALUES(sale_price), author_bio=VALUES(author_bio), book_description=VALUES(book_description);
INSERT INTO book (isbn, title, subtitle, author, image_url, published_date, publisher) VALUES ('9788954682466', '정년이 4', NULL, '서이레 (지은이)', 'https://image.aladin.co.kr/product/28083/12/cover/8954682464_1.jpg', '2021-10-11', '문학동네') ON DUPLICATE KEY UPDATE title=VALUES(title), subtitle=VALUES(subtitle), author=VALUES(author), image_url=VALUES(image_url), published_date=VALUES(published_date), publisher=VALUES(publisher);
INSERT INTO book_detail (isbn, sold_out, free_shipping, list_price, sale_price, author_bio, book_description) VALUES ('9788954682466', 0, 0, 15000, 15000, '서이레 (지은이)에 대한 간단 소개입니다.', '오디션으로 배역을 선발하는 매란국극단 정기공연 &lt;자명고&gt;. 뛰어난 실력과 숨은 노력으로 오디션을 준비하는 가운데 도전하는 자에게 새로운 기회가 주어진다. 한편 도앵은 국극단에 드나드는 수상한 움직임을 포착한다.') ON DUPLICATE KEY UPDATE sold_out=VALUES(sold_out), free_shipping=VALUES(free_shipping), list_price=VALUES(list_price), sale_price=VALUES(sale_price), author_bio=VALUES(author_bio), book_description=VALUES(book_description);
INSERT INTO book (isbn, title, subtitle, author, image_url, published_date, publisher) VALUES ('9791191278712', '점 - 나사에서 10년간 배운 100가지 지혜', NULL, '김현정 (지은이)', 'https://image.aladin.co.kr/product/28061/37/cover/k532734634_1.jpg', '2021-09-24', '싱긋') ON DUPLICATE KEY UPDATE title=VALUES(title), subtitle=VALUES(subtitle), author=VALUES(author), image_url=VALUES(image_url), published_date=VALUES(published_date), publisher=VALUES(publisher);
INSERT INTO book_detail (isbn, sold_out, free_shipping, list_price, sale_price, author_bio, book_description) VALUES ('9791191278712', 0, 0, 14000, 14000, '김현정 (지은이)에 대한 간단 소개입니다.', '12년 차 나사 연구원 김현정 박사가, 지난 10년간 나사에서 일하면서 배운 100가지의 지혜를 기록한 책. 나사라는 특수한 조직 안에서 좌충우돌 실수투성이에서 학생들을 가르치고, 연구를 이끄는 팀의 리더로 성장한 과정이 그려져 있다.') ON DUPLICATE KEY UPDATE sold_out=VALUES(sold_out), free_shipping=VALUES(free_shipping), list_price=VALUES(list_price), sale_price=VALUES(sale_price), author_bio=VALUES(author_bio), book_description=VALUES(book_description);
INSERT INTO book (isbn, title, subtitle, author, image_url, published_date, publisher) VALUES ('9788997715794', '새를 만나는 시간', NULL, '이우만 (지은이)', 'https://image.aladin.co.kr/product/28060/15/cover/8997715798_1.jpg', '2021-09-30', '웃는돌고래') ON DUPLICATE KEY UPDATE title=VALUES(title), subtitle=VALUES(subtitle), author=VALUES(author), image_url=VALUES(image_url), published_date=VALUES(published_date), publisher=VALUES(publisher);
INSERT INTO book_detail (isbn, sold_out, free_shipping, list_price, sale_price, author_bio, book_description) VALUES ('9788997715794', 0, 0, 15000, 15000, '이우만 (지은이)에 대한 간단 소개입니다.', '11년 동안 동네 뒷산에서 새들을 관찰했고, 새들의 이야기를 도감과 그림책으로 어린이들에게 들려주었던 저자 이우만이 새를 만났던 반짝이는 순간들을 에세이에 담았다. 새들과 만난 감동적인 순간들을 아름다운 세밀화로 보여 주는 이우만 작가의 다정한 책.') ON DUPLICATE KEY UPDATE sold_out=VALUES(sold_out), free_shipping=VALUES(free_shipping), list_price=VALUES(list_price), sale_price=VALUES(sale_price), author_bio=VALUES(author_bio), book_description=VALUES(book_description);
INSERT INTO book (isbn, title, subtitle, author, image_url, published_date, publisher) VALUES ('9791130601304', '부자의 글씨 - 부와 운을 끌어당기는 최상위 부자의 필체', NULL, '구본진 (지은이)', 'https://image.aladin.co.kr/product/28059/89/cover/k492734631_1.jpg', '2021-10-06', '다산북스') ON DUPLICATE KEY UPDATE title=VALUES(title), subtitle=VALUES(subtitle), author=VALUES(author), image_url=VALUES(image_url), published_date=VALUES(published_date), publisher=VALUES(publisher);
INSERT INTO book_detail (isbn, sold_out, free_shipping, list_price, sale_price, author_bio, book_description) VALUES ('9791130601304', 0, 0, 17000, 17000, '구본진 (지은이)에 대한 간단 소개입니다.', '글씨와 관련된 보통의 책들은 소위 말하는 반듯하고 예쁜 글씨나 감각적으로 꾸며진 글씨를 제시해 몇 번이고 반복해 쓰는 것으로 시작된다. 하지만 그런 글씨는 눈에 보기 좋은 필체이지 목적이 분명한 필체가 될 수 없다. 글씨는 인간의 내면을 담는 도구로써 반드시 목적이 있는 나만의 필체를 가져야 한다. 그래야 성공에 가까워지기 때문이다. 이 책에서 말하는 목적은 ‘부자의 글씨’다.') ON DUPLICATE KEY UPDATE sold_out=VALUES(sold_out), free_shipping=VALUES(free_shipping), list_price=VALUES(list_price), sale_price=VALUES(sale_price), author_bio=VALUES(author_bio), book_description=VALUES(book_description);
INSERT INTO book (isbn, title, subtitle, author, image_url, published_date, publisher) VALUES ('9791160947588', '왜 우니?', NULL, '소복이 (지은이)', 'https://image.aladin.co.kr/product/28054/54/cover/k512734536_1.jpg', '2021-09-30', '사계절') ON DUPLICATE KEY UPDATE title=VALUES(title), subtitle=VALUES(subtitle), author=VALUES(author), image_url=VALUES(image_url), published_date=VALUES(published_date), publisher=VALUES(publisher);
INSERT INTO book_detail (isbn, sold_out, free_shipping, list_price, sale_price, author_bio, book_description) VALUES ('9791160947588', 0, 0, 14500, 14500, '소복이 (지은이)에 대한 간단 소개입니다.', '평범한 일상에서 독특한 공감을 골라내는 소복이 작가의 그림책. ‘왜 우니?’라는 한마디 물음에 엮인 여러 가지 눈물 에피소드가 펼쳐진다. 누구나 한 번쯤 겪을 법한 소소한 소재와 가까운 누군가를 닮은 친근한 캐릭터가 깊은 공감을 자아낸다.') ON DUPLICATE KEY UPDATE sold_out=VALUES(sold_out), free_shipping=VALUES(free_shipping), list_price=VALUES(list_price), sale_price=VALUES(sale_price), author_bio=VALUES(author_bio), book_description=VALUES(book_description);
INSERT INTO book (isbn, title, subtitle, author, image_url, published_date, publisher) VALUES ('9791191057614', '고난과 하나님의 정당성 :', '고난과하나님의정당성', '홍진철 지음', NULL, '2023-07-30', '북랩') ON DUPLICATE KEY UPDATE title=VALUES(title), subtitle=VALUES(subtitle), author=VALUES(author), image_url=VALUES(image_url), published_date=VALUES(published_date), publisher=VALUES(publisher);
INSERT INTO book_detail (isbn, sold_out, free_shipping, list_price, sale_price, author_bio, book_description) VALUES ('9791191057614', 0, 0, NULL, NULL, '홍진철 지음에 대한 간단 소개입니다.', '고난과 하나님의 정당성 : — 고난과하나님의정당성에 대한 자동 생성 소개입니다.') ON DUPLICATE KEY UPDATE sold_out=VALUES(sold_out), free_shipping=VALUES(free_shipping), list_price=VALUES(list_price), sale_price=VALUES(sale_price), author_bio=VALUES(author_bio), book_description=VALUES(book_description);
INSERT INTO book (isbn, title, subtitle, author, image_url, published_date, publisher) VALUES ('9791138401944', '거짓말과 입술 - BB코믹스', '거짓말과입술bb코믹스', '하마다 카모메 (지은이)', 'https://image.aladin.co.kr/product/27892/31/cover/k612734309_1.jpg', '2021-09-17', '㈜소미미디어') ON DUPLICATE KEY UPDATE title=VALUES(title), subtitle=VALUES(subtitle), author=VALUES(author), image_url=VALUES(image_url), published_date=VALUES(published_date), publisher=VALUES(publisher);
INSERT INTO book_detail (isbn, sold_out, free_shipping, list_price, sale_price, author_bio, book_description) VALUES ('9791138401944', 0, 0, 5500, 5500, '하마다 카모메 (지은이)에 대한 간단 소개입니다.', '아직 인지도가 없어 ‘자칭’ 일러스트레이터인 칸다이는 포트폴리오를 들고 간 출판사에서 왜소한 몸집의 편집자 렌을 만난다. 그러나 렌은 보기와는 다르게 신랄한 비평을 늘어놓은 뒤, 뜬금없이 자기와 사귀어 보지 않겠느냐는 제안을 꺼내는데……?!') ON DUPLICATE KEY UPDATE sold_out=VALUES(sold_out), free_shipping=VALUES(free_shipping), list_price=VALUES(list_price), sale_price=VALUES(sale_price), author_bio=VALUES(author_bio), book_description=VALUES(book_description);
INSERT INTO book (isbn, title, subtitle, author, image_url, published_date, publisher) VALUES ('9791165803735', '코토우 부장 1', '코토우부장1', '야츠미 츠무 (지은이)', 'https://image.aladin.co.kr/product/25819/93/cover/k192736431_1.jpg', '2020-12-15', 'YNK MEDIA(만화)') ON DUPLICATE KEY UPDATE title=VALUES(title), subtitle=VALUES(subtitle), author=VALUES(author), image_url=VALUES(image_url), published_date=VALUES(published_date), publisher=VALUES(publisher);
INSERT INTO book_detail (isbn, sold_out, free_shipping, list_price, sale_price, author_bio, book_description) VALUES ('9791165803735', 0, 0, 5000, 5000, '야츠미 츠무 (지은이)에 대한 간단 소개입니다.', '적당히 편안하게 살고 싶은 신입 사원 코마츠는 완전무결한 엘리트, 코토우 부장이 불편하다. 그러나 어느 날, 불행과 불행에 불행이 더해지면서 두 사람은 ''무인도''에 표류하게 되는데. 웃고, 배우고, 때때로 심쿵까지! 서바이벌 러브 코미디.') ON DUPLICATE KEY UPDATE sold_out=VALUES(sold_out), free_shipping=VALUES(free_shipping), list_price=VALUES(list_price), sale_price=VALUES(sale_price), author_bio=VALUES(author_bio), book_description=VALUES(book_description);
INSERT INTO book (isbn, title, subtitle, author, image_url, published_date, publisher) VALUES ('9791138401920', '의사 계열 남자의 연애 카르테 - BB코믹스', '의사계열남자의연애카르테bb코믹스', '타카히라 리토 (지은이)', 'https://image.aladin.co.kr/product/27892/27/cover/k662734309_1.jpg', '2021-09-17', '㈜소미미디어') ON DUPLICATE KEY UPDATE title=VALUES(title), subtitle=VALUES(subtitle), author=VALUES(author), image_url=VALUES(image_url), published_date=VALUES(published_date), publisher=VALUES(publisher);
INSERT INTO book_detail (isbn, sold_out, free_shipping, list_price, sale_price, author_bio, book_description) VALUES ('9791138401920', 0, 0, 5500, 5500, '타카히라 리토 (지은이)에 대한 간단 소개입니다.', '엘리트 심장혈관외과의 쿠와하라 × 힐링계 소아과의 오카. 성격이 정반대인 둘이 휴게실에서 우연히 맞닥뜨렸다. 쿠와하라는 오카가 신경 쓰이지만 그게 연심인 줄은 생각도 못 하고 있었다! 마취과의 우라베가 뒤에서 뭔가를 꾸미는데?!') ON DUPLICATE KEY UPDATE sold_out=VALUES(sold_out), free_shipping=VALUES(free_shipping), list_price=VALUES(list_price), sale_price=VALUES(sale_price), author_bio=VALUES(author_bio), book_description=VALUES(book_description);
INSERT INTO book (isbn, title, subtitle, author, image_url, published_date, publisher) VALUES ('9791162356319', '아야카시코 3', '아야카시코3', '히지키 (지은이)', 'https://image.aladin.co.kr/product/25542/97/cover/k292633327_1.jpg', '2020-11-16', 'YNK MEDIA(만화)') ON DUPLICATE KEY UPDATE title=VALUES(title), subtitle=VALUES(subtitle), author=VALUES(author), image_url=VALUES(image_url), published_date=VALUES(published_date), publisher=VALUES(publisher);
INSERT INTO book_detail (isbn, sold_out, free_shipping, list_price, sale_price, author_bio, book_description) VALUES ('9791162356319', 0, 0, 5000, 5000, '히지키 (지은이)에 대한 간단 소개입니다.', '요괴들이 사는 공동 주택, 통칭 ‘아야카시장’. 아야카시장의 관리인이자 고등학생 소녀 마호로는 자시키와라시, 여우 요괴, 설녀, 네코마타와 함께 생활하고 있다. 이나리 아키와 쿠키가 쳐들어오기도 하고, 작은 새 혼령이 달라붙기도 하고, 마호로 주위에는 어째서인지 자연스레 요괴들이 모여든다.') ON DUPLICATE KEY UPDATE sold_out=VALUES(sold_out), free_shipping=VALUES(free_shipping), list_price=VALUES(list_price), sale_price=VALUES(sale_price), author_bio=VALUES(author_bio), book_description=VALUES(book_description);
INSERT INTO book (isbn, title, subtitle, author, image_url, published_date, publisher) VALUES ('9791165802899', '비서와 온실 속 도련님 - 솔트코믹스', '비서와온실속도련님솔트코믹스', '요루노라테 (지은이)', 'https://image.aladin.co.kr/product/25819/94/cover/k122736431_1.jpg', '2020-12-15', 'YNK MEDIA(만화)') ON DUPLICATE KEY UPDATE title=VALUES(title), subtitle=VALUES(subtitle), author=VALUES(author), image_url=VALUES(image_url), published_date=VALUES(published_date), publisher=VALUES(publisher);
INSERT INTO book_detail (isbn, sold_out, free_shipping, list_price, sale_price, author_bio, book_description) VALUES ('9791165802899', 0, 0, 5500, 5500, '요루노라테 (지은이)에 대한 간단 소개입니다.', '교통사고 후유증으로 다리가 불편한 스바루는 아버지의 비서이자 어릴 때부터 곁에 있어 준 군지를 계속 짝사랑하고 있었다. 이뤄질 수 없는 사랑이라고 생각했는데, 아버지의 한마디에 군지와의 동거가 결정된다.') ON DUPLICATE KEY UPDATE sold_out=VALUES(sold_out), free_shipping=VALUES(free_shipping), list_price=VALUES(list_price), sale_price=VALUES(sale_price), author_bio=VALUES(author_bio), book_description=VALUES(book_description);
INSERT INTO book (isbn, title, subtitle, author, image_url, published_date, publisher) VALUES ('9791160544794', 'Easy access to Korea :', 'easyaccesstokorea', '[지은이: Seong-In Kim]', NULL, '2025-05-13', NULL) ON DUPLICATE KEY UPDATE title=VALUES(title), subtitle=VALUES(subtitle), author=VALUES(author), image_url=VALUES(image_url), published_date=VALUES(published_date), publisher=VALUES(publisher);
INSERT INTO book_detail (isbn, sold_out, free_shipping, list_price, sale_price, author_bio, book_description) VALUES ('9791160544794', 0, 0, NULL, NULL, '[지은이: Seong-In Kim]에 대한 간단 소개입니다.', 'Easy access to Korea : — easyaccesstokorea에 대한 자동 생성 소개입니다.') ON DUPLICATE KEY UPDATE sold_out=VALUES(sold_out), free_shipping=VALUES(free_shipping), list_price=VALUES(list_price), sale_price=VALUES(sale_price), author_bio=VALUES(author_bio), book_description=VALUES(book_description);
INSERT INTO book (isbn, title, subtitle, author, image_url, published_date, publisher) VALUES ('9791189010911', '핀란드 3학년 수학 교과서', '핀란드3학년수학교과서', '글: 파이비 키빌루오마', NULL, '2022-04-06', '마음이음') ON DUPLICATE KEY UPDATE title=VALUES(title), subtitle=VALUES(subtitle), author=VALUES(author), image_url=VALUES(image_url), published_date=VALUES(published_date), publisher=VALUES(publisher);
INSERT INTO book_detail (isbn, sold_out, free_shipping, list_price, sale_price, author_bio, book_description) VALUES ('9791189010911', 0, 0, NULL, NULL, '글: 파이비 키빌루오마에 대한 간단 소개입니다.', '핀란드 3학년 수학 교과서 — 핀란드3학년수학교과서에 대한 자동 생성 소개입니다.') ON DUPLICATE KEY UPDATE sold_out=VALUES(sold_out), free_shipping=VALUES(free_shipping), list_price=VALUES(list_price), sale_price=VALUES(sale_price), author_bio=VALUES(author_bio), book_description=VALUES(book_description);
INSERT INTO book (isbn, title, subtitle, author, image_url, published_date, publisher) VALUES ('9791138401593', '전생한 대성녀는 성녀임을 숨긴다 1 - S코믹스', '전생한대성녀는성녀임을숨긴다1s코믹스', '아오베 마히토 (지은이)', 'https://image.aladin.co.kr/product/27848/22/cover/k672734688_1.jpg', '2021-09-10', '㈜소미미디어') ON DUPLICATE KEY UPDATE title=VALUES(title), subtitle=VALUES(subtitle), author=VALUES(author), image_url=VALUES(image_url), published_date=VALUES(published_date), publisher=VALUES(publisher);
INSERT INTO book_detail (isbn, sold_out, free_shipping, list_price, sale_price, author_bio, book_description) VALUES ('9791138401593', 0, 0, 5500, 5500, '아오베 마히토 (지은이)에 대한 간단 소개입니다.', '''검에 재능이 없다’고 불리던 기사 가문의 소녀, 피아. 그녀는 죽어가던 때, 말도 안 되는 사기급 능력을 지닌 ‘대성녀’였던 전생을 떠올리고 그 힘을 손에 넣는다. 하지만 마왕의 오른팔에게 협박을 받았기 때문에, 대성녀의 힘을 숨기면서 기사를 지망한다.') ON DUPLICATE KEY UPDATE sold_out=VALUES(sold_out), free_shipping=VALUES(free_shipping), list_price=VALUES(list_price), sale_price=VALUES(sale_price), author_bio=VALUES(author_bio), book_description=VALUES(book_description);
INSERT INTO book (isbn, title, subtitle, author, image_url, published_date, publisher) VALUES ('9791191158618', 'Histoire culturelle de la France', 'histoireculturelledelafrance', 'Marcela Dvorakova-Meidinger (지은이)', 'https://image.aladin.co.kr/product/27760/99/cover/k332734969_1.jpg', '2021-08-01', '신아사') ON DUPLICATE KEY UPDATE title=VALUES(title), subtitle=VALUES(subtitle), author=VALUES(author), image_url=VALUES(image_url), published_date=VALUES(published_date), publisher=VALUES(publisher);
INSERT INTO book_detail (isbn, sold_out, free_shipping, list_price, sale_price, author_bio, book_description) VALUES ('9791191158618', 0, 0, 16000, 16000, 'Marcela Dvorakova-Meidinger (지은이)에 대한 간단 소개입니다.', '이 책은 프랑스의 역사에 대해 다룬 도서입니다. 기초적이고 전반적인 내용을 확인할 수 있도록 구성했습니다.') ON DUPLICATE KEY UPDATE sold_out=VALUES(sold_out), free_shipping=VALUES(free_shipping), list_price=VALUES(list_price), sale_price=VALUES(sale_price), author_bio=VALUES(author_bio), book_description=VALUES(book_description);
INSERT INTO book (isbn, title, subtitle, author, image_url, published_date, publisher) VALUES ('9791165551292', '한국형 표준 논문 작성법', '한국형표준논문작성법', '한국교육학술정보원 [편]', NULL, '2025-03-06', '한국교육학술정보원') ON DUPLICATE KEY UPDATE title=VALUES(title), subtitle=VALUES(subtitle), author=VALUES(author), image_url=VALUES(image_url), published_date=VALUES(published_date), publisher=VALUES(publisher);
INSERT INTO book_detail (isbn, sold_out, free_shipping, list_price, sale_price, author_bio, book_description) VALUES ('9791165551292', 0, 0, NULL, NULL, '한국교육학술정보원 [편]에 대한 간단 소개입니다.', '한국형 표준 논문 작성법 — 한국형표준논문작성법에 대한 자동 생성 소개입니다.') ON DUPLICATE KEY UPDATE sold_out=VALUES(sold_out), free_shipping=VALUES(free_shipping), list_price=VALUES(list_price), sale_price=VALUES(sale_price), author_bio=VALUES(author_bio), book_description=VALUES(book_description);
INSERT INTO book (isbn, title, subtitle, author, image_url, published_date, publisher) VALUES ('9791138401456', '심부름꾼 사이토 씨, 이세계에 가다 2', '심부름꾼사이토씨,이세계에가다2', '이치토모 카즈토모 (지은이)', 'https://image.aladin.co.kr/product/27848/28/cover/k772734688_1.jpg', '2021-09-13', '㈜소미미디어') ON DUPLICATE KEY UPDATE title=VALUES(title), subtitle=VALUES(subtitle), author=VALUES(author), image_url=VALUES(image_url), published_date=VALUES(published_date), publisher=VALUES(publisher);
INSERT INTO book_detail (isbn, sold_out, free_shipping, list_price, sale_price, author_bio, book_description) VALUES ('9791138401456', 0, 0, 5500, 5500, '이치토모 카즈토모 (지은이)에 대한 간단 소개입니다.', '이세계에 전생한 전직 심부름센터 직원, 사이토 씨는 이 세계에서도 결코 ‘특별’한 강점은 없었다. 하지만, 건망증이 심한 마법사에게 주문을 알려주고, 몸을 던져 작은 요정의 방패가 되고, 전사에게 적 특성에 맞춰 무기를 전달한다. 언제부턴가 사이토 씨는 파티에서 빼놓을 수 없는 존재가 되어 있었다.') ON DUPLICATE KEY UPDATE sold_out=VALUES(sold_out), free_shipping=VALUES(free_shipping), list_price=VALUES(list_price), sale_price=VALUES(sale_price), author_bio=VALUES(author_bio), book_description=VALUES(book_description);
INSERT INTO book (isbn, title, subtitle, author, image_url, published_date, publisher) VALUES ('9791160684988', '전쟁과 생활 자료집', '전쟁과생활자료집', '국립순천대학교 인문학술원 대학중점연구소 편', NULL, '2022-12-25', '선인') ON DUPLICATE KEY UPDATE title=VALUES(title), subtitle=VALUES(subtitle), author=VALUES(author), image_url=VALUES(image_url), published_date=VALUES(published_date), publisher=VALUES(publisher);
INSERT INTO book_detail (isbn, sold_out, free_shipping, list_price, sale_price, author_bio, book_description) VALUES ('9791160684988', 0, 0, NULL, NULL, '국립순천대학교 인문학술원 대학중점연구소 편에 대한 간단 소개입니다.', '전쟁과 생활 자료집 — 전쟁과생활자료집에 대한 자동 생성 소개입니다.') ON DUPLICATE KEY UPDATE sold_out=VALUES(sold_out), free_shipping=VALUES(free_shipping), list_price=VALUES(list_price), sale_price=VALUES(sale_price), author_bio=VALUES(author_bio), book_description=VALUES(book_description);
INSERT INTO book (isbn, title, subtitle, author, image_url, published_date, publisher) VALUES ('9791160686074', '시련과 고난을 딛고 선 세브란스 의과대학 (1945~1957)', '시련과고난을딛고선세브란스의과대학19451957', '박형우 (지은이)', 'https://image.aladin.co.kr/product/27945/38/cover/k062734116_1.jpg', '2021-08-25', '도서출판선인(선인문화사)') ON DUPLICATE KEY UPDATE title=VALUES(title), subtitle=VALUES(subtitle), author=VALUES(author), image_url=VALUES(image_url), published_date=VALUES(published_date), publisher=VALUES(publisher);
INSERT INTO book_detail (isbn, sold_out, free_shipping, list_price, sale_price, author_bio, book_description) VALUES ('9791160686074', 0, 1, 30000, 30000, '박형우 (지은이)에 대한 간단 소개입니다.', '한국 최초의 서양식 병원인 제중원으로부터 시작된 연세대학교 의과대학의 역사는 한국 서양의학의 주요 역사로서도 큰 의미를 갖고 있다. 이 책은 원전 자료들을 이용함으로써 해방 이전의 연세대학교 의과대학의 역사에 대하여 보다 정확하고 풍부한 자료를 담았다.') ON DUPLICATE KEY UPDATE sold_out=VALUES(sold_out), free_shipping=VALUES(free_shipping), list_price=VALUES(list_price), sale_price=VALUES(sale_price), author_bio=VALUES(author_bio), book_description=VALUES(book_description);
INSERT INTO book (isbn, title, subtitle, author, image_url, published_date, publisher) VALUES ('9788965751427', '상식', '상식', '장미진', 'https://bookthumb-phinf.pstatic.net/cover/209/240/20924002.jpg?type=m1&udate=20210916', '2021-08-09', '엠애드') ON DUPLICATE KEY UPDATE title=VALUES(title), subtitle=VALUES(subtitle), author=VALUES(author), image_url=VALUES(image_url), published_date=VALUES(published_date), publisher=VALUES(publisher);
INSERT INTO book_detail (isbn, sold_out, free_shipping, list_price, sale_price, author_bio, book_description) VALUES ('9788965751427', 0, 0, 9000, 9000, '장미진에 대한 간단 소개입니다.', '상식 — 상식에 대한 자동 생성 소개입니다.') ON DUPLICATE KEY UPDATE sold_out=VALUES(sold_out), free_shipping=VALUES(free_shipping), list_price=VALUES(list_price), sale_price=VALUES(sale_price), author_bio=VALUES(author_bio), book_description=VALUES(book_description);
INSERT INTO book (isbn, title, subtitle, author, image_url, published_date, publisher) VALUES ('9788955626926', '선박담보물권법(양장본 HardCover)', '선박담보물권법양장본hardcover', '김인유', 'https://bookthumb-phinf.pstatic.net/cover/209/376/20937629.jpg?type=m1&udate=20210925', '2021-08-05', '다솜출판사') ON DUPLICATE KEY UPDATE title=VALUES(title), subtitle=VALUES(subtitle), author=VALUES(author), image_url=VALUES(image_url), published_date=VALUES(published_date), publisher=VALUES(publisher);
INSERT INTO book_detail (isbn, sold_out, free_shipping, list_price, sale_price, author_bio, book_description) VALUES ('9788955626926', 0, 1, 25000, 25000, '김인유에 대한 간단 소개입니다.', '선박담보물권법(양장본 HardCover) — 선박담보물권법양장본hardcover에 대한 자동 생성 소개입니다.') ON DUPLICATE KEY UPDATE sold_out=VALUES(sold_out), free_shipping=VALUES(free_shipping), list_price=VALUES(list_price), sale_price=VALUES(sale_price), author_bio=VALUES(author_bio), book_description=VALUES(book_description);
INSERT INTO book (isbn, title, subtitle, author, image_url, published_date, publisher) VALUES ('9791186519448', 'Ollicake''s Buttercream Flowers - 올리케이크의 버터크림 플라워 영문판', 'ollicakesbuttercreamflowers올리케이크의버터크림플라워영문판', '송혜현', 'https://image.aladin.co.kr/product/27802/35/cover/k112734163_1.jpg', '2021-08-18', '비앤씨월드') ON DUPLICATE KEY UPDATE title=VALUES(title), subtitle=VALUES(subtitle), author=VALUES(author), image_url=VALUES(image_url), published_date=VALUES(published_date), publisher=VALUES(publisher);
INSERT INTO book_detail (isbn, sold_out, free_shipping, list_price, sale_price, author_bio, book_description) VALUES ('9791186519448', 0, 1, 32000, 32000, '송혜현에 대한 간단 소개입니다.', '다양한 꽃 짜기 비법부터 어레인지할 때 지켜야 하는 순서나 팁 등 버터크림과 플라워케이크에 관한 모든 것을 공정과 일러스트로 자세히 소개한다. 꽃의 구조를 분석해 40가지의 꽃을 단 3가지 계열로 알기 쉽게 구분해, 각 계열별 특징과 기초만 익히면 같은 방법으로 다른 모습의 꽃을 손쉽게 짤 수 있다.') ON DUPLICATE KEY UPDATE sold_out=VALUES(sold_out), free_shipping=VALUES(free_shipping), list_price=VALUES(list_price), sale_price=VALUES(sale_price), author_bio=VALUES(author_bio), book_description=VALUES(book_description);
INSERT INTO book (isbn, title, subtitle, author, image_url, published_date, publisher) VALUES ('9788965751434', '로고테라피 - 의미를 찾는 인간', '로고테라피의미를찾는인간', '빅터 프랭클 (지은이)', 'https://image.aladin.co.kr/product/28012/60/cover/8965751438_1.jpg', '2021-08-09', '엠애드') ON DUPLICATE KEY UPDATE title=VALUES(title), subtitle=VALUES(subtitle), author=VALUES(author), image_url=VALUES(image_url), published_date=VALUES(published_date), publisher=VALUES(publisher);
INSERT INTO book_detail (isbn, sold_out, free_shipping, list_price, sale_price, author_bio, book_description) VALUES ('9788965751434', 0, 0, 9000, 9000, '빅터 프랭클 (지은이)에 대한 간단 소개입니다.', '로고테라피 - 의미를 찾는 인간 — 로고테라피의미를찾는인간에 대한 자동 생성 소개입니다.') ON DUPLICATE KEY UPDATE sold_out=VALUES(sold_out), free_shipping=VALUES(free_shipping), list_price=VALUES(list_price), sale_price=VALUES(sale_price), author_bio=VALUES(author_bio), book_description=VALUES(book_description);
INSERT INTO book (isbn, title, subtitle, author, image_url, published_date, publisher) VALUES ('9788955626933', '전용선론', '전용선론', '정연철 저', NULL, '2024-09-16', '다솜출판사') ON DUPLICATE KEY UPDATE title=VALUES(title), subtitle=VALUES(subtitle), author=VALUES(author), image_url=VALUES(image_url), published_date=VALUES(published_date), publisher=VALUES(publisher);
INSERT INTO book_detail (isbn, sold_out, free_shipping, list_price, sale_price, author_bio, book_description) VALUES ('9788955626933', 0, 0, NULL, NULL, '정연철 저에 대한 간단 소개입니다.', '전용선론 — 전용선론에 대한 자동 생성 소개입니다.') ON DUPLICATE KEY UPDATE sold_out=VALUES(sold_out), free_shipping=VALUES(free_shipping), list_price=VALUES(list_price), sale_price=VALUES(sale_price), author_bio=VALUES(author_bio), book_description=VALUES(book_description);
INSERT INTO book (isbn, title, subtitle, author, image_url, published_date, publisher) VALUES ('9788955626940', '해상교통과 글로벌 SCM', '해상교통과글로벌scm', '琴宗洙 編著', NULL, '2022-08-21', '다솜출판사') ON DUPLICATE KEY UPDATE title=VALUES(title), subtitle=VALUES(subtitle), author=VALUES(author), image_url=VALUES(image_url), published_date=VALUES(published_date), publisher=VALUES(publisher);
INSERT INTO book_detail (isbn, sold_out, free_shipping, list_price, sale_price, author_bio, book_description) VALUES ('9788955626940', 0, 0, NULL, NULL, '琴宗洙 編著에 대한 간단 소개입니다.', '해상교통과 글로벌 SCM — 해상교통과글로벌scm에 대한 자동 생성 소개입니다.') ON DUPLICATE KEY UPDATE sold_out=VALUES(sold_out), free_shipping=VALUES(free_shipping), list_price=VALUES(list_price), sale_price=VALUES(sale_price), author_bio=VALUES(author_bio), book_description=VALUES(book_description);
INSERT INTO book (isbn, title, subtitle, author, image_url, published_date, publisher) VALUES ('9791160684742', '독도고지도에 대한 국제지도증거법 규칙의 분석적 적용효과', '독도고지도에대한국제지도증거법규칙의분석적적용효과', '김명기', 'https://image.aladin.co.kr/product/27839/20/cover/k562734785_1.jpg', '2021-04-30', '도서출판선인(선인문화사)') ON DUPLICATE KEY UPDATE title=VALUES(title), subtitle=VALUES(subtitle), author=VALUES(author), image_url=VALUES(image_url), published_date=VALUES(published_date), publisher=VALUES(publisher);
INSERT INTO book_detail (isbn, sold_out, free_shipping, list_price, sale_price, author_bio, book_description) VALUES ('9791160684742', 0, 1, 41000, 41000, '김명기에 대한 간단 소개입니다.', '이 연구는 독도고지도는 역사적, 지리적으로 독도는 한국의 영토라는 증거로 되지만, 국제법적으로는 독도는 한국의 영토라는 증거로 되지 못한다는 점을 지적하여 사학, 지리학, 그리고 국제법학의 학제연구를 제의하기 위한 것이다.') ON DUPLICATE KEY UPDATE sold_out=VALUES(sold_out), free_shipping=VALUES(free_shipping), list_price=VALUES(list_price), sale_price=VALUES(sale_price), author_bio=VALUES(author_bio), book_description=VALUES(book_description);
INSERT INTO book (isbn, title, subtitle, author, image_url, published_date, publisher) VALUES ('9788925416229', '보육과정 (한세영 외) - 3판', '보육과정한세영외3판', '한세영', 'https://image.aladin.co.kr/product/27852/65/cover/8925416220_1.jpg', '2021-08-30', '교육과학사') ON DUPLICATE KEY UPDATE title=VALUES(title), subtitle=VALUES(subtitle), author=VALUES(author), image_url=VALUES(image_url), published_date=VALUES(published_date), publisher=VALUES(publisher);
INSERT INTO book_detail (isbn, sold_out, free_shipping, list_price, sale_price, author_bio, book_description) VALUES ('9788925416229', 0, 0, 18000, 18000, '한세영에 대한 간단 소개입니다.', '한 학기 강의진행에 맞게 전체를 5부, 12장으로 개편하였다. 보육과정 전반에 대한 이해, 개정된 보육과정의 실제. 보육과정의 운영, 보육과정이 운영되는 환경, 보육과정의 지원체계와 평가의 이해를 다루었다.') ON DUPLICATE KEY UPDATE sold_out=VALUES(sold_out), free_shipping=VALUES(free_shipping), list_price=VALUES(list_price), sale_price=VALUES(sale_price), author_bio=VALUES(author_bio), book_description=VALUES(book_description);
INSERT INTO book (isbn, title, subtitle, author, image_url, published_date, publisher) VALUES ('9788955626957', '응용 디지털공학', '응용디지털공학', '김해재', NULL, '2023-07-22', '다솜출판사') ON DUPLICATE KEY UPDATE title=VALUES(title), subtitle=VALUES(subtitle), author=VALUES(author), image_url=VALUES(image_url), published_date=VALUES(published_date), publisher=VALUES(publisher);
INSERT INTO book_detail (isbn, sold_out, free_shipping, list_price, sale_price, author_bio, book_description) VALUES ('9788955626957', 0, 0, NULL, NULL, '김해재에 대한 간단 소개입니다.', '응용 디지털공학 — 응용디지털공학에 대한 자동 생성 소개입니다.') ON DUPLICATE KEY UPDATE sold_out=VALUES(sold_out), free_shipping=VALUES(free_shipping), list_price=VALUES(list_price), sale_price=VALUES(sale_price), author_bio=VALUES(author_bio), book_description=VALUES(book_description);
INSERT INTO book (isbn, title, subtitle, author, image_url, published_date, publisher) VALUES ('9788905052225', '초등 풍산자 개념×유형 수학 3-2 (2022년) - 2015 개정 교육과정', '초등풍산자개념유형수학322022년2015개정교육과정', '강연주 (지은이)', 'https://image.aladin.co.kr/product/27760/91/cover/8905052223_1.jpg', '2021-08-01', '지학사(참고서)') ON DUPLICATE KEY UPDATE title=VALUES(title), subtitle=VALUES(subtitle), author=VALUES(author), image_url=VALUES(image_url), published_date=VALUES(published_date), publisher=VALUES(publisher);
INSERT INTO book_detail (isbn, sold_out, free_shipping, list_price, sale_price, author_bio, book_description) VALUES ('9788905052225', 0, 0, 8500, 8500, '강연주 (지은이)에 대한 간단 소개입니다.', '개념X연산은 계산을 잘 틀리는 학생을 위한 개념과 관련된 연산 집중 연습 교재이다. 문제가 조금만 바뀌어도 어려워하는 학생을 위한 개념 적용의 다양한 유형 학습 교재이며, 서술형 답안 작성을 어려워하는 학생을 위한 문제해결력을 올려주는 서술형 교재다.') ON DUPLICATE KEY UPDATE sold_out=VALUES(sold_out), free_shipping=VALUES(free_shipping), list_price=VALUES(list_price), sale_price=VALUES(sale_price), author_bio=VALUES(author_bio), book_description=VALUES(book_description);
INSERT INTO book (isbn, title, subtitle, author, image_url, published_date, publisher) VALUES ('9788979447699', '첼로를 품다', '첼로를품다', '김임순 (지은이)', 'https://image.aladin.co.kr/product/27816/91/cover/8979447698_1.jpg', '2021-08-20', '책만드는집') ON DUPLICATE KEY UPDATE title=VALUES(title), subtitle=VALUES(subtitle), author=VALUES(author), image_url=VALUES(image_url), published_date=VALUES(published_date), publisher=VALUES(publisher);
INSERT INTO book_detail (isbn, sold_out, free_shipping, list_price, sale_price, author_bio, book_description) VALUES ('9788979447699', 0, 0, 10000, 10000, '김임순 (지은이)에 대한 간단 소개입니다.', '책만드는집 시인선 176권. 김임순 시조의 미덕은 자아실현을 전제로 한 다양한 체험의 검증과 슬픔을 경계하는 정신의 강성에 있다. 갖가지 물상과 사건들에서 극기의 방편을 찾으려 노력하였고 현재 상황에서 선택할 시간을 가짐으로써 완미한 해법을 얻어내고 있다.') ON DUPLICATE KEY UPDATE sold_out=VALUES(sold_out), free_shipping=VALUES(free_shipping), list_price=VALUES(list_price), sale_price=VALUES(sale_price), author_bio=VALUES(author_bio), book_description=VALUES(book_description);
INSERT INTO book (isbn, title, subtitle, author, image_url, published_date, publisher) VALUES ('9788955626964', '자율운항선박의 현황과 법적쟁점', '자율운항선박의현황과법적쟁점', '이상일', 'https://bookthumb-phinf.pstatic.net/cover/209/376/20937628.jpg?type=m1&udate=20210923', '2021-08-30', '다솜출판사') ON DUPLICATE KEY UPDATE title=VALUES(title), subtitle=VALUES(subtitle), author=VALUES(author), image_url=VALUES(image_url), published_date=VALUES(published_date), publisher=VALUES(publisher);
INSERT INTO book_detail (isbn, sold_out, free_shipping, list_price, sale_price, author_bio, book_description) VALUES ('9788955626964', 0, 1, 25000, 25000, '이상일에 대한 간단 소개입니다.', '자율운항선박의 현황과 법적쟁점 — 자율운항선박의현황과법적쟁점에 대한 자동 생성 소개입니다.') ON DUPLICATE KEY UPDATE sold_out=VALUES(sold_out), free_shipping=VALUES(free_shipping), list_price=VALUES(list_price), sale_price=VALUES(sale_price), author_bio=VALUES(author_bio), book_description=VALUES(book_description);
INSERT INTO book (isbn, title, subtitle, author, image_url, published_date, publisher) VALUES ('9788979447705', '아침 우포', '아침우포', '정현숙 (지은이)', 'https://image.aladin.co.kr/product/27931/44/cover/8979447701_1.jpg', '2021-08-20', '책만드는집') ON DUPLICATE KEY UPDATE title=VALUES(title), subtitle=VALUES(subtitle), author=VALUES(author), image_url=VALUES(image_url), published_date=VALUES(published_date), publisher=VALUES(publisher);
INSERT INTO book_detail (isbn, sold_out, free_shipping, list_price, sale_price, author_bio, book_description) VALUES ('9788979447705', 0, 0, 10000, 10000, '정현숙 (지은이)에 대한 간단 소개입니다.', '책만드는집 시인선 177권. 나라 최대의 자연내륙습지 우포늪을 노래했다. 우포늪의 첫인상을 이 시는 “큰 화첩 넘긴 첫 장”이라 운을 뗀다. 이어서 “수묵빛 쪽배 한 척”과 장대를 짚은 사람의 모습이 멀리 보인다. 시인은 이 장면을 두고 “장대로 세월의 깊이 조심스레 재고 있다”라고 노래한다.') ON DUPLICATE KEY UPDATE sold_out=VALUES(sold_out), free_shipping=VALUES(free_shipping), list_price=VALUES(list_price), sale_price=VALUES(sale_price), author_bio=VALUES(author_bio), book_description=VALUES(book_description);
INSERT INTO book (isbn, title, subtitle, author, image_url, published_date, publisher) VALUES ('9788942614233', '영유아 과학교육', '영유아과학교육', '유칠선 (지은이)', 'https://image.aladin.co.kr/product/27896/49/cover/894261423x_1.jpg', '2021-07-30', '창지사') ON DUPLICATE KEY UPDATE title=VALUES(title), subtitle=VALUES(subtitle), author=VALUES(author), image_url=VALUES(image_url), published_date=VALUES(published_date), publisher=VALUES(publisher);
INSERT INTO book_detail (isbn, sold_out, free_shipping, list_price, sale_price, author_bio, book_description) VALUES ('9788942614233', 0, 1, 21000, 21000, '유칠선 (지은이)에 대한 간단 소개입니다.', '영유아 과학교육 — 영유아과학교육에 대한 자동 생성 소개입니다.') ON DUPLICATE KEY UPDATE sold_out=VALUES(sold_out), free_shipping=VALUES(free_shipping), list_price=VALUES(list_price), sale_price=VALUES(sale_price), author_bio=VALUES(author_bio), book_description=VALUES(book_description);
INSERT INTO book (isbn, title, subtitle, author, image_url, published_date, publisher) VALUES ('9788955626971', '한바다호 기관실 배관시스템 해설집', '한바다호기관실배관시스템해설집', '노정호', NULL, '2023-09-15', '다솜출판사') ON DUPLICATE KEY UPDATE title=VALUES(title), subtitle=VALUES(subtitle), author=VALUES(author), image_url=VALUES(image_url), published_date=VALUES(published_date), publisher=VALUES(publisher);
INSERT INTO book_detail (isbn, sold_out, free_shipping, list_price, sale_price, author_bio, book_description) VALUES ('9788955626971', 0, 0, NULL, NULL, '노정호에 대한 간단 소개입니다.', '한바다호 기관실 배관시스템 해설집 — 한바다호기관실배관시스템해설집에 대한 자동 생성 소개입니다.') ON DUPLICATE KEY UPDATE sold_out=VALUES(sold_out), free_shipping=VALUES(free_shipping), list_price=VALUES(list_price), sale_price=VALUES(sale_price), author_bio=VALUES(author_bio), book_description=VALUES(book_description);
INSERT INTO book (isbn, title, subtitle, author, image_url, published_date, publisher) VALUES ('9788925416205', '교육과정철학', '교육과정철학', '김승호 (지은이)', 'https://image.aladin.co.kr/product/27890/39/cover/8925416204_1.jpg', '2021-08-30', '교육과학사') ON DUPLICATE KEY UPDATE title=VALUES(title), subtitle=VALUES(subtitle), author=VALUES(author), image_url=VALUES(image_url), published_date=VALUES(published_date), publisher=VALUES(publisher);
INSERT INTO book_detail (isbn, sold_out, free_shipping, list_price, sale_price, author_bio, book_description) VALUES ('9788925416205', 0, 0, 15000, 15000, '김승호 (지은이)에 대한 간단 소개입니다.', '교육과정학은 교육학의 각 분과학문들의 연구 활동이 따라야 할 기준 또는 구심점이 되어야 할 뿐만 아니라, 다른 교육학의 분과학문들이 일궈낸 연구 내용이나 결과들을 ‘가르치고 배우는 내용 또는 과정’에 결부시켜 교육과정학 이론으로 해석하거나 변환시켜 주어야 한다.') ON DUPLICATE KEY UPDATE sold_out=VALUES(sold_out), free_shipping=VALUES(free_shipping), list_price=VALUES(list_price), sale_price=VALUES(sale_price), author_bio=VALUES(author_bio), book_description=VALUES(book_description);
INSERT INTO book (isbn, title, subtitle, author, image_url, published_date, publisher) VALUES ('9788905052294', '초등 풍산자 개념×서술형 수학 3-1 (2022년) - 2015 개정 교육과정', '초등풍산자개념서술형수학312022년2015개정교육과정', '강연주 (지은이)', 'https://image.aladin.co.kr/product/27834/52/cover/8905052290_1.jpg', '2021-08-01', '지학사(참고서)') ON DUPLICATE KEY UPDATE title=VALUES(title), subtitle=VALUES(subtitle), author=VALUES(author), image_url=VALUES(image_url), published_date=VALUES(published_date), publisher=VALUES(publisher);
INSERT INTO book_detail (isbn, sold_out, free_shipping, list_price, sale_price, author_bio, book_description) VALUES ('9788905052294', 0, 0, 8500, 8500, '강연주 (지은이)에 대한 간단 소개입니다.', '이 책은 3학년 수학에 대해 다룬 도서입니다. 3학년 수학에 대한 기초적이고 전반적인 내용을 확인할 수 있도록 구성했습니다.') ON DUPLICATE KEY UPDATE sold_out=VALUES(sold_out), free_shipping=VALUES(free_shipping), list_price=VALUES(list_price), sale_price=VALUES(sale_price), author_bio=VALUES(author_bio), book_description=VALUES(book_description);
INSERT INTO book (isbn, title, subtitle, author, image_url, published_date, publisher) VALUES ('9791197296338', '예술인 심리상담 프로그램 효과검증 연구', '예술인심리상담프로그램효과검증연구', '연구책임: 장은진', NULL, '2024-10-10', '한국예술인복지재단') ON DUPLICATE KEY UPDATE title=VALUES(title), subtitle=VALUES(subtitle), author=VALUES(author), image_url=VALUES(image_url), published_date=VALUES(published_date), publisher=VALUES(publisher);
INSERT INTO book_detail (isbn, sold_out, free_shipping, list_price, sale_price, author_bio, book_description) VALUES ('9791197296338', 0, 0, NULL, NULL, '연구책임: 장은진에 대한 간단 소개입니다.', '예술인 심리상담 프로그램 효과검증 연구 — 예술인심리상담프로그램효과검증연구에 대한 자동 생성 소개입니다.') ON DUPLICATE KEY UPDATE sold_out=VALUES(sold_out), free_shipping=VALUES(free_shipping), list_price=VALUES(list_price), sale_price=VALUES(sale_price), author_bio=VALUES(author_bio), book_description=VALUES(book_description);
INSERT INTO book (isbn, title, subtitle, author, image_url, published_date, publisher) VALUES ('9791196062842', '미래, 결혼과학 =', '미래,결혼과학', 'Alex Seong Soo Lim 지음', NULL, '2024-02-22', '노벨사') ON DUPLICATE KEY UPDATE title=VALUES(title), subtitle=VALUES(subtitle), author=VALUES(author), image_url=VALUES(image_url), published_date=VALUES(published_date), publisher=VALUES(publisher);
INSERT INTO book_detail (isbn, sold_out, free_shipping, list_price, sale_price, author_bio, book_description) VALUES ('9791196062842', 0, 0, NULL, NULL, 'Alex Seong Soo Lim 지음에 대한 간단 소개입니다.', '미래, 결혼과학 = — 미래,결혼과학에 대한 자동 생성 소개입니다.') ON DUPLICATE KEY UPDATE sold_out=VALUES(sold_out), free_shipping=VALUES(free_shipping), list_price=VALUES(list_price), sale_price=VALUES(sale_price), author_bio=VALUES(author_bio), book_description=VALUES(book_description);
INSERT INTO book (isbn, title, subtitle, author, image_url, published_date, publisher) VALUES ('9788925416250', '교육 불평등 - 학교교육에 의한 불평등의 재생산', '교육불평등학교교육에의한불평등의재생산', '오욱환 (지은이)', 'https://image.aladin.co.kr/product/27890/37/cover/8925416255_1.jpg', '2021-08-30', '교육과학사') ON DUPLICATE KEY UPDATE title=VALUES(title), subtitle=VALUES(subtitle), author=VALUES(author), image_url=VALUES(image_url), published_date=VALUES(published_date), publisher=VALUES(publisher);
INSERT INTO book_detail (isbn, sold_out, free_shipping, list_price, sale_price, author_bio, book_description) VALUES ('9788925416250', 0, 1, 24000, 24000, '오욱환 (지은이)에 대한 간단 소개입니다.', '학교교육은 사적 출세의 도구로만 이용되면서 생산성, 창조성, 활력의 기능을 잃어가고 있다. 학교교육이 공익성을 상실함으로써 학교가 시장처럼 변하고 심지어 난장으로 변질하고 있다. 학교교육이 생산성, 창조성, 활력의 원천으로 작동하려면, 우리가 교육 불평등의 구조화와 재생산을 저지해야 한다.') ON DUPLICATE KEY UPDATE sold_out=VALUES(sold_out), free_shipping=VALUES(free_shipping), list_price=VALUES(list_price), sale_price=VALUES(sale_price), author_bio=VALUES(author_bio), book_description=VALUES(book_description);
INSERT INTO book (isbn, title, subtitle, author, image_url, published_date, publisher) VALUES ('9791165529840', 'MBAで學ぶ世界標準の會計とファイナンス - 1冊にまとめて圖でわかりやすく解說', 'mba1', '조병현 (지은이)', 'https://image.aladin.co.kr/product/27717/32/cover/k432733541_1.jpg', '2021-07-31', '지식과감성#') ON DUPLICATE KEY UPDATE title=VALUES(title), subtitle=VALUES(subtitle), author=VALUES(author), image_url=VALUES(image_url), published_date=VALUES(published_date), publisher=VALUES(publisher);
INSERT INTO book_detail (isbn, sold_out, free_shipping, list_price, sale_price, author_bio, book_description) VALUES ('9791165529840', 0, 1, 23000, 23000, '조병현 (지은이)에 대한 간단 소개입니다.', '《MBA 회계와 기업재무》의 일본어판이다. 대부분의 MBA 과정에서 공통으로 다루고 있는 회계와 기업재무에 대한 핵심적인 내용을 모두 담아 투자자와 경영자의 의사결정을 동시에 지원하는 MBA 이론서이다.') ON DUPLICATE KEY UPDATE sold_out=VALUES(sold_out), free_shipping=VALUES(free_shipping), list_price=VALUES(list_price), sale_price=VALUES(sale_price), author_bio=VALUES(author_bio), book_description=VALUES(book_description);
INSERT INTO book (isbn, title, subtitle, author, image_url, published_date, publisher) VALUES ('9791195254262', '금융공학.', '금융공학', '최병선 지음', NULL, '2025-01-26', '서울대학교 금융경제연구원') ON DUPLICATE KEY UPDATE title=VALUES(title), subtitle=VALUES(subtitle), author=VALUES(author), image_url=VALUES(image_url), published_date=VALUES(published_date), publisher=VALUES(publisher);
INSERT INTO book_detail (isbn, sold_out, free_shipping, list_price, sale_price, author_bio, book_description) VALUES ('9791195254262', 0, 0, NULL, NULL, '최병선 지음에 대한 간단 소개입니다.', '금융공학. — 금융공학에 대한 자동 생성 소개입니다.') ON DUPLICATE KEY UPDATE sold_out=VALUES(sold_out), free_shipping=VALUES(free_shipping), list_price=VALUES(list_price), sale_price=VALUES(sale_price), author_bio=VALUES(author_bio), book_description=VALUES(book_description);
INSERT INTO book (isbn, title, subtitle, author, image_url, published_date, publisher) VALUES ('9788981604448', '이해하기 쉬운 식품화학', '이해하기쉬운식품화학', '강명화', 'https://image.aladin.co.kr/product/27855/39/cover/8981604444_1.jpg', '2021-09-05', '파워북') ON DUPLICATE KEY UPDATE title=VALUES(title), subtitle=VALUES(subtitle), author=VALUES(author), image_url=VALUES(image_url), published_date=VALUES(published_date), publisher=VALUES(publisher);
INSERT INTO book_detail (isbn, sold_out, free_shipping, list_price, sale_price, author_bio, book_description) VALUES ('9788981604448', 0, 1, 24000, 24000, '강명화에 대한 간단 소개입니다.', '다양한 식품 개발을 위해 식품이 갖는 화학적 구조 및 특성을 이해하는 것이 반드시 필요하다. 수분, 탄수화물, 단백질, 지질, 비타민 및 무기질뿐 아니라 맛, 향기 등에 관해 저술하여 식품화학을 공부하는 학생들에게 식품의 화학적 본질을 이해하도록 하였다.') ON DUPLICATE KEY UPDATE sold_out=VALUES(sold_out), free_shipping=VALUES(free_shipping), list_price=VALUES(list_price), sale_price=VALUES(sale_price), author_bio=VALUES(author_bio), book_description=VALUES(book_description);
INSERT INTO book (isbn, title, subtitle, author, image_url, published_date, publisher) VALUES ('9788925416311', '미래사회를 위한 교육의 방법과 테크놀로지', '미래사회를위한교육의방법과테크놀로지', '이화여자대학교 교육공학과 (지은이)', 'https://image.aladin.co.kr/product/27896/57/cover/892541631x_1.jpg', '2021-08-30', '교육과학사') ON DUPLICATE KEY UPDATE title=VALUES(title), subtitle=VALUES(subtitle), author=VALUES(author), image_url=VALUES(image_url), published_date=VALUES(published_date), publisher=VALUES(publisher);
INSERT INTO book_detail (isbn, sold_out, free_shipping, list_price, sale_price, author_bio, book_description) VALUES ('9788925416311', 0, 1, 20000, 20000, '이화여자대학교 교육공학과 (지은이)에 대한 간단 소개입니다.', '변화하고 있는 21세기 초지능, 초연결의 4차 산업혁명 시대를 맞이하여 변화하는 사회, 학교환경과 첨단테크놀로지를 학교를 비롯한 교육기관의 수업과 통합하여 인간의 역량을 최대화하는 데 도움이 되는 이론과 방법론을 정리한 교재다.') ON DUPLICATE KEY UPDATE sold_out=VALUES(sold_out), free_shipping=VALUES(free_shipping), list_price=VALUES(list_price), sale_price=VALUES(sale_price), author_bio=VALUES(author_bio), book_description=VALUES(book_description);
INSERT INTO book (isbn, title, subtitle, author, image_url, published_date, publisher) VALUES ('9788905052300', '초등 풍산자 개념×서술형 수학 3-2 (2022년) - 2015 개정 교육과정', '초등풍산자개념서술형수학322022년2015개정교육과정', '강연주 (지은이)', 'https://image.aladin.co.kr/product/27760/80/cover/8905052304_1.jpg', '2021-08-01', '지학사(참고서)') ON DUPLICATE KEY UPDATE title=VALUES(title), subtitle=VALUES(subtitle), author=VALUES(author), image_url=VALUES(image_url), published_date=VALUES(published_date), publisher=VALUES(publisher);
INSERT INTO book_detail (isbn, sold_out, free_shipping, list_price, sale_price, author_bio, book_description) VALUES ('9788905052300', 0, 0, 8500, 8500, '강연주 (지은이)에 대한 간단 소개입니다.', '[초등 풍산자]는 하나의 개념을 세 번 반복하는 1x3법칙으로 초등 수학 개념을 완성한다. 개념x서술형은 서술형 답안 작성을 어려워하는 학생을 위한 문제해결력을 올려주는 서술형 교재이다.') ON DUPLICATE KEY UPDATE sold_out=VALUES(sold_out), free_shipping=VALUES(free_shipping), list_price=VALUES(list_price), sale_price=VALUES(sale_price), author_bio=VALUES(author_bio), book_description=VALUES(book_description);
INSERT INTO book (isbn, title, subtitle, author, image_url, published_date, publisher) VALUES ('9788981604523', '감각검사 - 원리에서 활용까지', '감각검사원리에서활용까지', '서동순', 'https://image.aladin.co.kr/product/27855/43/cover/8981604525_1.jpg', '2021-09-06', '파워북') ON DUPLICATE KEY UPDATE title=VALUES(title), subtitle=VALUES(subtitle), author=VALUES(author), image_url=VALUES(image_url), published_date=VALUES(published_date), publisher=VALUES(publisher);
INSERT INTO book_detail (isbn, sold_out, free_shipping, list_price, sale_price, author_bio, book_description) VALUES ('9788981604523', 0, 1, 24000, 24000, '서동순에 대한 간단 소개입니다.', '식품을 포함한 제품의 특성, 평가와 관련된 심리적요인, 감각검사 방법, 시료 준비 및 제시 절차, 패널요원의 선정 및 훈련, 검사실의 환경을 소개하고, 이들을 적용한 다양한 예를 제시하는 책이다. 감각검사를 수행하는 데 필요한 실험계획 및 통계적 결과 분석방법 등을 포함하였다.') ON DUPLICATE KEY UPDATE sold_out=VALUES(sold_out), free_shipping=VALUES(free_shipping), list_price=VALUES(list_price), sale_price=VALUES(sale_price), author_bio=VALUES(author_bio), book_description=VALUES(book_description);
INSERT INTO book (isbn, title, subtitle, author, image_url, published_date, publisher) VALUES ('9791160453621', '기계요소설계 :', '기계요소설계', '김정배 지음', NULL, '2023-02-14', '세진사') ON DUPLICATE KEY UPDATE title=VALUES(title), subtitle=VALUES(subtitle), author=VALUES(author), image_url=VALUES(image_url), published_date=VALUES(published_date), publisher=VALUES(publisher);
INSERT INTO book_detail (isbn, sold_out, free_shipping, list_price, sale_price, author_bio, book_description) VALUES ('9791160453621', 0, 0, NULL, NULL, '김정배 지음에 대한 간단 소개입니다.', '기계요소설계 : — 기계요소설계에 대한 자동 생성 소개입니다.') ON DUPLICATE KEY UPDATE sold_out=VALUES(sold_out), free_shipping=VALUES(free_shipping), list_price=VALUES(list_price), sale_price=VALUES(sale_price), author_bio=VALUES(author_bio), book_description=VALUES(book_description);
INSERT INTO book (isbn, title, subtitle, author, image_url, published_date, publisher) VALUES ('9788981604561', '이해하기 쉬운 영양판정 및 실습', '이해하기쉬운영양판정및실습', '서정숙 (지은이)', 'https://image.aladin.co.kr/product/27885/80/cover/8981604568_1.jpg', '2021-09-06', '파워북') ON DUPLICATE KEY UPDATE title=VALUES(title), subtitle=VALUES(subtitle), author=VALUES(author), image_url=VALUES(image_url), published_date=VALUES(published_date), publisher=VALUES(publisher);
INSERT INTO book_detail (isbn, sold_out, free_shipping, list_price, sale_price, author_bio, book_description) VALUES ('9788981604561', 0, 1, 22000, 22000, '서정숙 (지은이)에 대한 간단 소개입니다.', '영양판정의 기본 이론과 구체적 방법을 기술하였고, 실제 현장에서 쉽게 적용할 수 있도록 각 판정방법에 대한 실습으로 구성하였다. 또한 2020년에 개정된 한국인 영양소 섭취기준, 2016·2018년 국민건강영양조사 결과, 2017년 소아청소년 성장도표 등의 자료를 수록하였다.') ON DUPLICATE KEY UPDATE sold_out=VALUES(sold_out), free_shipping=VALUES(free_shipping), list_price=VALUES(list_price), sale_price=VALUES(sale_price), author_bio=VALUES(author_bio), book_description=VALUES(book_description);
INSERT INTO book (isbn, title, subtitle, author, image_url, published_date, publisher) VALUES ('9791196913441', '내 삶의 여백 - 나를 돌아보는 시간', '내삶의여백나를돌아보는시간', '박상태 (지은이)', 'https://image.aladin.co.kr/product/27934/31/cover/k562734018_1.jpg', '2021-09-01', '솔숲출판사') ON DUPLICATE KEY UPDATE title=VALUES(title), subtitle=VALUES(subtitle), author=VALUES(author), image_url=VALUES(image_url), published_date=VALUES(published_date), publisher=VALUES(publisher);
INSERT INTO book_detail (isbn, sold_out, free_shipping, list_price, sale_price, author_bio, book_description) VALUES ('9791196913441', 0, 0, 16000, 16000, '박상태 (지은이)에 대한 간단 소개입니다.', '문득 돌아본 내 삶에 던지는 질문들. ‘여백은 다사다난한 시대를 살아가는 우리들에게 편안과 위안을 준다. 여백에 관심을 보이는 것만으로도 생활에 숨통이 트인다.’ 작가는 여백을 통해 자신의 삶을 돌아보는 시간과 그 속에서 여유를 찾으라 말한다.') ON DUPLICATE KEY UPDATE sold_out=VALUES(sold_out), free_shipping=VALUES(free_shipping), list_price=VALUES(list_price), sale_price=VALUES(sale_price), author_bio=VALUES(author_bio), book_description=VALUES(book_description);
INSERT INTO book (isbn, title, subtitle, author, image_url, published_date, publisher) VALUES ('9791138304474', '소워니놀이터의 띠부띠부 가게놀이 - 떼었다 붙였다 하면서 즐기는 종이놀이 도안집', '소워니놀이터의띠부띠부가게놀이떼었다붙였다하면서즐기는종이놀이도안집', '조윤성 (지은이)', 'https://image.aladin.co.kr/product/27943/81/cover/k662734113_1.jpg', '2021-10-05', '시대인') ON DUPLICATE KEY UPDATE title=VALUES(title), subtitle=VALUES(subtitle), author=VALUES(author), image_url=VALUES(image_url), published_date=VALUES(published_date), publisher=VALUES(publisher);
INSERT INTO book_detail (isbn, sold_out, free_shipping, list_price, sale_price, author_bio, book_description) VALUES ('9791138304474', 0, 1, 20000, 20000, '조윤성 (지은이)에 대한 간단 소개입니다.', '기존의 종이놀이는 종이가 찢어지거나 물에 젖으면 쉽게 망가지기 때문에 오래 가지고 놀 수가 없었다. 그래서 소워니놀이터는 도안을 코팅해 오래 가지고 놀아도 망가지지 않도록 만들었다. 만드는 과정이 헷갈린다면 QR코드를 스캔하여 동영상을 참고할 수 있다.') ON DUPLICATE KEY UPDATE sold_out=VALUES(sold_out), free_shipping=VALUES(free_shipping), list_price=VALUES(list_price), sale_price=VALUES(sale_price), author_bio=VALUES(author_bio), book_description=VALUES(book_description);
INSERT INTO book (isbn, title, subtitle, author, image_url, published_date, publisher) VALUES ('9791158588069', '노을 녘 길 :', '노을녘길', '지은이: 이내섭', NULL, '2024-11-09', '밥북') ON DUPLICATE KEY UPDATE title=VALUES(title), subtitle=VALUES(subtitle), author=VALUES(author), image_url=VALUES(image_url), published_date=VALUES(published_date), publisher=VALUES(publisher);
INSERT INTO book_detail (isbn, sold_out, free_shipping, list_price, sale_price, author_bio, book_description) VALUES ('9791158588069', 0, 0, NULL, NULL, '지은이: 이내섭에 대한 간단 소개입니다.', '노을 녘 길 : — 노을녘길에 대한 자동 생성 소개입니다.') ON DUPLICATE KEY UPDATE sold_out=VALUES(sold_out), free_shipping=VALUES(free_shipping), list_price=VALUES(list_price), sale_price=VALUES(sale_price), author_bio=VALUES(author_bio), book_description=VALUES(book_description);
INSERT INTO book (isbn, title, subtitle, author, image_url, published_date, publisher) VALUES ('9788981604622', '지속가능한 식생활관리 - 개정판', '지속가능한식생활관리개정판', '류경', 'https://image.aladin.co.kr/product/27885/81/cover/8981604622_1.jpg', '2021-09-06', '파워북') ON DUPLICATE KEY UPDATE title=VALUES(title), subtitle=VALUES(subtitle), author=VALUES(author), image_url=VALUES(image_url), published_date=VALUES(published_date), publisher=VALUES(publisher);
INSERT INTO book_detail (isbn, sold_out, free_shipping, list_price, sale_price, author_bio, book_description) VALUES ('9788981604622', 0, 1, 22000, 22000, '류경에 대한 간단 소개입니다.', '식생활관리의 학문적 성격을 살려 가능한 한 이론과 실천적인 내용을 함께 다루고자 노력하였다. 각 장마다 주요 이슈를 제시하여 학습 내용에 대한 문제를 제기하였고, 또한 ‘알아두기’와 ‘쉬어가기’를 통해 학습주제에 대한 이해의 폭을 넓히고 스스로 적용할 수 있도록 하였다.') ON DUPLICATE KEY UPDATE sold_out=VALUES(sold_out), free_shipping=VALUES(free_shipping), list_price=VALUES(list_price), sale_price=VALUES(sale_price), author_bio=VALUES(author_bio), book_description=VALUES(book_description);
INSERT INTO book (isbn, title, subtitle, author, image_url, published_date, publisher) VALUES ('9788925416298', '시민교육의 이해', '시민교육의이해', '해리 브릭하우스 (지은이)', 'https://image.aladin.co.kr/product/27928/80/cover/8925416298_1.jpg', '2021-08-25', '교육과학사') ON DUPLICATE KEY UPDATE title=VALUES(title), subtitle=VALUES(subtitle), author=VALUES(author), image_url=VALUES(image_url), published_date=VALUES(published_date), publisher=VALUES(publisher);
INSERT INTO book_detail (isbn, sold_out, free_shipping, list_price, sale_price, author_bio, book_description) VALUES ('9788925416298', 0, 0, 15000, 15000, '해리 브릭하우스 (지은이)에 대한 간단 소개입니다.', '브릭하우스 교수는 시민교육의 이념을 실현하기 위한 네 가지 목표를 제시하고, 이와 함께 시민교육을 실행하는 데 수반되는 세 가지 쟁점 사항을 논의하고 있다.') ON DUPLICATE KEY UPDATE sold_out=VALUES(sold_out), free_shipping=VALUES(free_shipping), list_price=VALUES(list_price), sale_price=VALUES(sale_price), author_bio=VALUES(author_bio), book_description=VALUES(book_description);
INSERT INTO book (isbn, title, subtitle, author, image_url, published_date, publisher) VALUES ('9788981604585', '영양판정 - 개정판', '영양판정개정판', '김유리', 'https://image.aladin.co.kr/product/27885/90/cover/8981604584_1.jpg', '2021-09-06', '파워북') ON DUPLICATE KEY UPDATE title=VALUES(title), subtitle=VALUES(subtitle), author=VALUES(author), image_url=VALUES(image_url), published_date=VALUES(published_date), publisher=VALUES(publisher);
INSERT INTO book_detail (isbn, sold_out, free_shipping, list_price, sale_price, author_bio, book_description) VALUES ('9788981604585', 0, 1, 24000, 24000, '김유리에 대한 간단 소개입니다.', '식사조사, 신체계측, 생화학적 조사, 임상조사의 기본적인 영양판정의 이론과 더불어 실습이나 실험의 비중이 큰 영양판정의 특징을 살려, 각 판정방법의 이론을 충실히 서술하였다. 각 장에 연습문제를 두어 습득한 이론을 응용하고, 현장에서 실무에 활용할 수 있게 하였다.') ON DUPLICATE KEY UPDATE sold_out=VALUES(sold_out), free_shipping=VALUES(free_shipping), list_price=VALUES(list_price), sale_price=VALUES(sale_price), author_bio=VALUES(author_bio), book_description=VALUES(book_description);
INSERT INTO book (isbn, title, subtitle, author, image_url, published_date, publisher) VALUES ('9791196983734', '''들길에 서서'' 신석정 시', '들길에서서신석정시', '저자: 임형민', NULL, '2024-03-04', '땅땅뮤직') ON DUPLICATE KEY UPDATE title=VALUES(title), subtitle=VALUES(subtitle), author=VALUES(author), image_url=VALUES(image_url), published_date=VALUES(published_date), publisher=VALUES(publisher);
INSERT INTO book_detail (isbn, sold_out, free_shipping, list_price, sale_price, author_bio, book_description) VALUES ('9791196983734', 0, 0, NULL, NULL, '저자: 임형민에 대한 간단 소개입니다.', '''들길에 서서'' 신석정 시 — 들길에서서신석정시에 대한 자동 생성 소개입니다.') ON DUPLICATE KEY UPDATE sold_out=VALUES(sold_out), free_shipping=VALUES(free_shipping), list_price=VALUES(list_price), sale_price=VALUES(sale_price), author_bio=VALUES(author_bio), book_description=VALUES(book_description);
INSERT INTO book (isbn, title, subtitle, author, image_url, published_date, publisher) VALUES ('9791195788040', '건축, 생각을 담다 Wood Structure', '건축,생각을담다woodstructure', '신사쿠 무네모토 (지은이)', 'https://image.aladin.co.kr/product/27920/82/cover/k942734608_1.jpg', '2021-09-01', '아키그램') ON DUPLICATE KEY UPDATE title=VALUES(title), subtitle=VALUES(subtitle), author=VALUES(author), image_url=VALUES(image_url), published_date=VALUES(published_date), publisher=VALUES(publisher);
INSERT INTO book_detail (isbn, sold_out, free_shipping, list_price, sale_price, author_bio, book_description) VALUES ('9791195788040', 0, 1, 32000, 32000, '신사쿠 무네모토 (지은이)에 대한 간단 소개입니다.', '건축, 생각을 담다 Wood Structure — 건축,생각을담다woodstructure에 대한 자동 생성 소개입니다.') ON DUPLICATE KEY UPDATE sold_out=VALUES(sold_out), free_shipping=VALUES(free_shipping), list_price=VALUES(list_price), sale_price=VALUES(sale_price), author_bio=VALUES(author_bio), book_description=VALUES(book_description);
INSERT INTO book (isbn, title, subtitle, author, image_url, published_date, publisher) VALUES ('9791197374111', '호텔식음료 운영 실무 =', '호텔식음료운영실무', '김은정', NULL, '2022-07-20', '레전드') ON DUPLICATE KEY UPDATE title=VALUES(title), subtitle=VALUES(subtitle), author=VALUES(author), image_url=VALUES(image_url), published_date=VALUES(published_date), publisher=VALUES(publisher);
INSERT INTO book_detail (isbn, sold_out, free_shipping, list_price, sale_price, author_bio, book_description) VALUES ('9791197374111', 0, 0, NULL, NULL, '김은정에 대한 간단 소개입니다.', '호텔식음료 운영 실무 = — 호텔식음료운영실무에 대한 자동 생성 소개입니다.') ON DUPLICATE KEY UPDATE sold_out=VALUES(sold_out), free_shipping=VALUES(free_shipping), list_price=VALUES(list_price), sale_price=VALUES(sale_price), author_bio=VALUES(author_bio), book_description=VALUES(book_description);
INSERT INTO book (isbn, title, subtitle, author, image_url, published_date, publisher) VALUES ('9780880130059', 'Untold stories of Vietnam :', 'untoldstoriesofvietnam', '임아은', NULL, '2022-01-19', NULL) ON DUPLICATE KEY UPDATE title=VALUES(title), subtitle=VALUES(subtitle), author=VALUES(author), image_url=VALUES(image_url), published_date=VALUES(published_date), publisher=VALUES(publisher);
INSERT INTO book_detail (isbn, sold_out, free_shipping, list_price, sale_price, author_bio, book_description) VALUES ('9780880130059', 0, 0, NULL, NULL, '임아은에 대한 간단 소개입니다.', 'Untold stories of Vietnam : — untoldstoriesofvietnam에 대한 자동 생성 소개입니다.') ON DUPLICATE KEY UPDATE sold_out=VALUES(sold_out), free_shipping=VALUES(free_shipping), list_price=VALUES(list_price), sale_price=VALUES(sale_price), author_bio=VALUES(author_bio), book_description=VALUES(book_description);
INSERT INTO book (isbn, title, subtitle, author, image_url, published_date, publisher) VALUES ('9791195788026', '건축, 생각을 담다 Steel Frame Structure', '건축,생각을담다steelframestructure', '신사쿠 무네모토 (지은이)', 'https://image.aladin.co.kr/product/27920/88/cover/k182734608_1.jpg', '2021-09-01', '아키그램') ON DUPLICATE KEY UPDATE title=VALUES(title), subtitle=VALUES(subtitle), author=VALUES(author), image_url=VALUES(image_url), published_date=VALUES(published_date), publisher=VALUES(publisher);
INSERT INTO book_detail (isbn, sold_out, free_shipping, list_price, sale_price, author_bio, book_description) VALUES ('9791195788026', 0, 1, 32000, 32000, '신사쿠 무네모토 (지은이)에 대한 간단 소개입니다.', '건축, 생각을 담다 Steel Frame Structure — 건축,생각을담다steelframestructure에 대한 자동 생성 소개입니다.') ON DUPLICATE KEY UPDATE sold_out=VALUES(sold_out), free_shipping=VALUES(free_shipping), list_price=VALUES(list_price), sale_price=VALUES(sale_price), author_bio=VALUES(author_bio), book_description=VALUES(book_description);
INSERT INTO book (isbn, title, subtitle, author, image_url, published_date, publisher) VALUES ('9788984689978', '수질화학', '수질화학', '이동석 (지은이)', 'https://image.aladin.co.kr/product/27900/8/cover/8984689971_1.jpg', '2021-09-01', '21세기사') ON DUPLICATE KEY UPDATE title=VALUES(title), subtitle=VALUES(subtitle), author=VALUES(author), image_url=VALUES(image_url), published_date=VALUES(published_date), publisher=VALUES(publisher);
INSERT INTO book_detail (isbn, sold_out, free_shipping, list_price, sale_price, author_bio, book_description) VALUES ('9788984689978', 0, 1, 28000, 28000, '이동석 (지은이)에 대한 간단 소개입니다.', '자연과 인간 생활에서 가장 우수한 용매로 작용하는 물 속에서 물질들이 나타내는 산 - 염기 반응, 착화합물 형성, 침전과 용해 그리고 산화와 환원반응을 기술하였다. 한편 환경 관련 학습자와 전문가가 이해해야 할 기본 반응을 설명하였다.') ON DUPLICATE KEY UPDATE sold_out=VALUES(sold_out), free_shipping=VALUES(free_shipping), list_price=VALUES(list_price), sale_price=VALUES(sale_price), author_bio=VALUES(author_bio), book_description=VALUES(book_description);
INSERT INTO book (isbn, title, subtitle, author, image_url, published_date, publisher) VALUES ('9791195788033', '건축, 생각을 담다 Reinforced Concrete', '건축,생각을담다reinforcedconcrete', '신사쿠 무네모토 (지은이)', 'https://image.aladin.co.kr/product/27920/90/cover/k272734608_1.jpg', '2021-09-01', '아키그램') ON DUPLICATE KEY UPDATE title=VALUES(title), subtitle=VALUES(subtitle), author=VALUES(author), image_url=VALUES(image_url), published_date=VALUES(published_date), publisher=VALUES(publisher);
INSERT INTO book_detail (isbn, sold_out, free_shipping, list_price, sale_price, author_bio, book_description) VALUES ('9791195788033', 0, 1, 32000, 32000, '신사쿠 무네모토 (지은이)에 대한 간단 소개입니다.', '건축, 생각을 담다 Reinforced Concrete — 건축,생각을담다reinforcedconcrete에 대한 자동 생성 소개입니다.') ON DUPLICATE KEY UPDATE sold_out=VALUES(sold_out), free_shipping=VALUES(free_shipping), list_price=VALUES(list_price), sale_price=VALUES(sale_price), author_bio=VALUES(author_bio), book_description=VALUES(book_description);
INSERT INTO book (isbn, title, subtitle, author, image_url, published_date, publisher) VALUES ('9791155504802', '감식안 :', '감식안', '성균관대학교 박물관 [편]', NULL, '2024-05-09', '성균관대학교 박물관') ON DUPLICATE KEY UPDATE title=VALUES(title), subtitle=VALUES(subtitle), author=VALUES(author), image_url=VALUES(image_url), published_date=VALUES(published_date), publisher=VALUES(publisher);
INSERT INTO book_detail (isbn, sold_out, free_shipping, list_price, sale_price, author_bio, book_description) VALUES ('9791155504802', 0, 0, NULL, NULL, '성균관대학교 박물관 [편]에 대한 간단 소개입니다.', '감식안 : — 감식안에 대한 자동 생성 소개입니다.') ON DUPLICATE KEY UPDATE sold_out=VALUES(sold_out), free_shipping=VALUES(free_shipping), list_price=VALUES(list_price), sale_price=VALUES(sale_price), author_bio=VALUES(author_bio), book_description=VALUES(book_description);
INSERT INTO book (isbn, title, subtitle, author, image_url, published_date, publisher) VALUES ('9791196876791', '별들에게 묻다 :', '별들에게묻다', '지은이: 차달숙', NULL, '2023-09-24', '예인문화사') ON DUPLICATE KEY UPDATE title=VALUES(title), subtitle=VALUES(subtitle), author=VALUES(author), image_url=VALUES(image_url), published_date=VALUES(published_date), publisher=VALUES(publisher);
INSERT INTO book_detail (isbn, sold_out, free_shipping, list_price, sale_price, author_bio, book_description) VALUES ('9791196876791', 0, 0, NULL, NULL, '지은이: 차달숙에 대한 간단 소개입니다.', '별들에게 묻다 : — 별들에게묻다에 대한 자동 생성 소개입니다.') ON DUPLICATE KEY UPDATE sold_out=VALUES(sold_out), free_shipping=VALUES(free_shipping), list_price=VALUES(list_price), sale_price=VALUES(sale_price), author_bio=VALUES(author_bio), book_description=VALUES(book_description);
INSERT INTO book (isbn, title, subtitle, author, image_url, published_date, publisher) VALUES ('9788972955283', '고간찰 고문헌 용어사전', '고간찰고문헌용어사전', '한석수 (지은이)', 'https://image.aladin.co.kr/product/27937/78/cover/8972955280_1.jpg', '2021-08-31', '충북대학교출판부(CBNUPRESS)') ON DUPLICATE KEY UPDATE title=VALUES(title), subtitle=VALUES(subtitle), author=VALUES(author), image_url=VALUES(image_url), published_date=VALUES(published_date), publisher=VALUES(publisher);
INSERT INTO book_detail (isbn, sold_out, free_shipping, list_price, sale_price, author_bio, book_description) VALUES ('9788972955283', 0, 1, 40000, 40000, '한석수 (지은이)에 대한 간단 소개입니다.', '선인들의 한문간찰과 고문헌에 쓰인 성어(成語)나 어휘 가운데 중요한 것을 정리한 결과물이다. 이들 어휘나 성어는 기존의 한국어사전이나 한한사전(漢韓事典)에서 용이하게 찾을 수가 없는 것이 대부분으로 한문으로 된 간찰이나 고문헌을 이해하는데 꼭 필요한 것들이다.') ON DUPLICATE KEY UPDATE sold_out=VALUES(sold_out), free_shipping=VALUES(free_shipping), list_price=VALUES(list_price), sale_price=VALUES(sale_price), author_bio=VALUES(author_bio), book_description=VALUES(book_description);
INSERT INTO book (isbn, title, subtitle, author, image_url, published_date, publisher) VALUES ('9788972955290', '지리과 교육과정과 교과서 탐구', '지리과교육과정과교과서탐구', '강창숙 (지은이)', 'https://image.aladin.co.kr/product/27937/86/cover/8972955299_1.jpg', '2021-08-31', '충북대학교출판부(CBNUPRESS)') ON DUPLICATE KEY UPDATE title=VALUES(title), subtitle=VALUES(subtitle), author=VALUES(author), image_url=VALUES(image_url), published_date=VALUES(published_date), publisher=VALUES(publisher);
INSERT INTO book_detail (isbn, sold_out, free_shipping, list_price, sale_price, author_bio, book_description) VALUES ('9788972955290', 0, 1, 25000, 25000, '강창숙 (지은이)에 대한 간단 소개입니다.', '교사에게 교육과정은 무엇인가를 질문하면서, 우리나라 지리과 및 사회과 교육과정 변천과 교과서 변화를 살펴보는 책이다. 우리가 잘 알아야 할 동아시아 주요 국가(북한, 중국, 일본)의 최근 지리과 교육과정과 교과서 등을 탐구하였다.') ON DUPLICATE KEY UPDATE sold_out=VALUES(sold_out), free_shipping=VALUES(free_shipping), list_price=VALUES(list_price), sale_price=VALUES(sale_price), author_bio=VALUES(author_bio), book_description=VALUES(book_description);
INSERT INTO book (isbn, title, subtitle, author, image_url, published_date, publisher) VALUES ('9788962259254', '건축전기설비 - 개정', '건축전기설비개정', '김진수', 'https://image.aladin.co.kr/product/27902/36/cover/8962259257_1.jpg', '2021-08-30', '기문당') ON DUPLICATE KEY UPDATE title=VALUES(title), subtitle=VALUES(subtitle), author=VALUES(author), image_url=VALUES(image_url), published_date=VALUES(published_date), publisher=VALUES(publisher);
INSERT INTO book_detail (isbn, sold_out, free_shipping, list_price, sale_price, author_bio, book_description) VALUES ('9788962259254', 0, 1, 25000, 25000, '김진수에 대한 간단 소개입니다.', '건축전기설비 - 개정 — 건축전기설비개정에 대한 자동 생성 소개입니다.') ON DUPLICATE KEY UPDATE sold_out=VALUES(sold_out), free_shipping=VALUES(free_shipping), list_price=VALUES(list_price), sale_price=VALUES(sale_price), author_bio=VALUES(author_bio), book_description=VALUES(book_description);
INSERT INTO book (isbn, title, subtitle, author, image_url, published_date, publisher) VALUES ('9791186563250', '그곳, and… =', '그곳,and', 'photographs by Lee Inchoul', NULL, '2023-04-20', '우인북스') ON DUPLICATE KEY UPDATE title=VALUES(title), subtitle=VALUES(subtitle), author=VALUES(author), image_url=VALUES(image_url), published_date=VALUES(published_date), publisher=VALUES(publisher);
INSERT INTO book_detail (isbn, sold_out, free_shipping, list_price, sale_price, author_bio, book_description) VALUES ('9791186563250', 0, 0, NULL, NULL, 'photographs by Lee Inchoul에 대한 간단 소개입니다.', '그곳, and… = — 그곳,and에 대한 자동 생성 소개입니다.') ON DUPLICATE KEY UPDATE sold_out=VALUES(sold_out), free_shipping=VALUES(free_shipping), list_price=VALUES(list_price), sale_price=VALUES(sale_price), author_bio=VALUES(author_bio), book_description=VALUES(book_description);
INSERT INTO book (isbn, title, subtitle, author, image_url, published_date, publisher) VALUES ('9791166973017', '(최신) 간호정보학 =', '최신간호정보학', '공저: 박현애', NULL, '2023-06-25', '현문사') ON DUPLICATE KEY UPDATE title=VALUES(title), subtitle=VALUES(subtitle), author=VALUES(author), image_url=VALUES(image_url), published_date=VALUES(published_date), publisher=VALUES(publisher);
INSERT INTO book_detail (isbn, sold_out, free_shipping, list_price, sale_price, author_bio, book_description) VALUES ('9791166973017', 0, 0, NULL, NULL, '공저: 박현애에 대한 간단 소개입니다.', '(최신) 간호정보학 = — 최신간호정보학에 대한 자동 생성 소개입니다.') ON DUPLICATE KEY UPDATE sold_out=VALUES(sold_out), free_shipping=VALUES(free_shipping), list_price=VALUES(list_price), sale_price=VALUES(sale_price), author_bio=VALUES(author_bio), book_description=VALUES(book_description);
INSERT INTO book (isbn, title, subtitle, author, image_url, published_date, publisher) VALUES ('9791197559808', '중국문화의 이해', '중국문화의이해', '저자: 안상복', NULL, '2023-05-23', '해이봄') ON DUPLICATE KEY UPDATE title=VALUES(title), subtitle=VALUES(subtitle), author=VALUES(author), image_url=VALUES(image_url), published_date=VALUES(published_date), publisher=VALUES(publisher);
INSERT INTO book_detail (isbn, sold_out, free_shipping, list_price, sale_price, author_bio, book_description) VALUES ('9791197559808', 0, 0, NULL, NULL, '저자: 안상복에 대한 간단 소개입니다.', '중국문화의 이해 — 중국문화의이해에 대한 자동 생성 소개입니다.') ON DUPLICATE KEY UPDATE sold_out=VALUES(sold_out), free_shipping=VALUES(free_shipping), list_price=VALUES(list_price), sale_price=VALUES(sale_price), author_bio=VALUES(author_bio), book_description=VALUES(book_description);
INSERT INTO book (isbn, title, subtitle, author, image_url, published_date, publisher) VALUES ('9791186451557', 'Spatial legacy :', 'spatiallegacy', '지은이: 심세보', NULL, '2022-01-07', '에이앤뉴스') ON DUPLICATE KEY UPDATE title=VALUES(title), subtitle=VALUES(subtitle), author=VALUES(author), image_url=VALUES(image_url), published_date=VALUES(published_date), publisher=VALUES(publisher);
INSERT INTO book_detail (isbn, sold_out, free_shipping, list_price, sale_price, author_bio, book_description) VALUES ('9791186451557', 0, 0, NULL, NULL, '지은이: 심세보에 대한 간단 소개입니다.', 'Spatial legacy : — spatiallegacy에 대한 자동 생성 소개입니다.') ON DUPLICATE KEY UPDATE sold_out=VALUES(sold_out), free_shipping=VALUES(free_shipping), list_price=VALUES(list_price), sale_price=VALUES(sale_price), author_bio=VALUES(author_bio), book_description=VALUES(book_description);
INSERT INTO book (isbn, title, subtitle, author, image_url, published_date, publisher) VALUES ('9791191268089', '(國譯) 愚汕實記 :', NULL, '김낙헌 저', NULL, '2024-01-31', '육일문화사') ON DUPLICATE KEY UPDATE title=VALUES(title), subtitle=VALUES(subtitle), author=VALUES(author), image_url=VALUES(image_url), published_date=VALUES(published_date), publisher=VALUES(publisher);
INSERT INTO book_detail (isbn, sold_out, free_shipping, list_price, sale_price, author_bio, book_description) VALUES ('9791191268089', 0, 0, NULL, NULL, '김낙헌 저에 대한 간단 소개입니다.', '(國譯) 愚汕實記 :에 대한 자동 생성 소개입니다.') ON DUPLICATE KEY UPDATE sold_out=VALUES(sold_out), free_shipping=VALUES(free_shipping), list_price=VALUES(list_price), sale_price=VALUES(sale_price), author_bio=VALUES(author_bio), book_description=VALUES(book_description);
INSERT INTO book (isbn, title, subtitle, author, image_url, published_date, publisher) VALUES ('9788970927718', '새롭게 본 천안학의 이해 上', '새롭게본천안학의이해', '단국대학교 인문도시지원사업단 (지은이)', 'https://image.aladin.co.kr/product/27939/80/cover/8970927719_1.jpg', '2021-06-30', '노스보스') ON DUPLICATE KEY UPDATE title=VALUES(title), subtitle=VALUES(subtitle), author=VALUES(author), image_url=VALUES(image_url), published_date=VALUES(published_date), publisher=VALUES(publisher);
INSERT INTO book_detail (isbn, sold_out, free_shipping, list_price, sale_price, author_bio, book_description) VALUES ('9788970927718', 0, 0, 15000, 15000, '단국대학교 인문도시지원사업단 (지은이)에 대한 간단 소개입니다.', '현대에 들어와 산업화가 진행되면서 천안은 공단 위주의 산업도시로 탈바꿈하게 되었다. 이러한 점을 안타깝게 여겨 천안이 인문학과 문화가 공존하는 도시로 거듭나길 바라는 뜻에서 천안을 새롭게 보고 이해하는 장을 마련하였다.') ON DUPLICATE KEY UPDATE sold_out=VALUES(sold_out), free_shipping=VALUES(free_shipping), list_price=VALUES(list_price), sale_price=VALUES(sale_price), author_bio=VALUES(author_bio), book_description=VALUES(book_description);
INSERT INTO book (isbn, title, subtitle, author, image_url, published_date, publisher) VALUES ('9785338003923', 'Мiхаiл Савiцкi :', 'iiii', '조지아', NULL, '2023-11-10', NULL) ON DUPLICATE KEY UPDATE title=VALUES(title), subtitle=VALUES(subtitle), author=VALUES(author), image_url=VALUES(image_url), published_date=VALUES(published_date), publisher=VALUES(publisher);
INSERT INTO book_detail (isbn, sold_out, free_shipping, list_price, sale_price, author_bio, book_description) VALUES ('9785338003923', 0, 0, NULL, NULL, '조지아에 대한 간단 소개입니다.', 'Мiхаiл Савiцкi : — iiii에 대한 자동 생성 소개입니다.') ON DUPLICATE KEY UPDATE sold_out=VALUES(sold_out), free_shipping=VALUES(free_shipping), list_price=VALUES(list_price), sale_price=VALUES(sale_price), author_bio=VALUES(author_bio), book_description=VALUES(book_description);
INSERT INTO book (isbn, title, subtitle, author, image_url, published_date, publisher) VALUES ('9791187847113', '사례로 본 신장암 가이드북', '사례로본신장암가이드북', '김정권', 'https://image.aladin.co.kr/product/27963/95/cover/k382734319_1.jpg', '2021-10-01', '와우라이프') ON DUPLICATE KEY UPDATE title=VALUES(title), subtitle=VALUES(subtitle), author=VALUES(author), image_url=VALUES(image_url), published_date=VALUES(published_date), publisher=VALUES(publisher);
INSERT INTO book_detail (isbn, sold_out, free_shipping, list_price, sale_price, author_bio, book_description) VALUES ('9791187847113', 0, 1, 25000, 25000, '김정권에 대한 간단 소개입니다.', '분당서울대학교 병원 비뇨의학과 팀이 알려주는 신장암에 대한 올바른 정보를 담았다. 특히, CT 사진과 더불어 다양한 케이스의 환자들에 대한 치료진행을 소개함으로써 초기의 국소 신장암부터 전이된 말기암까지의 진단 및 치료의 사례들을 제시하였다.') ON DUPLICATE KEY UPDATE sold_out=VALUES(sold_out), free_shipping=VALUES(free_shipping), list_price=VALUES(list_price), sale_price=VALUES(sale_price), author_bio=VALUES(author_bio), book_description=VALUES(book_description);
INSERT INTO book (isbn, title, subtitle, author, image_url, published_date, publisher) VALUES ('9791197339165', '직업의 세계와 진로선택 :', '직업의세계와진로선택', '편저: 류동희', NULL, '2022-08-09', '안동대학교 취업창업진로본부') ON DUPLICATE KEY UPDATE title=VALUES(title), subtitle=VALUES(subtitle), author=VALUES(author), image_url=VALUES(image_url), published_date=VALUES(published_date), publisher=VALUES(publisher);
INSERT INTO book_detail (isbn, sold_out, free_shipping, list_price, sale_price, author_bio, book_description) VALUES ('9791197339165', 0, 0, NULL, NULL, '편저: 류동희에 대한 간단 소개입니다.', '직업의 세계와 진로선택 : — 직업의세계와진로선택에 대한 자동 생성 소개입니다.') ON DUPLICATE KEY UPDATE sold_out=VALUES(sold_out), free_shipping=VALUES(free_shipping), list_price=VALUES(list_price), sale_price=VALUES(sale_price), author_bio=VALUES(author_bio), book_description=VALUES(book_description);
INSERT INTO book (isbn, title, subtitle, author, image_url, published_date, publisher) VALUES ('9788964149270', '무역학개론 (유창권 외)', '무역학개론유창권외', '유창권', 'https://image.aladin.co.kr/product/27944/37/cover/8964149270_1.jpg', '2021-10-02', '두남') ON DUPLICATE KEY UPDATE title=VALUES(title), subtitle=VALUES(subtitle), author=VALUES(author), image_url=VALUES(image_url), published_date=VALUES(published_date), publisher=VALUES(publisher);
INSERT INTO book_detail (isbn, sold_out, free_shipping, list_price, sale_price, author_bio, book_description) VALUES ('9788964149270', 0, 1, 25000, 25000, '유창권에 대한 간단 소개입니다.', '무역의 발생 원인과 무역이익을 규명하는 국제무역 이론에서부터 무역계약의 체결과 무역운송 절차 등을 설명하고 무역 활동의 위험관리를 위한 해상보험 및 무역보험 등의 내용을 기술하였다.') ON DUPLICATE KEY UPDATE sold_out=VALUES(sold_out), free_shipping=VALUES(free_shipping), list_price=VALUES(list_price), sale_price=VALUES(sale_price), author_bio=VALUES(author_bio), book_description=VALUES(book_description);
INSERT INTO book (isbn, title, subtitle, author, image_url, published_date, publisher) VALUES ('9791197554209', '(''대한민국 노동운동 역사에 몸 바쳐온'') 정태길의 希望의 길 :', '대한민국노동운동역사에몸바쳐온정태길의의길', '저자: 鄭泰吉', NULL, '2023-12-11', '금양프린텍') ON DUPLICATE KEY UPDATE title=VALUES(title), subtitle=VALUES(subtitle), author=VALUES(author), image_url=VALUES(image_url), published_date=VALUES(published_date), publisher=VALUES(publisher);
INSERT INTO book_detail (isbn, sold_out, free_shipping, list_price, sale_price, author_bio, book_description) VALUES ('9791197554209', 0, 0, NULL, NULL, '저자: 鄭泰吉에 대한 간단 소개입니다.', '(''대한민국 노동운동 역사에 몸 바쳐온'') 정태길의 希望의 길 : — 대한민국노동운동역사에몸바쳐온정태길의의길에 대한 자동 생성 소개입니다.') ON DUPLICATE KEY UPDATE sold_out=VALUES(sold_out), free_shipping=VALUES(free_shipping), list_price=VALUES(list_price), sale_price=VALUES(sale_price), author_bio=VALUES(author_bio), book_description=VALUES(book_description);
INSERT INTO book (isbn, title, subtitle, author, image_url, published_date, publisher) VALUES ('9788939844254', '복음과 에큐메니칼 신앙 :', '복음과에큐메니칼신앙', '한국장로교출판사 [편]', NULL, '2022-12-01', '한국장로교출판사') ON DUPLICATE KEY UPDATE title=VALUES(title), subtitle=VALUES(subtitle), author=VALUES(author), image_url=VALUES(image_url), published_date=VALUES(published_date), publisher=VALUES(publisher);
INSERT INTO book_detail (isbn, sold_out, free_shipping, list_price, sale_price, author_bio, book_description) VALUES ('9788939844254', 0, 0, NULL, NULL, '한국장로교출판사 [편]에 대한 간단 소개입니다.', '복음과 에큐메니칼 신앙 : — 복음과에큐메니칼신앙에 대한 자동 생성 소개입니다.') ON DUPLICATE KEY UPDATE sold_out=VALUES(sold_out), free_shipping=VALUES(free_shipping), list_price=VALUES(list_price), sale_price=VALUES(sale_price), author_bio=VALUES(author_bio), book_description=VALUES(book_description);
INSERT INTO book (isbn, title, subtitle, author, image_url, published_date, publisher) VALUES ('9791197339172', '취업준비실무 :', '취업준비실무', '편저: 류동희', NULL, '2022-04-29', '안동대학교 취업창업진로본부') ON DUPLICATE KEY UPDATE title=VALUES(title), subtitle=VALUES(subtitle), author=VALUES(author), image_url=VALUES(image_url), published_date=VALUES(published_date), publisher=VALUES(publisher);
INSERT INTO book_detail (isbn, sold_out, free_shipping, list_price, sale_price, author_bio, book_description) VALUES ('9791197339172', 0, 0, NULL, NULL, '편저: 류동희에 대한 간단 소개입니다.', '취업준비실무 : — 취업준비실무에 대한 자동 생성 소개입니다.') ON DUPLICATE KEY UPDATE sold_out=VALUES(sold_out), free_shipping=VALUES(free_shipping), list_price=VALUES(list_price), sale_price=VALUES(sale_price), author_bio=VALUES(author_bio), book_description=VALUES(book_description);
INSERT INTO book (isbn, title, subtitle, author, image_url, published_date, publisher) VALUES ('9791191109375', '예비교사를 위한 교육학개론', '예비교사를위한교육학개론', '정성수', 'https://image.aladin.co.kr/product/27902/94/cover/k132734407_1.jpg', '2021-08-31', '어가') ON DUPLICATE KEY UPDATE title=VALUES(title), subtitle=VALUES(subtitle), author=VALUES(author), image_url=VALUES(image_url), published_date=VALUES(published_date), publisher=VALUES(publisher);
INSERT INTO book_detail (isbn, sold_out, free_shipping, list_price, sale_price, author_bio, book_description) VALUES ('9791191109375', 0, 1, 20000, 20000, '정성수에 대한 간단 소개입니다.', '예비교사를 위한 교육학개론 — 예비교사를위한교육학개론에 대한 자동 생성 소개입니다.') ON DUPLICATE KEY UPDATE sold_out=VALUES(sold_out), free_shipping=VALUES(free_shipping), list_price=VALUES(list_price), sale_price=VALUES(sale_price), author_bio=VALUES(author_bio), book_description=VALUES(book_description);

-- Map each book to exactly one of 4 catalogs (even distribution)
INSERT INTO book_catalog (isbn, catalog_id) SELECT '9791134890940', c.id FROM catalog c WHERE c.code='NOVEL' ON DUPLICATE KEY UPDATE catalog_id=catalog_id;
INSERT INTO book_catalog (isbn, catalog_id) SELECT '9788954682527', c.id FROM catalog c WHERE c.code='SCIENCE_TECH' ON DUPLICATE KEY UPDATE catalog_id=catalog_id;
INSERT INTO book_catalog (isbn, catalog_id) SELECT '9788936459574', c.id FROM catalog c WHERE c.code='COMPUTER_IT' ON DUPLICATE KEY UPDATE catalog_id=catalog_id;
INSERT INTO book_catalog (isbn, catalog_id) SELECT '9791191496055', c.id FROM catalog c WHERE c.code='BUSINESS_SELFHELP' ON DUPLICATE KEY UPDATE catalog_id=catalog_id;
INSERT INTO book_catalog (isbn, catalog_id) SELECT '9791165217006', c.id FROM catalog c WHERE c.code='NOVEL' ON DUPLICATE KEY UPDATE catalog_id=catalog_id;
INSERT INTO book_catalog (isbn, catalog_id) SELECT '9791165217020', c.id FROM catalog c WHERE c.code='SCIENCE_TECH' ON DUPLICATE KEY UPDATE catalog_id=catalog_id;
INSERT INTO book_catalog (isbn, catalog_id) SELECT '9791165217013', c.id FROM catalog c WHERE c.code='COMPUTER_IT' ON DUPLICATE KEY UPDATE catalog_id=catalog_id;
INSERT INTO book_catalog (isbn, catalog_id) SELECT '9791188073818', c.id FROM catalog c WHERE c.code='BUSINESS_SELFHELP' ON DUPLICATE KEY UPDATE catalog_id=catalog_id;
INSERT INTO book_catalog (isbn, catalog_id) SELECT '9788969024022', c.id FROM catalog c WHERE c.code='NOVEL' ON DUPLICATE KEY UPDATE catalog_id=catalog_id;
INSERT INTO book_catalog (isbn, catalog_id) SELECT '9791130641263', c.id FROM catalog c WHERE c.code='SCIENCE_TECH' ON DUPLICATE KEY UPDATE catalog_id=catalog_id;
INSERT INTO book_catalog (isbn, catalog_id) SELECT '9791161728131', c.id FROM catalog c WHERE c.code='COMPUTER_IT' ON DUPLICATE KEY UPDATE catalog_id=catalog_id;
INSERT INTO book_catalog (isbn, catalog_id) SELECT '9788995710395', c.id FROM catalog c WHERE c.code='BUSINESS_SELFHELP' ON DUPLICATE KEY UPDATE catalog_id=catalog_id;
INSERT INTO book_catalog (isbn, catalog_id) SELECT '9791191842043', c.id FROM catalog c WHERE c.code='NOVEL' ON DUPLICATE KEY UPDATE catalog_id=catalog_id;
INSERT INTO book_catalog (isbn, catalog_id) SELECT '9791197172311', c.id FROM catalog c WHERE c.code='SCIENCE_TECH' ON DUPLICATE KEY UPDATE catalog_id=catalog_id;
INSERT INTO book_catalog (isbn, catalog_id) SELECT '9791164139118', c.id FROM catalog c WHERE c.code='COMPUTER_IT' ON DUPLICATE KEY UPDATE catalog_id=catalog_id;
INSERT INTO book_catalog (isbn, catalog_id) SELECT '9791191426182', c.id FROM catalog c WHERE c.code='BUSINESS_SELFHELP' ON DUPLICATE KEY UPDATE catalog_id=catalog_id;
INSERT INTO book_catalog (isbn, catalog_id) SELECT '9791191749014', c.id FROM catalog c WHERE c.code='NOVEL' ON DUPLICATE KEY UPDATE catalog_id=catalog_id;
INSERT INTO book_catalog (isbn, catalog_id) SELECT '9791156758969', c.id FROM catalog c WHERE c.code='SCIENCE_TECH' ON DUPLICATE KEY UPDATE catalog_id=catalog_id;
INSERT INTO book_catalog (isbn, catalog_id) SELECT '9791170370352', c.id FROM catalog c WHERE c.code='COMPUTER_IT' ON DUPLICATE KEY UPDATE catalog_id=catalog_id;
INSERT INTO book_catalog (isbn, catalog_id) SELECT '9788963653846', c.id FROM catalog c WHERE c.code='BUSINESS_SELFHELP' ON DUPLICATE KEY UPDATE catalog_id=catalog_id;
INSERT INTO book_catalog (isbn, catalog_id) SELECT '9788934911036', c.id FROM catalog c WHERE c.code='NOVEL' ON DUPLICATE KEY UPDATE catalog_id=catalog_id;
INSERT INTO book_catalog (isbn, catalog_id) SELECT '9788961963985', c.id FROM catalog c WHERE c.code='SCIENCE_TECH' ON DUPLICATE KEY UPDATE catalog_id=catalog_id;
INSERT INTO book_catalog (isbn, catalog_id) SELECT '9788963653839', c.id FROM catalog c WHERE c.code='COMPUTER_IT' ON DUPLICATE KEY UPDATE catalog_id=catalog_id;
INSERT INTO book_catalog (isbn, catalog_id) SELECT '9788927747710', c.id FROM catalog c WHERE c.code='BUSINESS_SELFHELP' ON DUPLICATE KEY UPDATE catalog_id=catalog_id;
INSERT INTO book_catalog (isbn, catalog_id) SELECT '9788932321714', c.id FROM catalog c WHERE c.code='NOVEL' ON DUPLICATE KEY UPDATE catalog_id=catalog_id;
INSERT INTO book_catalog (isbn, catalog_id) SELECT '9788934971849', c.id FROM catalog c WHERE c.code='SCIENCE_TECH' ON DUPLICATE KEY UPDATE catalog_id=catalog_id;
INSERT INTO book_catalog (isbn, catalog_id) SELECT '9791160807141', c.id FROM catalog c WHERE c.code='COMPUTER_IT' ON DUPLICATE KEY UPDATE catalog_id=catalog_id;
INSERT INTO book_catalog (isbn, catalog_id) SELECT '9788965823148', c.id FROM catalog c WHERE c.code='BUSINESS_SELFHELP' ON DUPLICATE KEY UPDATE catalog_id=catalog_id;
INSERT INTO book_catalog (isbn, catalog_id) SELECT '9791189799588', c.id FROM catalog c WHERE c.code='NOVEL' ON DUPLICATE KEY UPDATE catalog_id=catalog_id;
INSERT INTO book_catalog (isbn, catalog_id) SELECT '9788925229546', c.id FROM catalog c WHERE c.code='SCIENCE_TECH' ON DUPLICATE KEY UPDATE catalog_id=catalog_id;
INSERT INTO book_catalog (isbn, catalog_id) SELECT '9788953232525', c.id FROM catalog c WHERE c.code='COMPUTER_IT' ON DUPLICATE KEY UPDATE catalog_id=catalog_id;
INSERT INTO book_catalog (isbn, catalog_id) SELECT '9788953232532', c.id FROM catalog c WHERE c.code='BUSINESS_SELFHELP' ON DUPLICATE KEY UPDATE catalog_id=catalog_id;
INSERT INTO book_catalog (isbn, catalog_id) SELECT '9788953232549', c.id FROM catalog c WHERE c.code='NOVEL' ON DUPLICATE KEY UPDATE catalog_id=catalog_id;
INSERT INTO book_catalog (isbn, catalog_id) SELECT '9788953232563', c.id FROM catalog c WHERE c.code='SCIENCE_TECH' ON DUPLICATE KEY UPDATE catalog_id=catalog_id;
INSERT INTO book_catalog (isbn, catalog_id) SELECT '9788935232581', c.id FROM catalog c WHERE c.code='COMPUTER_IT' ON DUPLICATE KEY UPDATE catalog_id=catalog_id;
INSERT INTO book_catalog (isbn, catalog_id) SELECT '9788953253470', c.id FROM catalog c WHERE c.code='BUSINESS_SELFHELP' ON DUPLICATE KEY UPDATE catalog_id=catalog_id;
INSERT INTO book_catalog (isbn, catalog_id) SELECT '9788953268729', c.id FROM catalog c WHERE c.code='NOVEL' ON DUPLICATE KEY UPDATE catalog_id=catalog_id;
INSERT INTO book_catalog (isbn, catalog_id) SELECT '9788953272939', c.id FROM catalog c WHERE c.code='SCIENCE_TECH' ON DUPLICATE KEY UPDATE catalog_id=catalog_id;
INSERT INTO book_catalog (isbn, catalog_id) SELECT '9788952981251', c.id FROM catalog c WHERE c.code='COMPUTER_IT' ON DUPLICATE KEY UPDATE catalog_id=catalog_id;
INSERT INTO book_catalog (isbn, catalog_id) SELECT '9788952986598', c.id FROM catalog c WHERE c.code='BUSINESS_SELFHELP' ON DUPLICATE KEY UPDATE catalog_id=catalog_id;
INSERT INTO book_catalog (isbn, catalog_id) SELECT '9788993330618', c.id FROM catalog c WHERE c.code='NOVEL' ON DUPLICATE KEY UPDATE catalog_id=catalog_id;
INSERT INTO book_catalog (isbn, catalog_id) SELECT '9781646430185', c.id FROM catalog c WHERE c.code='SCIENCE_TECH' ON DUPLICATE KEY UPDATE catalog_id=catalog_id;
INSERT INTO book_catalog (isbn, catalog_id) SELECT '9788994071206', c.id FROM catalog c WHERE c.code='COMPUTER_IT' ON DUPLICATE KEY UPDATE catalog_id=catalog_id;
INSERT INTO book_catalog (isbn, catalog_id) SELECT '9788962902259', c.id FROM catalog c WHERE c.code='BUSINESS_SELFHELP' ON DUPLICATE KEY UPDATE catalog_id=catalog_id;
INSERT INTO book_catalog (isbn, catalog_id) SELECT '9788962902150', c.id FROM catalog c WHERE c.code='NOVEL' ON DUPLICATE KEY UPDATE catalog_id=catalog_id;
INSERT INTO book_catalog (isbn, catalog_id) SELECT '9788962902242', c.id FROM catalog c WHERE c.code='SCIENCE_TECH' ON DUPLICATE KEY UPDATE catalog_id=catalog_id;
INSERT INTO book_catalog (isbn, catalog_id) SELECT '9791134878443', c.id FROM catalog c WHERE c.code='COMPUTER_IT' ON DUPLICATE KEY UPDATE catalog_id=catalog_id;
INSERT INTO book_catalog (isbn, catalog_id) SELECT '9791163283317', c.id FROM catalog c WHERE c.code='BUSINESS_SELFHELP' ON DUPLICATE KEY UPDATE catalog_id=catalog_id;
INSERT INTO book_catalog (isbn, catalog_id) SELECT '9791134879389', c.id FROM catalog c WHERE c.code='NOVEL' ON DUPLICATE KEY UPDATE catalog_id=catalog_id;
INSERT INTO book_catalog (isbn, catalog_id) SELECT '9791163283089', c.id FROM catalog c WHERE c.code='SCIENCE_TECH' ON DUPLICATE KEY UPDATE catalog_id=catalog_id;
INSERT INTO book_catalog (isbn, catalog_id) SELECT '9788962902235', c.id FROM catalog c WHERE c.code='COMPUTER_IT' ON DUPLICATE KEY UPDATE catalog_id=catalog_id;
INSERT INTO book_catalog (isbn, catalog_id) SELECT '9791138402323', c.id FROM catalog c WHERE c.code='BUSINESS_SELFHELP' ON DUPLICATE KEY UPDATE catalog_id=catalog_id;
INSERT INTO book_catalog (isbn, catalog_id) SELECT '9788962902228', c.id FROM catalog c WHERE c.code='NOVEL' ON DUPLICATE KEY UPDATE catalog_id=catalog_id;
INSERT INTO book_catalog (isbn, catalog_id) SELECT '9791138402347', c.id FROM catalog c WHERE c.code='SCIENCE_TECH' ON DUPLICATE KEY UPDATE catalog_id=catalog_id;
INSERT INTO book_catalog (isbn, catalog_id) SELECT '9791163283102', c.id FROM catalog c WHERE c.code='COMPUTER_IT' ON DUPLICATE KEY UPDATE catalog_id=catalog_id;
INSERT INTO book_catalog (isbn, catalog_id) SELECT '9788962902204', c.id FROM catalog c WHERE c.code='BUSINESS_SELFHELP' ON DUPLICATE KEY UPDATE catalog_id=catalog_id;
INSERT INTO book_catalog (isbn, catalog_id) SELECT '9788962902198', c.id FROM catalog c WHERE c.code='NOVEL' ON DUPLICATE KEY UPDATE catalog_id=catalog_id;
INSERT INTO book_catalog (isbn, catalog_id) SELECT '9791163283263', c.id FROM catalog c WHERE c.code='SCIENCE_TECH' ON DUPLICATE KEY UPDATE catalog_id=catalog_id;
INSERT INTO book_catalog (isbn, catalog_id) SELECT '9791138402064', c.id FROM catalog c WHERE c.code='COMPUTER_IT' ON DUPLICATE KEY UPDATE catalog_id=catalog_id;
INSERT INTO book_catalog (isbn, catalog_id) SELECT '9791163283362', c.id FROM catalog c WHERE c.code='BUSINESS_SELFHELP' ON DUPLICATE KEY UPDATE catalog_id=catalog_id;
INSERT INTO book_catalog (isbn, catalog_id) SELECT '9791163283140', c.id FROM catalog c WHERE c.code='NOVEL' ON DUPLICATE KEY UPDATE catalog_id=catalog_id;
INSERT INTO book_catalog (isbn, catalog_id) SELECT '9788948069013', c.id FROM catalog c WHERE c.code='SCIENCE_TECH' ON DUPLICATE KEY UPDATE catalog_id=catalog_id;
INSERT INTO book_catalog (isbn, catalog_id) SELECT '9791196818722', c.id FROM catalog c WHERE c.code='COMPUTER_IT' ON DUPLICATE KEY UPDATE catalog_id=catalog_id;
INSERT INTO book_catalog (isbn, catalog_id) SELECT '9791138401906', c.id FROM catalog c WHERE c.code='BUSINESS_SELFHELP' ON DUPLICATE KEY UPDATE catalog_id=catalog_id;
INSERT INTO book_catalog (isbn, catalog_id) SELECT '9788929919962', c.id FROM catalog c WHERE c.code='NOVEL' ON DUPLICATE KEY UPDATE catalog_id=catalog_id;
INSERT INTO book_catalog (isbn, catalog_id) SELECT '9791163283393', c.id FROM catalog c WHERE c.code='SCIENCE_TECH' ON DUPLICATE KEY UPDATE catalog_id=catalog_id;
INSERT INTO book_catalog (isbn, catalog_id) SELECT '9791134882501', c.id FROM catalog c WHERE c.code='COMPUTER_IT' ON DUPLICATE KEY UPDATE catalog_id=catalog_id;
INSERT INTO book_catalog (isbn, catalog_id) SELECT '9788929921033', c.id FROM catalog c WHERE c.code='BUSINESS_SELFHELP' ON DUPLICATE KEY UPDATE catalog_id=catalog_id;
INSERT INTO book_catalog (isbn, catalog_id) SELECT '9788977426672', c.id FROM catalog c WHERE c.code='NOVEL' ON DUPLICATE KEY UPDATE catalog_id=catalog_id;
INSERT INTO book_catalog (isbn, catalog_id) SELECT '9788929921460', c.id FROM catalog c WHERE c.code='SCIENCE_TECH' ON DUPLICATE KEY UPDATE catalog_id=catalog_id;
INSERT INTO book_catalog (isbn, catalog_id) SELECT '9791163283379', c.id FROM catalog c WHERE c.code='COMPUTER_IT' ON DUPLICATE KEY UPDATE catalog_id=catalog_id;
INSERT INTO book_catalog (isbn, catalog_id) SELECT '9788977426689', c.id FROM catalog c WHERE c.code='BUSINESS_SELFHELP' ON DUPLICATE KEY UPDATE catalog_id=catalog_id;
INSERT INTO book_catalog (isbn, catalog_id) SELECT '9791188720460', c.id FROM catalog c WHERE c.code='NOVEL' ON DUPLICATE KEY UPDATE catalog_id=catalog_id;
INSERT INTO book_catalog (isbn, catalog_id) SELECT '9791134882914', c.id FROM catalog c WHERE c.code='SCIENCE_TECH' ON DUPLICATE KEY UPDATE catalog_id=catalog_id;
INSERT INTO book_catalog (isbn, catalog_id) SELECT '9791163283386', c.id FROM catalog c WHERE c.code='COMPUTER_IT' ON DUPLICATE KEY UPDATE catalog_id=catalog_id;
INSERT INTO book_catalog (isbn, catalog_id) SELECT '9791166272257', c.id FROM catalog c WHERE c.code='BUSINESS_SELFHELP' ON DUPLICATE KEY UPDATE catalog_id=catalog_id;
INSERT INTO book_catalog (isbn, catalog_id) SELECT '9791134875138', c.id FROM catalog c WHERE c.code='NOVEL' ON DUPLICATE KEY UPDATE catalog_id=catalog_id;
INSERT INTO book_catalog (isbn, catalog_id) SELECT '9788929919047', c.id FROM catalog c WHERE c.code='SCIENCE_TECH' ON DUPLICATE KEY UPDATE catalog_id=catalog_id;
INSERT INTO book_catalog (isbn, catalog_id) SELECT '9791162601648', c.id FROM catalog c WHERE c.code='COMPUTER_IT' ON DUPLICATE KEY UPDATE catalog_id=catalog_id;
INSERT INTO book_catalog (isbn, catalog_id) SELECT '9791197525841', c.id FROM catalog c WHERE c.code='BUSINESS_SELFHELP' ON DUPLICATE KEY UPDATE catalog_id=catalog_id;
INSERT INTO book_catalog (isbn, catalog_id) SELECT '9788929919054', c.id FROM catalog c WHERE c.code='NOVEL' ON DUPLICATE KEY UPDATE catalog_id=catalog_id;
INSERT INTO book_catalog (isbn, catalog_id) SELECT '9791197530210', c.id FROM catalog c WHERE c.code='SCIENCE_TECH' ON DUPLICATE KEY UPDATE catalog_id=catalog_id;
INSERT INTO book_catalog (isbn, catalog_id) SELECT '9791162601785', c.id FROM catalog c WHERE c.code='COMPUTER_IT' ON DUPLICATE KEY UPDATE catalog_id=catalog_id;
INSERT INTO book_catalog (isbn, catalog_id) SELECT '9791197572517', c.id FROM catalog c WHERE c.code='BUSINESS_SELFHELP' ON DUPLICATE KEY UPDATE catalog_id=catalog_id;
INSERT INTO book_catalog (isbn, catalog_id) SELECT '9791162601938', c.id FROM catalog c WHERE c.code='NOVEL' ON DUPLICATE KEY UPDATE catalog_id=catalog_id;
INSERT INTO book_catalog (isbn, catalog_id) SELECT '9791188424603', c.id FROM catalog c WHERE c.code='SCIENCE_TECH' ON DUPLICATE KEY UPDATE catalog_id=catalog_id;
INSERT INTO book_catalog (isbn, catalog_id) SELECT '9791134882204', c.id FROM catalog c WHERE c.code='COMPUTER_IT' ON DUPLICATE KEY UPDATE catalog_id=catalog_id;
INSERT INTO book_catalog (isbn, catalog_id) SELECT '9791134875411', c.id FROM catalog c WHERE c.code='BUSINESS_SELFHELP' ON DUPLICATE KEY UPDATE catalog_id=catalog_id;
INSERT INTO book_catalog (isbn, catalog_id) SELECT '9791188424580', c.id FROM catalog c WHERE c.code='NOVEL' ON DUPLICATE KEY UPDATE catalog_id=catalog_id;
INSERT INTO book_catalog (isbn, catalog_id) SELECT '9791134878276', c.id FROM catalog c WHERE c.code='SCIENCE_TECH' ON DUPLICATE KEY UPDATE catalog_id=catalog_id;
INSERT INTO book_catalog (isbn, catalog_id) SELECT '9788989511847', c.id FROM catalog c WHERE c.code='COMPUTER_IT' ON DUPLICATE KEY UPDATE catalog_id=catalog_id;
INSERT INTO book_catalog (isbn, catalog_id) SELECT '9791187583240', c.id FROM catalog c WHERE c.code='BUSINESS_SELFHELP' ON DUPLICATE KEY UPDATE catalog_id=catalog_id;
INSERT INTO book_catalog (isbn, catalog_id) SELECT '9788996330820', c.id FROM catalog c WHERE c.code='NOVEL' ON DUPLICATE KEY UPDATE catalog_id=catalog_id;
INSERT INTO book_catalog (isbn, catalog_id) SELECT '9791196818753', c.id FROM catalog c WHERE c.code='SCIENCE_TECH' ON DUPLICATE KEY UPDATE catalog_id=catalog_id;
INSERT INTO book_catalog (isbn, catalog_id) SELECT '9791166117787', c.id FROM catalog c WHERE c.code='COMPUTER_IT' ON DUPLICATE KEY UPDATE catalog_id=catalog_id;
INSERT INTO book_catalog (isbn, catalog_id) SELECT '9788961035163', c.id FROM catalog c WHERE c.code='BUSINESS_SELFHELP' ON DUPLICATE KEY UPDATE catalog_id=catalog_id;
INSERT INTO book_catalog (isbn, catalog_id) SELECT '9788996330899', c.id FROM catalog c WHERE c.code='NOVEL' ON DUPLICATE KEY UPDATE catalog_id=catalog_id;
INSERT INTO book_catalog (isbn, catalog_id) SELECT '9791188150526', c.id FROM catalog c WHERE c.code='SCIENCE_TECH' ON DUPLICATE KEY UPDATE catalog_id=catalog_id;
INSERT INTO book_catalog (isbn, catalog_id) SELECT '9791166110252', c.id FROM catalog c WHERE c.code='COMPUTER_IT' ON DUPLICATE KEY UPDATE catalog_id=catalog_id;
INSERT INTO book_catalog (isbn, catalog_id) SELECT '9791189066260', c.id FROM catalog c WHERE c.code='BUSINESS_SELFHELP' ON DUPLICATE KEY UPDATE catalog_id=catalog_id;
INSERT INTO book_catalog (isbn, catalog_id) SELECT '9791166117077', c.id FROM catalog c WHERE c.code='NOVEL' ON DUPLICATE KEY UPDATE catalog_id=catalog_id;
INSERT INTO book_catalog (isbn, catalog_id) SELECT '9791186982747', c.id FROM catalog c WHERE c.code='SCIENCE_TECH' ON DUPLICATE KEY UPDATE catalog_id=catalog_id;
INSERT INTO book_catalog (isbn, catalog_id) SELECT '9791185979632', c.id FROM catalog c WHERE c.code='COMPUTER_IT' ON DUPLICATE KEY UPDATE catalog_id=catalog_id;
INSERT INTO book_catalog (isbn, catalog_id) SELECT '9788968326929', c.id FROM catalog c WHERE c.code='BUSINESS_SELFHELP' ON DUPLICATE KEY UPDATE catalog_id=catalog_id;
INSERT INTO book_catalog (isbn, catalog_id) SELECT '9791197568305', c.id FROM catalog c WHERE c.code='NOVEL' ON DUPLICATE KEY UPDATE catalog_id=catalog_id;
INSERT INTO book_catalog (isbn, catalog_id) SELECT '9791197532917', c.id FROM catalog c WHERE c.code='SCIENCE_TECH' ON DUPLICATE KEY UPDATE catalog_id=catalog_id;
INSERT INTO book_catalog (isbn, catalog_id) SELECT '9791125496410', c.id FROM catalog c WHERE c.code='COMPUTER_IT' ON DUPLICATE KEY UPDATE catalog_id=catalog_id;
INSERT INTO book_catalog (isbn, catalog_id) SELECT '9791138300308', c.id FROM catalog c WHERE c.code='BUSINESS_SELFHELP' ON DUPLICATE KEY UPDATE catalog_id=catalog_id;
INSERT INTO book_catalog (isbn, catalog_id) SELECT '9791165260965', c.id FROM catalog c WHERE c.code='NOVEL' ON DUPLICATE KEY UPDATE catalog_id=catalog_id;
INSERT INTO book_catalog (isbn, catalog_id) SELECT '9791195208746', c.id FROM catalog c WHERE c.code='SCIENCE_TECH' ON DUPLICATE KEY UPDATE catalog_id=catalog_id;
INSERT INTO book_catalog (isbn, catalog_id) SELECT '9791195208753', c.id FROM catalog c WHERE c.code='COMPUTER_IT' ON DUPLICATE KEY UPDATE catalog_id=catalog_id;
INSERT INTO book_catalog (isbn, catalog_id) SELECT '9791125961338', c.id FROM catalog c WHERE c.code='BUSINESS_SELFHELP' ON DUPLICATE KEY UPDATE catalog_id=catalog_id;
INSERT INTO book_catalog (isbn, catalog_id) SELECT '9791125961369', c.id FROM catalog c WHERE c.code='NOVEL' ON DUPLICATE KEY UPDATE catalog_id=catalog_id;
INSERT INTO book_catalog (isbn, catalog_id) SELECT '9791161270814', c.id FROM catalog c WHERE c.code='SCIENCE_TECH' ON DUPLICATE KEY UPDATE catalog_id=catalog_id;
INSERT INTO book_catalog (isbn, catalog_id) SELECT '9791190232616', c.id FROM catalog c WHERE c.code='COMPUTER_IT' ON DUPLICATE KEY UPDATE catalog_id=catalog_id;
INSERT INTO book_catalog (isbn, catalog_id) SELECT '9791197567421', c.id FROM catalog c WHERE c.code='BUSINESS_SELFHELP' ON DUPLICATE KEY UPDATE catalog_id=catalog_id;
INSERT INTO book_catalog (isbn, catalog_id) SELECT '9791125961376', c.id FROM catalog c WHERE c.code='NOVEL' ON DUPLICATE KEY UPDATE catalog_id=catalog_id;
INSERT INTO book_catalog (isbn, catalog_id) SELECT '9791197567414', c.id FROM catalog c WHERE c.code='SCIENCE_TECH' ON DUPLICATE KEY UPDATE catalog_id=catalog_id;
INSERT INTO book_catalog (isbn, catalog_id) SELECT '9791125961383', c.id FROM catalog c WHERE c.code='COMPUTER_IT' ON DUPLICATE KEY UPDATE catalog_id=catalog_id;
INSERT INTO book_catalog (isbn, catalog_id) SELECT '9791126004591', c.id FROM catalog c WHERE c.code='BUSINESS_SELFHELP' ON DUPLICATE KEY UPDATE catalog_id=catalog_id;
INSERT INTO book_catalog (isbn, catalog_id) SELECT '9788982224263', c.id FROM catalog c WHERE c.code='NOVEL' ON DUPLICATE KEY UPDATE catalog_id=catalog_id;
INSERT INTO book_catalog (isbn, catalog_id) SELECT '9791197365126', c.id FROM catalog c WHERE c.code='SCIENCE_TECH' ON DUPLICATE KEY UPDATE catalog_id=catalog_id;
INSERT INTO book_catalog (isbn, catalog_id) SELECT '9791138300179', c.id FROM catalog c WHERE c.code='COMPUTER_IT' ON DUPLICATE KEY UPDATE catalog_id=catalog_id;
INSERT INTO book_catalog (isbn, catalog_id) SELECT '9791138303156', c.id FROM catalog c WHERE c.code='BUSINESS_SELFHELP' ON DUPLICATE KEY UPDATE catalog_id=catalog_id;
INSERT INTO book_catalog (isbn, catalog_id) SELECT '9791191408881', c.id FROM catalog c WHERE c.code='NOVEL' ON DUPLICATE KEY UPDATE catalog_id=catalog_id;
INSERT INTO book_catalog (isbn, catalog_id) SELECT '9791165989538', c.id FROM catalog c WHERE c.code='SCIENCE_TECH' ON DUPLICATE KEY UPDATE catalog_id=catalog_id;
INSERT INTO book_catalog (isbn, catalog_id) SELECT '9791125961512', c.id FROM catalog c WHERE c.code='COMPUTER_IT' ON DUPLICATE KEY UPDATE catalog_id=catalog_id;
INSERT INTO book_catalog (isbn, catalog_id) SELECT '9791165989545', c.id FROM catalog c WHERE c.code='BUSINESS_SELFHELP' ON DUPLICATE KEY UPDATE catalog_id=catalog_id;
INSERT INTO book_catalog (isbn, catalog_id) SELECT '9791167021410', c.id FROM catalog c WHERE c.code='NOVEL' ON DUPLICATE KEY UPDATE catalog_id=catalog_id;
INSERT INTO book_catalog (isbn, catalog_id) SELECT '9791165261030', c.id FROM catalog c WHERE c.code='SCIENCE_TECH' ON DUPLICATE KEY UPDATE catalog_id=catalog_id;
INSERT INTO book_catalog (isbn, catalog_id) SELECT '9791166080418', c.id FROM catalog c WHERE c.code='COMPUTER_IT' ON DUPLICATE KEY UPDATE catalog_id=catalog_id;
INSERT INTO book_catalog (isbn, catalog_id) SELECT '9788905052539', c.id FROM catalog c WHERE c.code='BUSINESS_SELFHELP' ON DUPLICATE KEY UPDATE catalog_id=catalog_id;
INSERT INTO book_catalog (isbn, catalog_id) SELECT '9791162731703', c.id FROM catalog c WHERE c.code='NOVEL' ON DUPLICATE KEY UPDATE catalog_id=catalog_id;
INSERT INTO book_catalog (isbn, catalog_id) SELECT '9791188865710', c.id FROM catalog c WHERE c.code='SCIENCE_TECH' ON DUPLICATE KEY UPDATE catalog_id=catalog_id;
INSERT INTO book_catalog (isbn, catalog_id) SELECT '9791188865727', c.id FROM catalog c WHERE c.code='COMPUTER_IT' ON DUPLICATE KEY UPDATE catalog_id=catalog_id;
INSERT INTO book_catalog (isbn, catalog_id) SELECT '9791159071294', c.id FROM catalog c WHERE c.code='BUSINESS_SELFHELP' ON DUPLICATE KEY UPDATE catalog_id=catalog_id;
INSERT INTO book_catalog (isbn, catalog_id) SELECT '9791190491570', c.id FROM catalog c WHERE c.code='NOVEL' ON DUPLICATE KEY UPDATE catalog_id=catalog_id;
INSERT INTO book_catalog (isbn, catalog_id) SELECT '9791159071324', c.id FROM catalog c WHERE c.code='SCIENCE_TECH' ON DUPLICATE KEY UPDATE catalog_id=catalog_id;
INSERT INTO book_catalog (isbn, catalog_id) SELECT '9791190491631', c.id FROM catalog c WHERE c.code='COMPUTER_IT' ON DUPLICATE KEY UPDATE catalog_id=catalog_id;
INSERT INTO book_catalog (isbn, catalog_id) SELECT '9791190491624', c.id FROM catalog c WHERE c.code='BUSINESS_SELFHELP' ON DUPLICATE KEY UPDATE catalog_id=catalog_id;
INSERT INTO book_catalog (isbn, catalog_id) SELECT '9791190491600', c.id FROM catalog c WHERE c.code='NOVEL' ON DUPLICATE KEY UPDATE catalog_id=catalog_id;
INSERT INTO book_catalog (isbn, catalog_id) SELECT '9791190491587', c.id FROM catalog c WHERE c.code='SCIENCE_TECH' ON DUPLICATE KEY UPDATE catalog_id=catalog_id;
INSERT INTO book_catalog (isbn, catalog_id) SELECT '9791190491594', c.id FROM catalog c WHERE c.code='COMPUTER_IT' ON DUPLICATE KEY UPDATE catalog_id=catalog_id;
INSERT INTO book_catalog (isbn, catalog_id) SELECT '9791190491648', c.id FROM catalog c WHERE c.code='BUSINESS_SELFHELP' ON DUPLICATE KEY UPDATE catalog_id=catalog_id;
INSERT INTO book_catalog (isbn, catalog_id) SELECT '9791190491419', c.id FROM catalog c WHERE c.code='NOVEL' ON DUPLICATE KEY UPDATE catalog_id=catalog_id;
INSERT INTO book_catalog (isbn, catalog_id) SELECT '9791138304689', c.id FROM catalog c WHERE c.code='SCIENCE_TECH' ON DUPLICATE KEY UPDATE catalog_id=catalog_id;
INSERT INTO book_catalog (isbn, catalog_id) SELECT '9791164909292', c.id FROM catalog c WHERE c.code='COMPUTER_IT' ON DUPLICATE KEY UPDATE catalog_id=catalog_id;
INSERT INTO book_catalog (isbn, catalog_id) SELECT '9791164908936', c.id FROM catalog c WHERE c.code='BUSINESS_SELFHELP' ON DUPLICATE KEY UPDATE catalog_id=catalog_id;
INSERT INTO book_catalog (isbn, catalog_id) SELECT '9791138400640', c.id FROM catalog c WHERE c.code='NOVEL' ON DUPLICATE KEY UPDATE catalog_id=catalog_id;
INSERT INTO book_catalog (isbn, catalog_id) SELECT '9788929919245', c.id FROM catalog c WHERE c.code='SCIENCE_TECH' ON DUPLICATE KEY UPDATE catalog_id=catalog_id;
INSERT INTO book_catalog (isbn, catalog_id) SELECT '9791138401968', c.id FROM catalog c WHERE c.code='COMPUTER_IT' ON DUPLICATE KEY UPDATE catalog_id=catalog_id;
INSERT INTO book_catalog (isbn, catalog_id) SELECT '9788929919030', c.id FROM catalog c WHERE c.code='BUSINESS_SELFHELP' ON DUPLICATE KEY UPDATE catalog_id=catalog_id;
INSERT INTO book_catalog (isbn, catalog_id) SELECT '9788962902211', c.id FROM catalog c WHERE c.code='NOVEL' ON DUPLICATE KEY UPDATE catalog_id=catalog_id;
INSERT INTO book_catalog (isbn, catalog_id) SELECT '9791138402316', c.id FROM catalog c WHERE c.code='SCIENCE_TECH' ON DUPLICATE KEY UPDATE catalog_id=catalog_id;
INSERT INTO book_catalog (isbn, catalog_id) SELECT '9788962902181', c.id FROM catalog c WHERE c.code='COMPUTER_IT' ON DUPLICATE KEY UPDATE catalog_id=catalog_id;
INSERT INTO book_catalog (isbn, catalog_id) SELECT '9788962902174', c.id FROM catalog c WHERE c.code='BUSINESS_SELFHELP' ON DUPLICATE KEY UPDATE catalog_id=catalog_id;
INSERT INTO book_catalog (isbn, catalog_id) SELECT '9788962902167', c.id FROM catalog c WHERE c.code='NOVEL' ON DUPLICATE KEY UPDATE catalog_id=catalog_id;
INSERT INTO book_catalog (isbn, catalog_id) SELECT '9791159732720', c.id FROM catalog c WHERE c.code='SCIENCE_TECH' ON DUPLICATE KEY UPDATE catalog_id=catalog_id;
INSERT INTO book_catalog (isbn, catalog_id) SELECT '9788929919061', c.id FROM catalog c WHERE c.code='COMPUTER_IT' ON DUPLICATE KEY UPDATE catalog_id=catalog_id;
INSERT INTO book_catalog (isbn, catalog_id) SELECT '9791138402019', c.id FROM catalog c WHERE c.code='BUSINESS_SELFHELP' ON DUPLICATE KEY UPDATE catalog_id=catalog_id;
INSERT INTO book_catalog (isbn, catalog_id) SELECT '9788977426696', c.id FROM catalog c WHERE c.code='NOVEL' ON DUPLICATE KEY UPDATE catalog_id=catalog_id;
INSERT INTO book_catalog (isbn, catalog_id) SELECT '9791162601778', c.id FROM catalog c WHERE c.code='SCIENCE_TECH' ON DUPLICATE KEY UPDATE catalog_id=catalog_id;
INSERT INTO book_catalog (isbn, catalog_id) SELECT '9791196818739', c.id FROM catalog c WHERE c.code='COMPUTER_IT' ON DUPLICATE KEY UPDATE catalog_id=catalog_id;
INSERT INTO book_catalog (isbn, catalog_id) SELECT '9791197459313', c.id FROM catalog c WHERE c.code='BUSINESS_SELFHELP' ON DUPLICATE KEY UPDATE catalog_id=catalog_id;
INSERT INTO book_catalog (isbn, catalog_id) SELECT '9791196818746', c.id FROM catalog c WHERE c.code='NOVEL' ON DUPLICATE KEY UPDATE catalog_id=catalog_id;
INSERT INTO book_catalog (isbn, catalog_id) SELECT '9788948067743', c.id FROM catalog c WHERE c.code='SCIENCE_TECH' ON DUPLICATE KEY UPDATE catalog_id=catalog_id;
INSERT INTO book_catalog (isbn, catalog_id) SELECT '9791197121043', c.id FROM catalog c WHERE c.code='COMPUTER_IT' ON DUPLICATE KEY UPDATE catalog_id=catalog_id;
INSERT INTO book_catalog (isbn, catalog_id) SELECT '9791191736120', c.id FROM catalog c WHERE c.code='BUSINESS_SELFHELP' ON DUPLICATE KEY UPDATE catalog_id=catalog_id;
INSERT INTO book_catalog (isbn, catalog_id) SELECT '9791166117541', c.id FROM catalog c WHERE c.code='NOVEL' ON DUPLICATE KEY UPDATE catalog_id=catalog_id;
INSERT INTO book_catalog (isbn, catalog_id) SELECT '9788965440710', c.id FROM catalog c WHERE c.code='SCIENCE_TECH' ON DUPLICATE KEY UPDATE catalog_id=catalog_id;
INSERT INTO book_catalog (isbn, catalog_id) SELECT '9788965440680', c.id FROM catalog c WHERE c.code='COMPUTER_IT' ON DUPLICATE KEY UPDATE catalog_id=catalog_id;
INSERT INTO book_catalog (isbn, catalog_id) SELECT '9791195821846', c.id FROM catalog c WHERE c.code='BUSINESS_SELFHELP' ON DUPLICATE KEY UPDATE catalog_id=catalog_id;
INSERT INTO book_catalog (isbn, catalog_id) SELECT '9791190921138', c.id FROM catalog c WHERE c.code='NOVEL' ON DUPLICATE KEY UPDATE catalog_id=catalog_id;
INSERT INTO book_catalog (isbn, catalog_id) SELECT '9788965424260', c.id FROM catalog c WHERE c.code='SCIENCE_TECH' ON DUPLICATE KEY UPDATE catalog_id=catalog_id;
INSERT INTO book_catalog (isbn, catalog_id) SELECT '9791197254154', c.id FROM catalog c WHERE c.code='COMPUTER_IT' ON DUPLICATE KEY UPDATE catalog_id=catalog_id;
INSERT INTO book_catalog (isbn, catalog_id) SELECT '9791165260903', c.id FROM catalog c WHERE c.code='BUSINESS_SELFHELP' ON DUPLICATE KEY UPDATE catalog_id=catalog_id;
INSERT INTO book_catalog (isbn, catalog_id) SELECT '9791195208739', c.id FROM catalog c WHERE c.code='NOVEL' ON DUPLICATE KEY UPDATE catalog_id=catalog_id;
INSERT INTO book_catalog (isbn, catalog_id) SELECT '9791125961352', c.id FROM catalog c WHERE c.code='SCIENCE_TECH' ON DUPLICATE KEY UPDATE catalog_id=catalog_id;
INSERT INTO book_catalog (isbn, catalog_id) SELECT '9791125961406', c.id FROM catalog c WHERE c.code='COMPUTER_IT' ON DUPLICATE KEY UPDATE catalog_id=catalog_id;
INSERT INTO book_catalog (isbn, catalog_id) SELECT '9791126004676', c.id FROM catalog c WHERE c.code='BUSINESS_SELFHELP' ON DUPLICATE KEY UPDATE catalog_id=catalog_id;
INSERT INTO book_catalog (isbn, catalog_id) SELECT '9788968326837', c.id FROM catalog c WHERE c.code='NOVEL' ON DUPLICATE KEY UPDATE catalog_id=catalog_id;
INSERT INTO book_catalog (isbn, catalog_id) SELECT '9788901251851', c.id FROM catalog c WHERE c.code='SCIENCE_TECH' ON DUPLICATE KEY UPDATE catalog_id=catalog_id;
INSERT INTO book_catalog (isbn, catalog_id) SELECT '9791125961390', c.id FROM catalog c WHERE c.code='COMPUTER_IT' ON DUPLICATE KEY UPDATE catalog_id=catalog_id;
INSERT INTO book_catalog (isbn, catalog_id) SELECT '9791125961529', c.id FROM catalog c WHERE c.code='BUSINESS_SELFHELP' ON DUPLICATE KEY UPDATE catalog_id=catalog_id;
INSERT INTO book_catalog (isbn, catalog_id) SELECT '9791138303163', c.id FROM catalog c WHERE c.code='NOVEL' ON DUPLICATE KEY UPDATE catalog_id=catalog_id;
INSERT INTO book_catalog (isbn, catalog_id) SELECT '9791165260927', c.id FROM catalog c WHERE c.code='SCIENCE_TECH' ON DUPLICATE KEY UPDATE catalog_id=catalog_id;
INSERT INTO book_catalog (isbn, catalog_id) SELECT '9791167021434', c.id FROM catalog c WHERE c.code='COMPUTER_IT' ON DUPLICATE KEY UPDATE catalog_id=catalog_id;
INSERT INTO book_catalog (isbn, catalog_id) SELECT '9791159071331', c.id FROM catalog c WHERE c.code='BUSINESS_SELFHELP' ON DUPLICATE KEY UPDATE catalog_id=catalog_id;
INSERT INTO book_catalog (isbn, catalog_id) SELECT '9791190491440', c.id FROM catalog c WHERE c.code='NOVEL' ON DUPLICATE KEY UPDATE catalog_id=catalog_id;
INSERT INTO book_catalog (isbn, catalog_id) SELECT '9788968326936', c.id FROM catalog c WHERE c.code='SCIENCE_TECH' ON DUPLICATE KEY UPDATE catalog_id=catalog_id;
INSERT INTO book_catalog (isbn, catalog_id) SELECT '9791162731710', c.id FROM catalog c WHERE c.code='COMPUTER_IT' ON DUPLICATE KEY UPDATE catalog_id=catalog_id;
INSERT INTO book_catalog (isbn, catalog_id) SELECT '9791162731727', c.id FROM catalog c WHERE c.code='BUSINESS_SELFHELP' ON DUPLICATE KEY UPDATE catalog_id=catalog_id;
INSERT INTO book_catalog (isbn, catalog_id) SELECT '9791162731734', c.id FROM catalog c WHERE c.code='NOVEL' ON DUPLICATE KEY UPDATE catalog_id=catalog_id;
INSERT INTO book_catalog (isbn, catalog_id) SELECT '9791162731741', c.id FROM catalog c WHERE c.code='SCIENCE_TECH' ON DUPLICATE KEY UPDATE catalog_id=catalog_id;
INSERT INTO book_catalog (isbn, catalog_id) SELECT '9791162731758', c.id FROM catalog c WHERE c.code='COMPUTER_IT' ON DUPLICATE KEY UPDATE catalog_id=catalog_id;
INSERT INTO book_catalog (isbn, catalog_id) SELECT '9788905052546', c.id FROM catalog c WHERE c.code='BUSINESS_SELFHELP' ON DUPLICATE KEY UPDATE catalog_id=catalog_id;
INSERT INTO book_catalog (isbn, catalog_id) SELECT '9788905052553', c.id FROM catalog c WHERE c.code='NOVEL' ON DUPLICATE KEY UPDATE catalog_id=catalog_id;
INSERT INTO book_catalog (isbn, catalog_id) SELECT '9788968326844', c.id FROM catalog c WHERE c.code='SCIENCE_TECH' ON DUPLICATE KEY UPDATE catalog_id=catalog_id;
INSERT INTO book_catalog (isbn, catalog_id) SELECT '9788968326851', c.id FROM catalog c WHERE c.code='COMPUTER_IT' ON DUPLICATE KEY UPDATE catalog_id=catalog_id;
INSERT INTO book_catalog (isbn, catalog_id) SELECT '9788968326868', c.id FROM catalog c WHERE c.code='BUSINESS_SELFHELP' ON DUPLICATE KEY UPDATE catalog_id=catalog_id;
INSERT INTO book_catalog (isbn, catalog_id) SELECT '9788968326875', c.id FROM catalog c WHERE c.code='NOVEL' ON DUPLICATE KEY UPDATE catalog_id=catalog_id;
INSERT INTO book_catalog (isbn, catalog_id) SELECT '9788968326882', c.id FROM catalog c WHERE c.code='SCIENCE_TECH' ON DUPLICATE KEY UPDATE catalog_id=catalog_id;
INSERT INTO book_catalog (isbn, catalog_id) SELECT '9787516816608', c.id FROM catalog c WHERE c.code='COMPUTER_IT' ON DUPLICATE KEY UPDATE catalog_id=catalog_id;
INSERT INTO book_catalog (isbn, catalog_id) SELECT '9791167790125', c.id FROM catalog c WHERE c.code='BUSINESS_SELFHELP' ON DUPLICATE KEY UPDATE catalog_id=catalog_id;
INSERT INTO book_catalog (isbn, catalog_id) SELECT '9791128371219', c.id FROM catalog c WHERE c.code='NOVEL' ON DUPLICATE KEY UPDATE catalog_id=catalog_id;
INSERT INTO book_catalog (isbn, catalog_id) SELECT '9791191019544', c.id FROM catalog c WHERE c.code='SCIENCE_TECH' ON DUPLICATE KEY UPDATE catalog_id=catalog_id;
INSERT INTO book_catalog (isbn, catalog_id) SELECT '9791158512255', c.id FROM catalog c WHERE c.code='COMPUTER_IT' ON DUPLICATE KEY UPDATE catalog_id=catalog_id;
INSERT INTO book_catalog (isbn, catalog_id) SELECT '9788954682473', c.id FROM catalog c WHERE c.code='BUSINESS_SELFHELP' ON DUPLICATE KEY UPDATE catalog_id=catalog_id;
INSERT INTO book_catalog (isbn, catalog_id) SELECT '9788968506147', c.id FROM catalog c WHERE c.code='NOVEL' ON DUPLICATE KEY UPDATE catalog_id=catalog_id;
INSERT INTO book_catalog (isbn, catalog_id) SELECT '9791191859041', c.id FROM catalog c WHERE c.code='SCIENCE_TECH' ON DUPLICATE KEY UPDATE catalog_id=catalog_id;
INSERT INTO book_catalog (isbn, catalog_id) SELECT '9791190183307', c.id FROM catalog c WHERE c.code='COMPUTER_IT' ON DUPLICATE KEY UPDATE catalog_id=catalog_id;
INSERT INTO book_catalog (isbn, catalog_id) SELECT '9788954759663', c.id FROM catalog c WHERE c.code='BUSINESS_SELFHELP' ON DUPLICATE KEY UPDATE catalog_id=catalog_id;
INSERT INTO book_catalog (isbn, catalog_id) SELECT '9791163635284', c.id FROM catalog c WHERE c.code='NOVEL' ON DUPLICATE KEY UPDATE catalog_id=catalog_id;
INSERT INTO book_catalog (isbn, catalog_id) SELECT '9791191164947', c.id FROM catalog c WHERE c.code='SCIENCE_TECH' ON DUPLICATE KEY UPDATE catalog_id=catalog_id;
INSERT INTO book_catalog (isbn, catalog_id) SELECT '9788936457068', c.id FROM catalog c WHERE c.code='COMPUTER_IT' ON DUPLICATE KEY UPDATE catalog_id=catalog_id;
INSERT INTO book_catalog (isbn, catalog_id) SELECT '9791185521992', c.id FROM catalog c WHERE c.code='BUSINESS_SELFHELP' ON DUPLICATE KEY UPDATE catalog_id=catalog_id;
INSERT INTO book_catalog (isbn, catalog_id) SELECT '9788955867091', c.id FROM catalog c WHERE c.code='NOVEL' ON DUPLICATE KEY UPDATE catalog_id=catalog_id;
INSERT INTO book_catalog (isbn, catalog_id) SELECT '9791159316890', c.id FROM catalog c WHERE c.code='SCIENCE_TECH' ON DUPLICATE KEY UPDATE catalog_id=catalog_id;
INSERT INTO book_catalog (isbn, catalog_id) SELECT '9791167021588', c.id FROM catalog c WHERE c.code='COMPUTER_IT' ON DUPLICATE KEY UPDATE catalog_id=catalog_id;
INSERT INTO book_catalog (isbn, catalog_id) SELECT '9791167021472', c.id FROM catalog c WHERE c.code='BUSINESS_SELFHELP' ON DUPLICATE KEY UPDATE catalog_id=catalog_id;
INSERT INTO book_catalog (isbn, catalog_id) SELECT '9791167021540', c.id FROM catalog c WHERE c.code='NOVEL' ON DUPLICATE KEY UPDATE catalog_id=catalog_id;
INSERT INTO book_catalog (isbn, catalog_id) SELECT '9788905052140', c.id FROM catalog c WHERE c.code='SCIENCE_TECH' ON DUPLICATE KEY UPDATE catalog_id=catalog_id;
INSERT INTO book_catalog (isbn, catalog_id) SELECT '9788905052164', c.id FROM catalog c WHERE c.code='COMPUTER_IT' ON DUPLICATE KEY UPDATE catalog_id=catalog_id;
INSERT INTO book_catalog (isbn, catalog_id) SELECT '9788905052188', c.id FROM catalog c WHERE c.code='BUSINESS_SELFHELP' ON DUPLICATE KEY UPDATE catalog_id=catalog_id;
INSERT INTO book_catalog (isbn, catalog_id) SELECT '9788905052201', c.id FROM catalog c WHERE c.code='NOVEL' ON DUPLICATE KEY UPDATE catalog_id=catalog_id;
INSERT INTO book_catalog (isbn, catalog_id) SELECT '9791167021533', c.id FROM catalog c WHERE c.code='SCIENCE_TECH' ON DUPLICATE KEY UPDATE catalog_id=catalog_id;
INSERT INTO book_catalog (isbn, catalog_id) SELECT '9788905052621', c.id FROM catalog c WHERE c.code='COMPUTER_IT' ON DUPLICATE KEY UPDATE catalog_id=catalog_id;
INSERT INTO book_catalog (isbn, catalog_id) SELECT '9788905052560', c.id FROM catalog c WHERE c.code='BUSINESS_SELFHELP' ON DUPLICATE KEY UPDATE catalog_id=catalog_id;
INSERT INTO book_catalog (isbn, catalog_id) SELECT '9788905052577', c.id FROM catalog c WHERE c.code='NOVEL' ON DUPLICATE KEY UPDATE catalog_id=catalog_id;
INSERT INTO book_catalog (isbn, catalog_id) SELECT '9788905052584', c.id FROM catalog c WHERE c.code='SCIENCE_TECH' ON DUPLICATE KEY UPDATE catalog_id=catalog_id;
INSERT INTO book_catalog (isbn, catalog_id) SELECT '9788905052638', c.id FROM catalog c WHERE c.code='COMPUTER_IT' ON DUPLICATE KEY UPDATE catalog_id=catalog_id;
INSERT INTO book_catalog (isbn, catalog_id) SELECT '9788905052645', c.id FROM catalog c WHERE c.code='BUSINESS_SELFHELP' ON DUPLICATE KEY UPDATE catalog_id=catalog_id;
INSERT INTO book_catalog (isbn, catalog_id) SELECT '9791167021526', c.id FROM catalog c WHERE c.code='NOVEL' ON DUPLICATE KEY UPDATE catalog_id=catalog_id;
INSERT INTO book_catalog (isbn, catalog_id) SELECT '9788905052133', c.id FROM catalog c WHERE c.code='SCIENCE_TECH' ON DUPLICATE KEY UPDATE catalog_id=catalog_id;
INSERT INTO book_catalog (isbn, catalog_id) SELECT '9788905052157', c.id FROM catalog c WHERE c.code='COMPUTER_IT' ON DUPLICATE KEY UPDATE catalog_id=catalog_id;
INSERT INTO book_catalog (isbn, catalog_id) SELECT '9788905052171', c.id FROM catalog c WHERE c.code='BUSINESS_SELFHELP' ON DUPLICATE KEY UPDATE catalog_id=catalog_id;
INSERT INTO book_catalog (isbn, catalog_id) SELECT '9788905052195', c.id FROM catalog c WHERE c.code='NOVEL' ON DUPLICATE KEY UPDATE catalog_id=catalog_id;
INSERT INTO book_catalog (isbn, catalog_id) SELECT '9788905052218', c.id FROM catalog c WHERE c.code='SCIENCE_TECH' ON DUPLICATE KEY UPDATE catalog_id=catalog_id;
INSERT INTO book_catalog (isbn, catalog_id) SELECT '9788905052232', c.id FROM catalog c WHERE c.code='COMPUTER_IT' ON DUPLICATE KEY UPDATE catalog_id=catalog_id;
INSERT INTO book_catalog (isbn, catalog_id) SELECT '9788905052256', c.id FROM catalog c WHERE c.code='BUSINESS_SELFHELP' ON DUPLICATE KEY UPDATE catalog_id=catalog_id;
INSERT INTO book_catalog (isbn, catalog_id) SELECT '9788905052270', c.id FROM catalog c WHERE c.code='NOVEL' ON DUPLICATE KEY UPDATE catalog_id=catalog_id;
INSERT INTO book_catalog (isbn, catalog_id) SELECT '9791167021571', c.id FROM catalog c WHERE c.code='SCIENCE_TECH' ON DUPLICATE KEY UPDATE catalog_id=catalog_id;
INSERT INTO book_catalog (isbn, catalog_id) SELECT '9791167021489', c.id FROM catalog c WHERE c.code='COMPUTER_IT' ON DUPLICATE KEY UPDATE catalog_id=catalog_id;
INSERT INTO book_catalog (isbn, catalog_id) SELECT '9791159071287', c.id FROM catalog c WHERE c.code='BUSINESS_SELFHELP' ON DUPLICATE KEY UPDATE catalog_id=catalog_id;
INSERT INTO book_catalog (isbn, catalog_id) SELECT '9791159071317', c.id FROM catalog c WHERE c.code='NOVEL' ON DUPLICATE KEY UPDATE catalog_id=catalog_id;
INSERT INTO book_catalog (isbn, catalog_id) SELECT '9791159071300', c.id FROM catalog c WHERE c.code='SCIENCE_TECH' ON DUPLICATE KEY UPDATE catalog_id=catalog_id;
INSERT INTO book_catalog (isbn, catalog_id) SELECT '9788961204293', c.id FROM catalog c WHERE c.code='COMPUTER_IT' ON DUPLICATE KEY UPDATE catalog_id=catalog_id;
INSERT INTO book_catalog (isbn, catalog_id) SELECT '9791165551452', c.id FROM catalog c WHERE c.code='BUSINESS_SELFHELP' ON DUPLICATE KEY UPDATE catalog_id=catalog_id;
INSERT INTO book_catalog (isbn, catalog_id) SELECT '9791190491457', c.id FROM catalog c WHERE c.code='NOVEL' ON DUPLICATE KEY UPDATE catalog_id=catalog_id;
INSERT INTO book_catalog (isbn, catalog_id) SELECT '9788961204231', c.id FROM catalog c WHERE c.code='SCIENCE_TECH' ON DUPLICATE KEY UPDATE catalog_id=catalog_id;
INSERT INTO book_catalog (isbn, catalog_id) SELECT '9791190491426', c.id FROM catalog c WHERE c.code='COMPUTER_IT' ON DUPLICATE KEY UPDATE catalog_id=catalog_id;
INSERT INTO book_catalog (isbn, catalog_id) SELECT '9791166632877', c.id FROM catalog c WHERE c.code='BUSINESS_SELFHELP' ON DUPLICATE KEY UPDATE catalog_id=catalog_id;
INSERT INTO book_catalog (isbn, catalog_id) SELECT '9791166632778', c.id FROM catalog c WHERE c.code='NOVEL' ON DUPLICATE KEY UPDATE catalog_id=catalog_id;
INSERT INTO book_catalog (isbn, catalog_id) SELECT '9791166632761', c.id FROM catalog c WHERE c.code='SCIENCE_TECH' ON DUPLICATE KEY UPDATE catalog_id=catalog_id;
INSERT INTO book_catalog (isbn, catalog_id) SELECT '9788999724909', c.id FROM catalog c WHERE c.code='COMPUTER_IT' ON DUPLICATE KEY UPDATE catalog_id=catalog_id;
INSERT INTO book_catalog (isbn, catalog_id) SELECT '9791166632723', c.id FROM catalog c WHERE c.code='BUSINESS_SELFHELP' ON DUPLICATE KEY UPDATE catalog_id=catalog_id;
INSERT INTO book_catalog (isbn, catalog_id) SELECT '9791166632716', c.id FROM catalog c WHERE c.code='NOVEL' ON DUPLICATE KEY UPDATE catalog_id=catalog_id;
INSERT INTO book_catalog (isbn, catalog_id) SELECT '9791166632686', c.id FROM catalog c WHERE c.code='SCIENCE_TECH' ON DUPLICATE KEY UPDATE catalog_id=catalog_id;
INSERT INTO book_catalog (isbn, catalog_id) SELECT '9791166632679', c.id FROM catalog c WHERE c.code='COMPUTER_IT' ON DUPLICATE KEY UPDATE catalog_id=catalog_id;
INSERT INTO book_catalog (isbn, catalog_id) SELECT '9791166632662', c.id FROM catalog c WHERE c.code='BUSINESS_SELFHELP' ON DUPLICATE KEY UPDATE catalog_id=catalog_id;
INSERT INTO book_catalog (isbn, catalog_id) SELECT '9791166632655', c.id FROM catalog c WHERE c.code='NOVEL' ON DUPLICATE KEY UPDATE catalog_id=catalog_id;
INSERT INTO book_catalog (isbn, catalog_id) SELECT '9791166973482', c.id FROM catalog c WHERE c.code='SCIENCE_TECH' ON DUPLICATE KEY UPDATE catalog_id=catalog_id;
INSERT INTO book_catalog (isbn, catalog_id) SELECT '9791166632648', c.id FROM catalog c WHERE c.code='COMPUTER_IT' ON DUPLICATE KEY UPDATE catalog_id=catalog_id;
INSERT INTO book_catalog (isbn, catalog_id) SELECT '9791167460141', c.id FROM catalog c WHERE c.code='BUSINESS_SELFHELP' ON DUPLICATE KEY UPDATE catalog_id=catalog_id;
INSERT INTO book_catalog (isbn, catalog_id) SELECT '9791167460158', c.id FROM catalog c WHERE c.code='NOVEL' ON DUPLICATE KEY UPDATE catalog_id=catalog_id;
INSERT INTO book_catalog (isbn, catalog_id) SELECT '9791197183225', c.id FROM catalog c WHERE c.code='SCIENCE_TECH' ON DUPLICATE KEY UPDATE catalog_id=catalog_id;
INSERT INTO book_catalog (isbn, catalog_id) SELECT '9791161435855', c.id FROM catalog c WHERE c.code='COMPUTER_IT' ON DUPLICATE KEY UPDATE catalog_id=catalog_id;
INSERT INTO book_catalog (isbn, catalog_id) SELECT '9791161435657', c.id FROM catalog c WHERE c.code='BUSINESS_SELFHELP' ON DUPLICATE KEY UPDATE catalog_id=catalog_id;
INSERT INTO book_catalog (isbn, catalog_id) SELECT '9791161435879', c.id FROM catalog c WHERE c.code='NOVEL' ON DUPLICATE KEY UPDATE catalog_id=catalog_id;
INSERT INTO book_catalog (isbn, catalog_id) SELECT '9791161435848', c.id FROM catalog c WHERE c.code='SCIENCE_TECH' ON DUPLICATE KEY UPDATE catalog_id=catalog_id;
INSERT INTO book_catalog (isbn, catalog_id) SELECT '9791161435183', c.id FROM catalog c WHERE c.code='COMPUTER_IT' ON DUPLICATE KEY UPDATE catalog_id=catalog_id;
INSERT INTO book_catalog (isbn, catalog_id) SELECT '9791161435190', c.id FROM catalog c WHERE c.code='BUSINESS_SELFHELP' ON DUPLICATE KEY UPDATE catalog_id=catalog_id;
INSERT INTO book_catalog (isbn, catalog_id) SELECT '9791161435862', c.id FROM catalog c WHERE c.code='NOVEL' ON DUPLICATE KEY UPDATE catalog_id=catalog_id;
INSERT INTO book_catalog (isbn, catalog_id) SELECT '9791166840395', c.id FROM catalog c WHERE c.code='SCIENCE_TECH' ON DUPLICATE KEY UPDATE catalog_id=catalog_id;
INSERT INTO book_catalog (isbn, catalog_id) SELECT '9791166632617', c.id FROM catalog c WHERE c.code='COMPUTER_IT' ON DUPLICATE KEY UPDATE catalog_id=catalog_id;
INSERT INTO book_catalog (isbn, catalog_id) SELECT '9791166632594', c.id FROM catalog c WHERE c.code='BUSINESS_SELFHELP' ON DUPLICATE KEY UPDATE catalog_id=catalog_id;
INSERT INTO book_catalog (isbn, catalog_id) SELECT '9791166632556', c.id FROM catalog c WHERE c.code='NOVEL' ON DUPLICATE KEY UPDATE catalog_id=catalog_id;
INSERT INTO book_catalog (isbn, catalog_id) SELECT '9791161435909', c.id FROM catalog c WHERE c.code='SCIENCE_TECH' ON DUPLICATE KEY UPDATE catalog_id=catalog_id;
INSERT INTO book_catalog (isbn, catalog_id) SELECT '9791166632549', c.id FROM catalog c WHERE c.code='COMPUTER_IT' ON DUPLICATE KEY UPDATE catalog_id=catalog_id;
INSERT INTO book_catalog (isbn, catalog_id) SELECT '9791161435640', c.id FROM catalog c WHERE c.code='BUSINESS_SELFHELP' ON DUPLICATE KEY UPDATE catalog_id=catalog_id;
INSERT INTO book_catalog (isbn, catalog_id) SELECT '9791166632457', c.id FROM catalog c WHERE c.code='NOVEL' ON DUPLICATE KEY UPDATE catalog_id=catalog_id;
INSERT INTO book_catalog (isbn, catalog_id) SELECT '9791166632471', c.id FROM catalog c WHERE c.code='SCIENCE_TECH' ON DUPLICATE KEY UPDATE catalog_id=catalog_id;
INSERT INTO book_catalog (isbn, catalog_id) SELECT '9791166632464', c.id FROM catalog c WHERE c.code='COMPUTER_IT' ON DUPLICATE KEY UPDATE catalog_id=catalog_id;
INSERT INTO book_catalog (isbn, catalog_id) SELECT '9788999724572', c.id FROM catalog c WHERE c.code='BUSINESS_SELFHELP' ON DUPLICATE KEY UPDATE catalog_id=catalog_id;
INSERT INTO book_catalog (isbn, catalog_id) SELECT '9791166632396', c.id FROM catalog c WHERE c.code='NOVEL' ON DUPLICATE KEY UPDATE catalog_id=catalog_id;
INSERT INTO book_catalog (isbn, catalog_id) SELECT '9788999724657', c.id FROM catalog c WHERE c.code='SCIENCE_TECH' ON DUPLICATE KEY UPDATE catalog_id=catalog_id;
INSERT INTO book_catalog (isbn, catalog_id) SELECT '9788959728374', c.id FROM catalog c WHERE c.code='COMPUTER_IT' ON DUPLICATE KEY UPDATE catalog_id=catalog_id;
INSERT INTO book_catalog (isbn, catalog_id) SELECT '9791197452093', c.id FROM catalog c WHERE c.code='BUSINESS_SELFHELP' ON DUPLICATE KEY UPDATE catalog_id=catalog_id;
INSERT INTO book_catalog (isbn, catalog_id) SELECT '9791166632389', c.id FROM catalog c WHERE c.code='NOVEL' ON DUPLICATE KEY UPDATE catalog_id=catalog_id;
INSERT INTO book_catalog (isbn, catalog_id) SELECT '9788959728367', c.id FROM catalog c WHERE c.code='SCIENCE_TECH' ON DUPLICATE KEY UPDATE catalog_id=catalog_id;
INSERT INTO book_catalog (isbn, catalog_id) SELECT '9791166632365', c.id FROM catalog c WHERE c.code='COMPUTER_IT' ON DUPLICATE KEY UPDATE catalog_id=catalog_id;
INSERT INTO book_catalog (isbn, catalog_id) SELECT '9788959728305', c.id FROM catalog c WHERE c.code='BUSINESS_SELFHELP' ON DUPLICATE KEY UPDATE catalog_id=catalog_id;
INSERT INTO book_catalog (isbn, catalog_id) SELECT '9791166632310', c.id FROM catalog c WHERE c.code='NOVEL' ON DUPLICATE KEY UPDATE catalog_id=catalog_id;
INSERT INTO book_catalog (isbn, catalog_id) SELECT '9788988524541', c.id FROM catalog c WHERE c.code='SCIENCE_TECH' ON DUPLICATE KEY UPDATE catalog_id=catalog_id;
INSERT INTO book_catalog (isbn, catalog_id) SELECT '9788988524565', c.id FROM catalog c WHERE c.code='COMPUTER_IT' ON DUPLICATE KEY UPDATE catalog_id=catalog_id;
INSERT INTO book_catalog (isbn, catalog_id) SELECT '9791196690045', c.id FROM catalog c WHERE c.code='BUSINESS_SELFHELP' ON DUPLICATE KEY UPDATE catalog_id=catalog_id;
INSERT INTO book_catalog (isbn, catalog_id) SELECT '9791159794520', c.id FROM catalog c WHERE c.code='NOVEL' ON DUPLICATE KEY UPDATE catalog_id=catalog_id;
INSERT INTO book_catalog (isbn, catalog_id) SELECT '9791159794476', c.id FROM catalog c WHERE c.code='SCIENCE_TECH' ON DUPLICATE KEY UPDATE catalog_id=catalog_id;
INSERT INTO book_catalog (isbn, catalog_id) SELECT '9791197547409', c.id FROM catalog c WHERE c.code='COMPUTER_IT' ON DUPLICATE KEY UPDATE catalog_id=catalog_id;
INSERT INTO book_catalog (isbn, catalog_id) SELECT '9791159794513', c.id FROM catalog c WHERE c.code='BUSINESS_SELFHELP' ON DUPLICATE KEY UPDATE catalog_id=catalog_id;
INSERT INTO book_catalog (isbn, catalog_id) SELECT '9791197547492', c.id FROM catalog c WHERE c.code='NOVEL' ON DUPLICATE KEY UPDATE catalog_id=catalog_id;
INSERT INTO book_catalog (isbn, catalog_id) SELECT '9791159794452', c.id FROM catalog c WHERE c.code='SCIENCE_TECH' ON DUPLICATE KEY UPDATE catalog_id=catalog_id;
INSERT INTO book_catalog (isbn, catalog_id) SELECT '9791190491464', c.id FROM catalog c WHERE c.code='COMPUTER_IT' ON DUPLICATE KEY UPDATE catalog_id=catalog_id;
INSERT INTO book_catalog (isbn, catalog_id) SELECT '9791190491471', c.id FROM catalog c WHERE c.code='BUSINESS_SELFHELP' ON DUPLICATE KEY UPDATE catalog_id=catalog_id;
INSERT INTO book_catalog (isbn, catalog_id) SELECT '9788999724930', c.id FROM catalog c WHERE c.code='NOVEL' ON DUPLICATE KEY UPDATE catalog_id=catalog_id;
INSERT INTO book_catalog (isbn, catalog_id) SELECT '9791190340977', c.id FROM catalog c WHERE c.code='SCIENCE_TECH' ON DUPLICATE KEY UPDATE catalog_id=catalog_id;
INSERT INTO book_catalog (isbn, catalog_id) SELECT '9788961204507', c.id FROM catalog c WHERE c.code='COMPUTER_IT' ON DUPLICATE KEY UPDATE catalog_id=catalog_id;
INSERT INTO book_catalog (isbn, catalog_id) SELECT '9788961204309', c.id FROM catalog c WHERE c.code='BUSINESS_SELFHELP' ON DUPLICATE KEY UPDATE catalog_id=catalog_id;
INSERT INTO book_catalog (isbn, catalog_id) SELECT '9788961204316', c.id FROM catalog c WHERE c.code='NOVEL' ON DUPLICATE KEY UPDATE catalog_id=catalog_id;
INSERT INTO book_catalog (isbn, catalog_id) SELECT '9788961204354', c.id FROM catalog c WHERE c.code='SCIENCE_TECH' ON DUPLICATE KEY UPDATE catalog_id=catalog_id;
INSERT INTO book_catalog (isbn, catalog_id) SELECT '9791159794551', c.id FROM catalog c WHERE c.code='COMPUTER_IT' ON DUPLICATE KEY UPDATE catalog_id=catalog_id;
INSERT INTO book_catalog (isbn, catalog_id) SELECT '9788999724916', c.id FROM catalog c WHERE c.code='BUSINESS_SELFHELP' ON DUPLICATE KEY UPDATE catalog_id=catalog_id;
INSERT INTO book_catalog (isbn, catalog_id) SELECT '9791159794544', c.id FROM catalog c WHERE c.code='NOVEL' ON DUPLICATE KEY UPDATE catalog_id=catalog_id;
INSERT INTO book_catalog (isbn, catalog_id) SELECT '9791197183218', c.id FROM catalog c WHERE c.code='SCIENCE_TECH' ON DUPLICATE KEY UPDATE catalog_id=catalog_id;
INSERT INTO book_catalog (isbn, catalog_id) SELECT '9788999724886', c.id FROM catalog c WHERE c.code='COMPUTER_IT' ON DUPLICATE KEY UPDATE catalog_id=catalog_id;
INSERT INTO book_catalog (isbn, catalog_id) SELECT '9791197183232', c.id FROM catalog c WHERE c.code='BUSINESS_SELFHELP' ON DUPLICATE KEY UPDATE catalog_id=catalog_id;
INSERT INTO book_catalog (isbn, catalog_id) SELECT '9791166632563', c.id FROM catalog c WHERE c.code='NOVEL' ON DUPLICATE KEY UPDATE catalog_id=catalog_id;
INSERT INTO book_catalog (isbn, catalog_id) SELECT '9791161435893', c.id FROM catalog c WHERE c.code='SCIENCE_TECH' ON DUPLICATE KEY UPDATE catalog_id=catalog_id;
INSERT INTO book_catalog (isbn, catalog_id) SELECT '9791166632495', c.id FROM catalog c WHERE c.code='COMPUTER_IT' ON DUPLICATE KEY UPDATE catalog_id=catalog_id;
INSERT INTO book_catalog (isbn, catalog_id) SELECT '9788940073155', c.id FROM catalog c WHERE c.code='BUSINESS_SELFHELP' ON DUPLICATE KEY UPDATE catalog_id=catalog_id;
INSERT INTO book_catalog (isbn, catalog_id) SELECT '9788999722509', c.id FROM catalog c WHERE c.code='NOVEL' ON DUPLICATE KEY UPDATE catalog_id=catalog_id;
INSERT INTO book_catalog (isbn, catalog_id) SELECT '9791166632419', c.id FROM catalog c WHERE c.code='SCIENCE_TECH' ON DUPLICATE KEY UPDATE catalog_id=catalog_id;
INSERT INTO book_catalog (isbn, catalog_id) SELECT '9791188266289', c.id FROM catalog c WHERE c.code='COMPUTER_IT' ON DUPLICATE KEY UPDATE catalog_id=catalog_id;
INSERT INTO book_catalog (isbn, catalog_id) SELECT '9788964476826', c.id FROM catalog c WHERE c.code='BUSINESS_SELFHELP' ON DUPLICATE KEY UPDATE catalog_id=catalog_id;
INSERT INTO book_catalog (isbn, catalog_id) SELECT '9791197447501', c.id FROM catalog c WHERE c.code='NOVEL' ON DUPLICATE KEY UPDATE catalog_id=catalog_id;
INSERT INTO book_catalog (isbn, catalog_id) SELECT '9788959728312', c.id FROM catalog c WHERE c.code='SCIENCE_TECH' ON DUPLICATE KEY UPDATE catalog_id=catalog_id;
INSERT INTO book_catalog (isbn, catalog_id) SELECT '9788959728350', c.id FROM catalog c WHERE c.code='COMPUTER_IT' ON DUPLICATE KEY UPDATE catalog_id=catalog_id;
INSERT INTO book_catalog (isbn, catalog_id) SELECT '9788959728299', c.id FROM catalog c WHERE c.code='BUSINESS_SELFHELP' ON DUPLICATE KEY UPDATE catalog_id=catalog_id;
INSERT INTO book_catalog (isbn, catalog_id) SELECT '9788994833712', c.id FROM catalog c WHERE c.code='NOVEL' ON DUPLICATE KEY UPDATE catalog_id=catalog_id;
INSERT INTO book_catalog (isbn, catalog_id) SELECT '9791167840073', c.id FROM catalog c WHERE c.code='SCIENCE_TECH' ON DUPLICATE KEY UPDATE catalog_id=catalog_id;
INSERT INTO book_catalog (isbn, catalog_id) SELECT '9788930451079', c.id FROM catalog c WHERE c.code='COMPUTER_IT' ON DUPLICATE KEY UPDATE catalog_id=catalog_id;
INSERT INTO book_catalog (isbn, catalog_id) SELECT '9788988524558', c.id FROM catalog c WHERE c.code='BUSINESS_SELFHELP' ON DUPLICATE KEY UPDATE catalog_id=catalog_id;
INSERT INTO book_catalog (isbn, catalog_id) SELECT '9788999724763', c.id FROM catalog c WHERE c.code='NOVEL' ON DUPLICATE KEY UPDATE catalog_id=catalog_id;
INSERT INTO book_catalog (isbn, catalog_id) SELECT '9788999724824', c.id FROM catalog c WHERE c.code='SCIENCE_TECH' ON DUPLICATE KEY UPDATE catalog_id=catalog_id;
INSERT INTO book_catalog (isbn, catalog_id) SELECT '9788999724848', c.id FROM catalog c WHERE c.code='COMPUTER_IT' ON DUPLICATE KEY UPDATE catalog_id=catalog_id;
INSERT INTO book_catalog (isbn, catalog_id) SELECT '9791190491433', c.id FROM catalog c WHERE c.code='BUSINESS_SELFHELP' ON DUPLICATE KEY UPDATE catalog_id=catalog_id;
INSERT INTO book_catalog (isbn, catalog_id) SELECT '9791190340762', c.id FROM catalog c WHERE c.code='NOVEL' ON DUPLICATE KEY UPDATE catalog_id=catalog_id;
INSERT INTO book_catalog (isbn, catalog_id) SELECT '9788999724954', c.id FROM catalog c WHERE c.code='SCIENCE_TECH' ON DUPLICATE KEY UPDATE catalog_id=catalog_id;
INSERT INTO book_catalog (isbn, catalog_id) SELECT '9788965149484', c.id FROM catalog c WHERE c.code='COMPUTER_IT' ON DUPLICATE KEY UPDATE catalog_id=catalog_id;
INSERT INTO book_catalog (isbn, catalog_id) SELECT '9791165802202', c.id FROM catalog c WHERE c.code='BUSINESS_SELFHELP' ON DUPLICATE KEY UPDATE catalog_id=catalog_id;
INSERT INTO book_catalog (isbn, catalog_id) SELECT '9791165802790', c.id FROM catalog c WHERE c.code='NOVEL' ON DUPLICATE KEY UPDATE catalog_id=catalog_id;
INSERT INTO book_catalog (isbn, catalog_id) SELECT '9791186555316', c.id FROM catalog c WHERE c.code='SCIENCE_TECH' ON DUPLICATE KEY UPDATE catalog_id=catalog_id;
INSERT INTO book_catalog (isbn, catalog_id) SELECT '9788905052591', c.id FROM catalog c WHERE c.code='COMPUTER_IT' ON DUPLICATE KEY UPDATE catalog_id=catalog_id;
INSERT INTO book_catalog (isbn, catalog_id) SELECT '9788961204484', c.id FROM catalog c WHERE c.code='BUSINESS_SELFHELP' ON DUPLICATE KEY UPDATE catalog_id=catalog_id;
INSERT INTO book_catalog (isbn, catalog_id) SELECT '9788961204453', c.id FROM catalog c WHERE c.code='NOVEL' ON DUPLICATE KEY UPDATE catalog_id=catalog_id;
INSERT INTO book_catalog (isbn, catalog_id) SELECT '9780669811667', c.id FROM catalog c WHERE c.code='SCIENCE_TECH' ON DUPLICATE KEY UPDATE catalog_id=catalog_id;
INSERT INTO book_catalog (isbn, catalog_id) SELECT '9791197567407', c.id FROM catalog c WHERE c.code='COMPUTER_IT' ON DUPLICATE KEY UPDATE catalog_id=catalog_id;
INSERT INTO book_catalog (isbn, catalog_id) SELECT '9791134882211', c.id FROM catalog c WHERE c.code='BUSINESS_SELFHELP' ON DUPLICATE KEY UPDATE catalog_id=catalog_id;
INSERT INTO book_catalog (isbn, catalog_id) SELECT '9791163283119', c.id FROM catalog c WHERE c.code='NOVEL' ON DUPLICATE KEY UPDATE catalog_id=catalog_id;
INSERT INTO book_catalog (isbn, catalog_id) SELECT '9791165803018', c.id FROM catalog c WHERE c.code='SCIENCE_TECH' ON DUPLICATE KEY UPDATE catalog_id=catalog_id;
INSERT INTO book_catalog (isbn, catalog_id) SELECT '9788905052614', c.id FROM catalog c WHERE c.code='COMPUTER_IT' ON DUPLICATE KEY UPDATE catalog_id=catalog_id;
INSERT INTO book_catalog (isbn, catalog_id) SELECT '9791129382221', c.id FROM catalog c WHERE c.code='BUSINESS_SELFHELP' ON DUPLICATE KEY UPDATE catalog_id=catalog_id;
INSERT INTO book_catalog (isbn, catalog_id) SELECT '9791165802806', c.id FROM catalog c WHERE c.code='NOVEL' ON DUPLICATE KEY UPDATE catalog_id=catalog_id;
INSERT INTO book_catalog (isbn, catalog_id) SELECT '9791129387400', c.id FROM catalog c WHERE c.code='SCIENCE_TECH' ON DUPLICATE KEY UPDATE catalog_id=catalog_id;
INSERT INTO book_catalog (isbn, catalog_id) SELECT '9791129387387', c.id FROM catalog c WHERE c.code='COMPUTER_IT' ON DUPLICATE KEY UPDATE catalog_id=catalog_id;
INSERT INTO book_catalog (isbn, catalog_id) SELECT '8809479920251', c.id FROM catalog c WHERE c.code='BUSINESS_SELFHELP' ON DUPLICATE KEY UPDATE catalog_id=catalog_id;
INSERT INTO book_catalog (isbn, catalog_id) SELECT '9788954682381', c.id FROM catalog c WHERE c.code='NOVEL' ON DUPLICATE KEY UPDATE catalog_id=catalog_id;
INSERT INTO book_catalog (isbn, catalog_id) SELECT '9791166831003', c.id FROM catalog c WHERE c.code='SCIENCE_TECH' ON DUPLICATE KEY UPDATE catalog_id=catalog_id;
INSERT INTO book_catalog (isbn, catalog_id) SELECT '9791190893961', c.id FROM catalog c WHERE c.code='COMPUTER_IT' ON DUPLICATE KEY UPDATE catalog_id=catalog_id;
INSERT INTO book_catalog (isbn, catalog_id) SELECT '9791185359427', c.id FROM catalog c WHERE c.code='BUSINESS_SELFHELP' ON DUPLICATE KEY UPDATE catalog_id=catalog_id;
INSERT INTO book_catalog (isbn, catalog_id) SELECT '9791165731892', c.id FROM catalog c WHERE c.code='NOVEL' ON DUPLICATE KEY UPDATE catalog_id=catalog_id;
INSERT INTO book_catalog (isbn, catalog_id) SELECT '9791185359410', c.id FROM catalog c WHERE c.code='SCIENCE_TECH' ON DUPLICATE KEY UPDATE catalog_id=catalog_id;
INSERT INTO book_catalog (isbn, catalog_id) SELECT '9788937444814', c.id FROM catalog c WHERE c.code='COMPUTER_IT' ON DUPLICATE KEY UPDATE catalog_id=catalog_id;
INSERT INTO book_catalog (isbn, catalog_id) SELECT '9788947547567', c.id FROM catalog c WHERE c.code='BUSINESS_SELFHELP' ON DUPLICATE KEY UPDATE catalog_id=catalog_id;
INSERT INTO book_catalog (isbn, catalog_id) SELECT '9791158362652', c.id FROM catalog c WHERE c.code='NOVEL' ON DUPLICATE KEY UPDATE catalog_id=catalog_id;
INSERT INTO book_catalog (isbn, catalog_id) SELECT '9788960518902', c.id FROM catalog c WHERE c.code='SCIENCE_TECH' ON DUPLICATE KEY UPDATE catalog_id=catalog_id;
INSERT INTO book_catalog (isbn, catalog_id) SELECT '9791197329548', c.id FROM catalog c WHERE c.code='COMPUTER_IT' ON DUPLICATE KEY UPDATE catalog_id=catalog_id;
INSERT INTO book_catalog (isbn, catalog_id) SELECT '9788983928825', c.id FROM catalog c WHERE c.code='BUSINESS_SELFHELP' ON DUPLICATE KEY UPDATE catalog_id=catalog_id;
INSERT INTO book_catalog (isbn, catalog_id) SELECT '9791160077360', c.id FROM catalog c WHERE c.code='NOVEL' ON DUPLICATE KEY UPDATE catalog_id=catalog_id;
INSERT INTO book_catalog (isbn, catalog_id) SELECT '9787338111516', c.id FROM catalog c WHERE c.code='SCIENCE_TECH' ON DUPLICATE KEY UPDATE catalog_id=catalog_id;
INSERT INTO book_catalog (isbn, catalog_id) SELECT '9781338674248', c.id FROM catalog c WHERE c.code='COMPUTER_IT' ON DUPLICATE KEY UPDATE catalog_id=catalog_id;
INSERT INTO book_catalog (isbn, catalog_id) SELECT '9780578784045', c.id FROM catalog c WHERE c.code='BUSINESS_SELFHELP' ON DUPLICATE KEY UPDATE catalog_id=catalog_id;
INSERT INTO book_catalog (isbn, catalog_id) SELECT '9791162671795', c.id FROM catalog c WHERE c.code='NOVEL' ON DUPLICATE KEY UPDATE catalog_id=catalog_id;
INSERT INTO book_catalog (isbn, catalog_id) SELECT '9788990672259', c.id FROM catalog c WHERE c.code='SCIENCE_TECH' ON DUPLICATE KEY UPDATE catalog_id=catalog_id;
INSERT INTO book_catalog (isbn, catalog_id) SELECT '9791197221415', c.id FROM catalog c WHERE c.code='COMPUTER_IT' ON DUPLICATE KEY UPDATE catalog_id=catalog_id;
INSERT INTO book_catalog (isbn, catalog_id) SELECT '9791195969463', c.id FROM catalog c WHERE c.code='BUSINESS_SELFHELP' ON DUPLICATE KEY UPDATE catalog_id=catalog_id;
INSERT INTO book_catalog (isbn, catalog_id) SELECT '9791195969425', c.id FROM catalog c WHERE c.code='NOVEL' ON DUPLICATE KEY UPDATE catalog_id=catalog_id;
INSERT INTO book_catalog (isbn, catalog_id) SELECT '9791187932017', c.id FROM catalog c WHERE c.code='SCIENCE_TECH' ON DUPLICATE KEY UPDATE catalog_id=catalog_id;
INSERT INTO book_catalog (isbn, catalog_id) SELECT '9791195969432', c.id FROM catalog c WHERE c.code='COMPUTER_IT' ON DUPLICATE KEY UPDATE catalog_id=catalog_id;
INSERT INTO book_catalog (isbn, catalog_id) SELECT '9791195969449', c.id FROM catalog c WHERE c.code='BUSINESS_SELFHELP' ON DUPLICATE KEY UPDATE catalog_id=catalog_id;
INSERT INTO book_catalog (isbn, catalog_id) SELECT '9791195969456', c.id FROM catalog c WHERE c.code='NOVEL' ON DUPLICATE KEY UPDATE catalog_id=catalog_id;
INSERT INTO book_catalog (isbn, catalog_id) SELECT '9791195969470', c.id FROM catalog c WHERE c.code='SCIENCE_TECH' ON DUPLICATE KEY UPDATE catalog_id=catalog_id;
INSERT INTO book_catalog (isbn, catalog_id) SELECT '9791195969494', c.id FROM catalog c WHERE c.code='COMPUTER_IT' ON DUPLICATE KEY UPDATE catalog_id=catalog_id;
INSERT INTO book_catalog (isbn, catalog_id) SELECT '9791187932000', c.id FROM catalog c WHERE c.code='BUSINESS_SELFHELP' ON DUPLICATE KEY UPDATE catalog_id=catalog_id;
INSERT INTO book_catalog (isbn, catalog_id) SELECT '9791189950538', c.id FROM catalog c WHERE c.code='NOVEL' ON DUPLICATE KEY UPDATE catalog_id=catalog_id;
INSERT INTO book_catalog (isbn, catalog_id) SELECT '9791189950545', c.id FROM catalog c WHERE c.code='SCIENCE_TECH' ON DUPLICATE KEY UPDATE catalog_id=catalog_id;
INSERT INTO book_catalog (isbn, catalog_id) SELECT '9788907914552', c.id FROM catalog c WHERE c.code='COMPUTER_IT' ON DUPLICATE KEY UPDATE catalog_id=catalog_id;
INSERT INTO book_catalog (isbn, catalog_id) SELECT '9788929504939', c.id FROM catalog c WHERE c.code='BUSINESS_SELFHELP' ON DUPLICATE KEY UPDATE catalog_id=catalog_id;
INSERT INTO book_catalog (isbn, catalog_id) SELECT '9788929504120', c.id FROM catalog c WHERE c.code='NOVEL' ON DUPLICATE KEY UPDATE catalog_id=catalog_id;
INSERT INTO book_catalog (isbn, catalog_id) SELECT '9788929505615', c.id FROM catalog c WHERE c.code='SCIENCE_TECH' ON DUPLICATE KEY UPDATE catalog_id=catalog_id;
INSERT INTO book_catalog (isbn, catalog_id) SELECT '9788929503970', c.id FROM catalog c WHERE c.code='COMPUTER_IT' ON DUPLICATE KEY UPDATE catalog_id=catalog_id;
INSERT INTO book_catalog (isbn, catalog_id) SELECT '9788929505080', c.id FROM catalog c WHERE c.code='BUSINESS_SELFHELP' ON DUPLICATE KEY UPDATE catalog_id=catalog_id;
INSERT INTO book_catalog (isbn, catalog_id) SELECT '9788929505295', c.id FROM catalog c WHERE c.code='NOVEL' ON DUPLICATE KEY UPDATE catalog_id=catalog_id;
INSERT INTO book_catalog (isbn, catalog_id) SELECT '9788929503963', c.id FROM catalog c WHERE c.code='SCIENCE_TECH' ON DUPLICATE KEY UPDATE catalog_id=catalog_id;
INSERT INTO book_catalog (isbn, catalog_id) SELECT '9788997907328', c.id FROM catalog c WHERE c.code='COMPUTER_IT' ON DUPLICATE KEY UPDATE catalog_id=catalog_id;
INSERT INTO book_catalog (isbn, catalog_id) SELECT '9788997907311', c.id FROM catalog c WHERE c.code='BUSINESS_SELFHELP' ON DUPLICATE KEY UPDATE catalog_id=catalog_id;
INSERT INTO book_catalog (isbn, catalog_id) SELECT '9788997907373', c.id FROM catalog c WHERE c.code='NOVEL' ON DUPLICATE KEY UPDATE catalog_id=catalog_id;
INSERT INTO book_catalog (isbn, catalog_id) SELECT '9788997907700', c.id FROM catalog c WHERE c.code='SCIENCE_TECH' ON DUPLICATE KEY UPDATE catalog_id=catalog_id;
INSERT INTO book_catalog (isbn, catalog_id) SELECT '9788929503994', c.id FROM catalog c WHERE c.code='COMPUTER_IT' ON DUPLICATE KEY UPDATE catalog_id=catalog_id;
INSERT INTO book_catalog (isbn, catalog_id) SELECT '9788929503796', c.id FROM catalog c WHERE c.code='BUSINESS_SELFHELP' ON DUPLICATE KEY UPDATE catalog_id=catalog_id;
INSERT INTO book_catalog (isbn, catalog_id) SELECT '9788929504809', c.id FROM catalog c WHERE c.code='NOVEL' ON DUPLICATE KEY UPDATE catalog_id=catalog_id;
INSERT INTO book_catalog (isbn, catalog_id) SELECT '9788929504793', c.id FROM catalog c WHERE c.code='SCIENCE_TECH' ON DUPLICATE KEY UPDATE catalog_id=catalog_id;
INSERT INTO book_catalog (isbn, catalog_id) SELECT '9788929505103', c.id FROM catalog c WHERE c.code='COMPUTER_IT' ON DUPLICATE KEY UPDATE catalog_id=catalog_id;
INSERT INTO book_catalog (isbn, catalog_id) SELECT '9788929504069', c.id FROM catalog c WHERE c.code='BUSINESS_SELFHELP' ON DUPLICATE KEY UPDATE catalog_id=catalog_id;
INSERT INTO book_catalog (isbn, catalog_id) SELECT '9788929505356', c.id FROM catalog c WHERE c.code='NOVEL' ON DUPLICATE KEY UPDATE catalog_id=catalog_id;
INSERT INTO book_catalog (isbn, catalog_id) SELECT '9788929504113', c.id FROM catalog c WHERE c.code='SCIENCE_TECH' ON DUPLICATE KEY UPDATE catalog_id=catalog_id;
INSERT INTO book_catalog (isbn, catalog_id) SELECT '9788929504052', c.id FROM catalog c WHERE c.code='COMPUTER_IT' ON DUPLICATE KEY UPDATE catalog_id=catalog_id;
INSERT INTO book_catalog (isbn, catalog_id) SELECT '9788929505035', c.id FROM catalog c WHERE c.code='BUSINESS_SELFHELP' ON DUPLICATE KEY UPDATE catalog_id=catalog_id;
INSERT INTO book_catalog (isbn, catalog_id) SELECT '9788929505455', c.id FROM catalog c WHERE c.code='NOVEL' ON DUPLICATE KEY UPDATE catalog_id=catalog_id;
INSERT INTO book_catalog (isbn, catalog_id) SELECT '9788929504908', c.id FROM catalog c WHERE c.code='SCIENCE_TECH' ON DUPLICATE KEY UPDATE catalog_id=catalog_id;
INSERT INTO book_catalog (isbn, catalog_id) SELECT '9788997907847', c.id FROM catalog c WHERE c.code='COMPUTER_IT' ON DUPLICATE KEY UPDATE catalog_id=catalog_id;
INSERT INTO book_catalog (isbn, catalog_id) SELECT '9788997907304', c.id FROM catalog c WHERE c.code='BUSINESS_SELFHELP' ON DUPLICATE KEY UPDATE catalog_id=catalog_id;
INSERT INTO book_catalog (isbn, catalog_id) SELECT '9788929505318', c.id FROM catalog c WHERE c.code='NOVEL' ON DUPLICATE KEY UPDATE catalog_id=catalog_id;
INSERT INTO book_catalog (isbn, catalog_id) SELECT '9788929504625', c.id FROM catalog c WHERE c.code='SCIENCE_TECH' ON DUPLICATE KEY UPDATE catalog_id=catalog_id;
INSERT INTO book_catalog (isbn, catalog_id) SELECT '9788929504229', c.id FROM catalog c WHERE c.code='COMPUTER_IT' ON DUPLICATE KEY UPDATE catalog_id=catalog_id;
INSERT INTO book_catalog (isbn, catalog_id) SELECT '9788929504687', c.id FROM catalog c WHERE c.code='BUSINESS_SELFHELP' ON DUPLICATE KEY UPDATE catalog_id=catalog_id;
INSERT INTO book_catalog (isbn, catalog_id) SELECT '9788929504618', c.id FROM catalog c WHERE c.code='NOVEL' ON DUPLICATE KEY UPDATE catalog_id=catalog_id;
INSERT INTO book_catalog (isbn, catalog_id) SELECT '9788929505257', c.id FROM catalog c WHERE c.code='SCIENCE_TECH' ON DUPLICATE KEY UPDATE catalog_id=catalog_id;
INSERT INTO book_catalog (isbn, catalog_id) SELECT '9788929504663', c.id FROM catalog c WHERE c.code='COMPUTER_IT' ON DUPLICATE KEY UPDATE catalog_id=catalog_id;
INSERT INTO book_catalog (isbn, catalog_id) SELECT '9788929505288', c.id FROM catalog c WHERE c.code='BUSINESS_SELFHELP' ON DUPLICATE KEY UPDATE catalog_id=catalog_id;
INSERT INTO book_catalog (isbn, catalog_id) SELECT '9788929504724', c.id FROM catalog c WHERE c.code='NOVEL' ON DUPLICATE KEY UPDATE catalog_id=catalog_id;
INSERT INTO book_catalog (isbn, catalog_id) SELECT '9788929505134', c.id FROM catalog c WHERE c.code='SCIENCE_TECH' ON DUPLICATE KEY UPDATE catalog_id=catalog_id;
INSERT INTO book_catalog (isbn, catalog_id) SELECT '9788929504786', c.id FROM catalog c WHERE c.code='COMPUTER_IT' ON DUPLICATE KEY UPDATE catalog_id=catalog_id;
INSERT INTO book_catalog (isbn, catalog_id) SELECT '9788929505141', c.id FROM catalog c WHERE c.code='BUSINESS_SELFHELP' ON DUPLICATE KEY UPDATE catalog_id=catalog_id;
INSERT INTO book_catalog (isbn, catalog_id) SELECT '9788929504762', c.id FROM catalog c WHERE c.code='NOVEL' ON DUPLICATE KEY UPDATE catalog_id=catalog_id;
INSERT INTO book_catalog (isbn, catalog_id) SELECT '9788929505165', c.id FROM catalog c WHERE c.code='SCIENCE_TECH' ON DUPLICATE KEY UPDATE catalog_id=catalog_id;
INSERT INTO book_catalog (isbn, catalog_id) SELECT '9788929504311', c.id FROM catalog c WHERE c.code='COMPUTER_IT' ON DUPLICATE KEY UPDATE catalog_id=catalog_id;
INSERT INTO book_catalog (isbn, catalog_id) SELECT '9788997907243', c.id FROM catalog c WHERE c.code='BUSINESS_SELFHELP' ON DUPLICATE KEY UPDATE catalog_id=catalog_id;
INSERT INTO book_catalog (isbn, catalog_id) SELECT '9788997907151', c.id FROM catalog c WHERE c.code='NOVEL' ON DUPLICATE KEY UPDATE catalog_id=catalog_id;
INSERT INTO book_catalog (isbn, catalog_id) SELECT '9788997907168', c.id FROM catalog c WHERE c.code='SCIENCE_TECH' ON DUPLICATE KEY UPDATE catalog_id=catalog_id;
INSERT INTO book_catalog (isbn, catalog_id) SELECT '9791187959021', c.id FROM catalog c WHERE c.code='COMPUTER_IT' ON DUPLICATE KEY UPDATE catalog_id=catalog_id;
INSERT INTO book_catalog (isbn, catalog_id) SELECT '9791185959007', c.id FROM catalog c WHERE c.code='BUSINESS_SELFHELP' ON DUPLICATE KEY UPDATE catalog_id=catalog_id;
INSERT INTO book_catalog (isbn, catalog_id) SELECT '9788929503888', c.id FROM catalog c WHERE c.code='NOVEL' ON DUPLICATE KEY UPDATE catalog_id=catalog_id;
INSERT INTO book_catalog (isbn, catalog_id) SELECT '9788929504137', c.id FROM catalog c WHERE c.code='SCIENCE_TECH' ON DUPLICATE KEY UPDATE catalog_id=catalog_id;
INSERT INTO book_catalog (isbn, catalog_id) SELECT '9788929504526', c.id FROM catalog c WHERE c.code='COMPUTER_IT' ON DUPLICATE KEY UPDATE catalog_id=catalog_id;
INSERT INTO book_catalog (isbn, catalog_id) SELECT '9788929503833', c.id FROM catalog c WHERE c.code='BUSINESS_SELFHELP' ON DUPLICATE KEY UPDATE catalog_id=catalog_id;
INSERT INTO book_catalog (isbn, catalog_id) SELECT '9788929505028', c.id FROM catalog c WHERE c.code='NOVEL' ON DUPLICATE KEY UPDATE catalog_id=catalog_id;
INSERT INTO book_catalog (isbn, catalog_id) SELECT '9788929505554', c.id FROM catalog c WHERE c.code='SCIENCE_TECH' ON DUPLICATE KEY UPDATE catalog_id=catalog_id;
INSERT INTO book_catalog (isbn, catalog_id) SELECT '9788929503871', c.id FROM catalog c WHERE c.code='COMPUTER_IT' ON DUPLICATE KEY UPDATE catalog_id=catalog_id;
INSERT INTO book_catalog (isbn, catalog_id) SELECT '9788929505592', c.id FROM catalog c WHERE c.code='BUSINESS_SELFHELP' ON DUPLICATE KEY UPDATE catalog_id=catalog_id;
INSERT INTO book_catalog (isbn, catalog_id) SELECT '9788929504182', c.id FROM catalog c WHERE c.code='NOVEL' ON DUPLICATE KEY UPDATE catalog_id=catalog_id;
INSERT INTO book_catalog (isbn, catalog_id) SELECT '9788929505301', c.id FROM catalog c WHERE c.code='SCIENCE_TECH' ON DUPLICATE KEY UPDATE catalog_id=catalog_id;
INSERT INTO book_catalog (isbn, catalog_id) SELECT '9788929505172', c.id FROM catalog c WHERE c.code='COMPUTER_IT' ON DUPLICATE KEY UPDATE catalog_id=catalog_id;
INSERT INTO book_catalog (isbn, catalog_id) SELECT '9788929504717', c.id FROM catalog c WHERE c.code='BUSINESS_SELFHELP' ON DUPLICATE KEY UPDATE catalog_id=catalog_id;
INSERT INTO book_catalog (isbn, catalog_id) SELECT '9788929505332', c.id FROM catalog c WHERE c.code='NOVEL' ON DUPLICATE KEY UPDATE catalog_id=catalog_id;
INSERT INTO book_catalog (isbn, catalog_id) SELECT '9788929504205', c.id FROM catalog c WHERE c.code='SCIENCE_TECH' ON DUPLICATE KEY UPDATE catalog_id=catalog_id;
INSERT INTO book_catalog (isbn, catalog_id) SELECT '9788929504694', c.id FROM catalog c WHERE c.code='COMPUTER_IT' ON DUPLICATE KEY UPDATE catalog_id=catalog_id;
INSERT INTO book_catalog (isbn, catalog_id) SELECT '9788929505196', c.id FROM catalog c WHERE c.code='BUSINESS_SELFHELP' ON DUPLICATE KEY UPDATE catalog_id=catalog_id;
INSERT INTO book_catalog (isbn, catalog_id) SELECT '9788929505271', c.id FROM catalog c WHERE c.code='NOVEL' ON DUPLICATE KEY UPDATE catalog_id=catalog_id;
INSERT INTO book_catalog (isbn, catalog_id) SELECT '9788929505325', c.id FROM catalog c WHERE c.code='SCIENCE_TECH' ON DUPLICATE KEY UPDATE catalog_id=catalog_id;
INSERT INTO book_catalog (isbn, catalog_id) SELECT '9788929505578', c.id FROM catalog c WHERE c.code='COMPUTER_IT' ON DUPLICATE KEY UPDATE catalog_id=catalog_id;
INSERT INTO book_catalog (isbn, catalog_id) SELECT '9788929504700', c.id FROM catalog c WHERE c.code='BUSINESS_SELFHELP' ON DUPLICATE KEY UPDATE catalog_id=catalog_id;
INSERT INTO book_catalog (isbn, catalog_id) SELECT '9788929504212', c.id FROM catalog c WHERE c.code='NOVEL' ON DUPLICATE KEY UPDATE catalog_id=catalog_id;
INSERT INTO book_catalog (isbn, catalog_id) SELECT '9788997907175', c.id FROM catalog c WHERE c.code='SCIENCE_TECH' ON DUPLICATE KEY UPDATE catalog_id=catalog_id;
INSERT INTO book_catalog (isbn, catalog_id) SELECT '9788997907199', c.id FROM catalog c WHERE c.code='COMPUTER_IT' ON DUPLICATE KEY UPDATE catalog_id=catalog_id;
INSERT INTO book_catalog (isbn, catalog_id) SELECT '9788997907182', c.id FROM catalog c WHERE c.code='BUSINESS_SELFHELP' ON DUPLICATE KEY UPDATE catalog_id=catalog_id;
INSERT INTO book_catalog (isbn, catalog_id) SELECT '9788997907274', c.id FROM catalog c WHERE c.code='NOVEL' ON DUPLICATE KEY UPDATE catalog_id=catalog_id;
INSERT INTO book_catalog (isbn, catalog_id) SELECT '9788997907281', c.id FROM catalog c WHERE c.code='SCIENCE_TECH' ON DUPLICATE KEY UPDATE catalog_id=catalog_id;
INSERT INTO book_catalog (isbn, catalog_id) SELECT '9789788997900', c.id FROM catalog c WHERE c.code='COMPUTER_IT' ON DUPLICATE KEY UPDATE catalog_id=catalog_id;
INSERT INTO book_catalog (isbn, catalog_id) SELECT '9791190813136', c.id FROM catalog c WHERE c.code='BUSINESS_SELFHELP' ON DUPLICATE KEY UPDATE catalog_id=catalog_id;
INSERT INTO book_catalog (isbn, catalog_id) SELECT '9791190813181', c.id FROM catalog c WHERE c.code='NOVEL' ON DUPLICATE KEY UPDATE catalog_id=catalog_id;
INSERT INTO book_catalog (isbn, catalog_id) SELECT '9791190813150', c.id FROM catalog c WHERE c.code='SCIENCE_TECH' ON DUPLICATE KEY UPDATE catalog_id=catalog_id;
INSERT INTO book_catalog (isbn, catalog_id) SELECT '9791190813259', c.id FROM catalog c WHERE c.code='COMPUTER_IT' ON DUPLICATE KEY UPDATE catalog_id=catalog_id;
INSERT INTO book_catalog (isbn, catalog_id) SELECT '9791190813327', c.id FROM catalog c WHERE c.code='BUSINESS_SELFHELP' ON DUPLICATE KEY UPDATE catalog_id=catalog_id;
INSERT INTO book_catalog (isbn, catalog_id) SELECT '9791190813266', c.id FROM catalog c WHERE c.code='NOVEL' ON DUPLICATE KEY UPDATE catalog_id=catalog_id;
INSERT INTO book_catalog (isbn, catalog_id) SELECT '9791190813396', c.id FROM catalog c WHERE c.code='SCIENCE_TECH' ON DUPLICATE KEY UPDATE catalog_id=catalog_id;
INSERT INTO book_catalog (isbn, catalog_id) SELECT '9788929505363', c.id FROM catalog c WHERE c.code='COMPUTER_IT' ON DUPLICATE KEY UPDATE catalog_id=catalog_id;
INSERT INTO book_catalog (isbn, catalog_id) SELECT '9788929504441', c.id FROM catalog c WHERE c.code='BUSINESS_SELFHELP' ON DUPLICATE KEY UPDATE catalog_id=catalog_id;
INSERT INTO book_catalog (isbn, catalog_id) SELECT '9788929505264', c.id FROM catalog c WHERE c.code='NOVEL' ON DUPLICATE KEY UPDATE catalog_id=catalog_id;
INSERT INTO book_catalog (isbn, catalog_id) SELECT '9788929505240', c.id FROM catalog c WHERE c.code='SCIENCE_TECH' ON DUPLICATE KEY UPDATE catalog_id=catalog_id;
INSERT INTO book_catalog (isbn, catalog_id) SELECT '9788929504472', c.id FROM catalog c WHERE c.code='COMPUTER_IT' ON DUPLICATE KEY UPDATE catalog_id=catalog_id;
INSERT INTO book_catalog (isbn, catalog_id) SELECT '9788929504533', c.id FROM catalog c WHERE c.code='BUSINESS_SELFHELP' ON DUPLICATE KEY UPDATE catalog_id=catalog_id;
INSERT INTO book_catalog (isbn, catalog_id) SELECT '9791190813419', c.id FROM catalog c WHERE c.code='NOVEL' ON DUPLICATE KEY UPDATE catalog_id=catalog_id;
INSERT INTO book_catalog (isbn, catalog_id) SELECT '9791190813556', c.id FROM catalog c WHERE c.code='SCIENCE_TECH' ON DUPLICATE KEY UPDATE catalog_id=catalog_id;
INSERT INTO book_catalog (isbn, catalog_id) SELECT '9788929504946', c.id FROM catalog c WHERE c.code='COMPUTER_IT' ON DUPLICATE KEY UPDATE catalog_id=catalog_id;
INSERT INTO book_catalog (isbn, catalog_id) SELECT '9788929505349', c.id FROM catalog c WHERE c.code='BUSINESS_SELFHELP' ON DUPLICATE KEY UPDATE catalog_id=catalog_id;
INSERT INTO book_catalog (isbn, catalog_id) SELECT '9788929505370', c.id FROM catalog c WHERE c.code='NOVEL' ON DUPLICATE KEY UPDATE catalog_id=catalog_id;
INSERT INTO book_catalog (isbn, catalog_id) SELECT '9788929504861', c.id FROM catalog c WHERE c.code='SCIENCE_TECH' ON DUPLICATE KEY UPDATE catalog_id=catalog_id;
INSERT INTO book_catalog (isbn, catalog_id) SELECT '9788929505189', c.id FROM catalog c WHERE c.code='COMPUTER_IT' ON DUPLICATE KEY UPDATE catalog_id=catalog_id;
INSERT INTO book_catalog (isbn, catalog_id) SELECT '9788929505127', c.id FROM catalog c WHERE c.code='BUSINESS_SELFHELP' ON DUPLICATE KEY UPDATE catalog_id=catalog_id;
INSERT INTO book_catalog (isbn, catalog_id) SELECT '9788929504823', c.id FROM catalog c WHERE c.code='NOVEL' ON DUPLICATE KEY UPDATE catalog_id=catalog_id;
INSERT INTO book_catalog (isbn, catalog_id) SELECT '9788929504892', c.id FROM catalog c WHERE c.code='SCIENCE_TECH' ON DUPLICATE KEY UPDATE catalog_id=catalog_id;
INSERT INTO book_catalog (isbn, catalog_id) SELECT '9788929505059', c.id FROM catalog c WHERE c.code='COMPUTER_IT' ON DUPLICATE KEY UPDATE catalog_id=catalog_id;
INSERT INTO book_catalog (isbn, catalog_id) SELECT '9788929505547', c.id FROM catalog c WHERE c.code='BUSINESS_SELFHELP' ON DUPLICATE KEY UPDATE catalog_id=catalog_id;
INSERT INTO book_catalog (isbn, catalog_id) SELECT '9788929504915', c.id FROM catalog c WHERE c.code='NOVEL' ON DUPLICATE KEY UPDATE catalog_id=catalog_id;
INSERT INTO book_catalog (isbn, catalog_id) SELECT '9788929504816', c.id FROM catalog c WHERE c.code='SCIENCE_TECH' ON DUPLICATE KEY UPDATE catalog_id=catalog_id;
INSERT INTO book_catalog (isbn, catalog_id) SELECT '9788997907212', c.id FROM catalog c WHERE c.code='COMPUTER_IT' ON DUPLICATE KEY UPDATE catalog_id=catalog_id;
INSERT INTO book_catalog (isbn, catalog_id) SELECT '9788997907236', c.id FROM catalog c WHERE c.code='BUSINESS_SELFHELP' ON DUPLICATE KEY UPDATE catalog_id=catalog_id;
INSERT INTO book_catalog (isbn, catalog_id) SELECT '9788997907229', c.id FROM catalog c WHERE c.code='NOVEL' ON DUPLICATE KEY UPDATE catalog_id=catalog_id;
INSERT INTO book_catalog (isbn, catalog_id) SELECT '9788997907205', c.id FROM catalog c WHERE c.code='SCIENCE_TECH' ON DUPLICATE KEY UPDATE catalog_id=catalog_id;
INSERT INTO book_catalog (isbn, catalog_id) SELECT '9788997907342', c.id FROM catalog c WHERE c.code='COMPUTER_IT' ON DUPLICATE KEY UPDATE catalog_id=catalog_id;
INSERT INTO book_catalog (isbn, catalog_id) SELECT '9791135393056', c.id FROM catalog c WHERE c.code='BUSINESS_SELFHELP' ON DUPLICATE KEY UPDATE catalog_id=catalog_id;
INSERT INTO book_catalog (isbn, catalog_id) SELECT '9791195658176', c.id FROM catalog c WHERE c.code='NOVEL' ON DUPLICATE KEY UPDATE catalog_id=catalog_id;
INSERT INTO book_catalog (isbn, catalog_id) SELECT '9791195658190', c.id FROM catalog c WHERE c.code='SCIENCE_TECH' ON DUPLICATE KEY UPDATE catalog_id=catalog_id;
INSERT INTO book_catalog (isbn, catalog_id) SELECT '9791187959014', c.id FROM catalog c WHERE c.code='COMPUTER_IT' ON DUPLICATE KEY UPDATE catalog_id=catalog_id;
INSERT INTO book_catalog (isbn, catalog_id) SELECT '9791195658183', c.id FROM catalog c WHERE c.code='BUSINESS_SELFHELP' ON DUPLICATE KEY UPDATE catalog_id=catalog_id;
INSERT INTO book_catalog (isbn, catalog_id) SELECT '9791195658169', c.id FROM catalog c WHERE c.code='NOVEL' ON DUPLICATE KEY UPDATE catalog_id=catalog_id;
INSERT INTO book_catalog (isbn, catalog_id) SELECT '9791190916035', c.id FROM catalog c WHERE c.code='SCIENCE_TECH' ON DUPLICATE KEY UPDATE catalog_id=catalog_id;
INSERT INTO book_catalog (isbn, catalog_id) SELECT '9791190916028', c.id FROM catalog c WHERE c.code='COMPUTER_IT' ON DUPLICATE KEY UPDATE catalog_id=catalog_id;
INSERT INTO book_catalog (isbn, catalog_id) SELECT '9791190916011', c.id FROM catalog c WHERE c.code='BUSINESS_SELFHELP' ON DUPLICATE KEY UPDATE catalog_id=catalog_id;
INSERT INTO book_catalog (isbn, catalog_id) SELECT '9788929505493', c.id FROM catalog c WHERE c.code='NOVEL' ON DUPLICATE KEY UPDATE catalog_id=catalog_id;
INSERT INTO book_catalog (isbn, catalog_id) SELECT '9788929503765', c.id FROM catalog c WHERE c.code='SCIENCE_TECH' ON DUPLICATE KEY UPDATE catalog_id=catalog_id;
INSERT INTO book_catalog (isbn, catalog_id) SELECT '9788929504106', c.id FROM catalog c WHERE c.code='COMPUTER_IT' ON DUPLICATE KEY UPDATE catalog_id=catalog_id;
INSERT INTO book_catalog (isbn, catalog_id) SELECT '9788929504540', c.id FROM catalog c WHERE c.code='BUSINESS_SELFHELP' ON DUPLICATE KEY UPDATE catalog_id=catalog_id;
INSERT INTO book_catalog (isbn, catalog_id) SELECT '9788929505561', c.id FROM catalog c WHERE c.code='NOVEL' ON DUPLICATE KEY UPDATE catalog_id=catalog_id;
INSERT INTO book_catalog (isbn, catalog_id) SELECT '9788929505073', c.id FROM catalog c WHERE c.code='SCIENCE_TECH' ON DUPLICATE KEY UPDATE catalog_id=catalog_id;
INSERT INTO book_catalog (isbn, catalog_id) SELECT '9788929503802', c.id FROM catalog c WHERE c.code='COMPUTER_IT' ON DUPLICATE KEY UPDATE catalog_id=catalog_id;
INSERT INTO book_catalog (isbn, catalog_id) SELECT '9788929504502', c.id FROM catalog c WHERE c.code='BUSINESS_SELFHELP' ON DUPLICATE KEY UPDATE catalog_id=catalog_id;
INSERT INTO book_catalog (isbn, catalog_id) SELECT '9788929505585', c.id FROM catalog c WHERE c.code='NOVEL' ON DUPLICATE KEY UPDATE catalog_id=catalog_id;
INSERT INTO book_catalog (isbn, catalog_id) SELECT '9788929505042', c.id FROM catalog c WHERE c.code='SCIENCE_TECH' ON DUPLICATE KEY UPDATE catalog_id=catalog_id;
INSERT INTO book_catalog (isbn, catalog_id) SELECT '9788929504014', c.id FROM catalog c WHERE c.code='COMPUTER_IT' ON DUPLICATE KEY UPDATE catalog_id=catalog_id;
INSERT INTO book_catalog (isbn, catalog_id) SELECT '9788929505394', c.id FROM catalog c WHERE c.code='BUSINESS_SELFHELP' ON DUPLICATE KEY UPDATE catalog_id=catalog_id;
INSERT INTO book_catalog (isbn, catalog_id) SELECT '9788929504991', c.id FROM catalog c WHERE c.code='NOVEL' ON DUPLICATE KEY UPDATE catalog_id=catalog_id;
INSERT INTO book_catalog (isbn, catalog_id) SELECT '9788929505486', c.id FROM catalog c WHERE c.code='SCIENCE_TECH' ON DUPLICATE KEY UPDATE catalog_id=catalog_id;
INSERT INTO book_catalog (isbn, catalog_id) SELECT '9788972442325', c.id FROM catalog c WHERE c.code='COMPUTER_IT' ON DUPLICATE KEY UPDATE catalog_id=catalog_id;
INSERT INTO book_catalog (isbn, catalog_id) SELECT '9791162671764', c.id FROM catalog c WHERE c.code='BUSINESS_SELFHELP' ON DUPLICATE KEY UPDATE catalog_id=catalog_id;
INSERT INTO book_catalog (isbn, catalog_id) SELECT '9791163045601', c.id FROM catalog c WHERE c.code='NOVEL' ON DUPLICATE KEY UPDATE catalog_id=catalog_id;
INSERT INTO book_catalog (isbn, catalog_id) SELECT '9791163046189', c.id FROM catalog c WHERE c.code='SCIENCE_TECH' ON DUPLICATE KEY UPDATE catalog_id=catalog_id;
INSERT INTO book_catalog (isbn, catalog_id) SELECT '9791163046165', c.id FROM catalog c WHERE c.code='COMPUTER_IT' ON DUPLICATE KEY UPDATE catalog_id=catalog_id;
INSERT INTO book_catalog (isbn, catalog_id) SELECT '9788929504953', c.id FROM catalog c WHERE c.code='BUSINESS_SELFHELP' ON DUPLICATE KEY UPDATE catalog_id=catalog_id;
INSERT INTO book_catalog (isbn, catalog_id) SELECT '9791163045960', c.id FROM catalog c WHERE c.code='NOVEL' ON DUPLICATE KEY UPDATE catalog_id=catalog_id;
INSERT INTO book_catalog (isbn, catalog_id) SELECT '9791163046097', c.id FROM catalog c WHERE c.code='SCIENCE_TECH' ON DUPLICATE KEY UPDATE catalog_id=catalog_id;
INSERT INTO book_catalog (isbn, catalog_id) SELECT '9791163046011', c.id FROM catalog c WHERE c.code='COMPUTER_IT' ON DUPLICATE KEY UPDATE catalog_id=catalog_id;
INSERT INTO book_catalog (isbn, catalog_id) SELECT '9791163046035', c.id FROM catalog c WHERE c.code='BUSINESS_SELFHELP' ON DUPLICATE KEY UPDATE catalog_id=catalog_id;
INSERT INTO book_catalog (isbn, catalog_id) SELECT '9791195344376', c.id FROM catalog c WHERE c.code='NOVEL' ON DUPLICATE KEY UPDATE catalog_id=catalog_id;
INSERT INTO book_catalog (isbn, catalog_id) SELECT '9791187712336', c.id FROM catalog c WHERE c.code='SCIENCE_TECH' ON DUPLICATE KEY UPDATE catalog_id=catalog_id;
INSERT INTO book_catalog (isbn, catalog_id) SELECT '9791187712367', c.id FROM catalog c WHERE c.code='COMPUTER_IT' ON DUPLICATE KEY UPDATE catalog_id=catalog_id;
INSERT INTO book_catalog (isbn, catalog_id) SELECT '9791187712756', c.id FROM catalog c WHERE c.code='BUSINESS_SELFHELP' ON DUPLICATE KEY UPDATE catalog_id=catalog_id;
INSERT INTO book_catalog (isbn, catalog_id) SELECT '9791187712763', c.id FROM catalog c WHERE c.code='NOVEL' ON DUPLICATE KEY UPDATE catalog_id=catalog_id;
INSERT INTO book_catalog (isbn, catalog_id) SELECT '9791187712428', c.id FROM catalog c WHERE c.code='SCIENCE_TECH' ON DUPLICATE KEY UPDATE catalog_id=catalog_id;
INSERT INTO book_catalog (isbn, catalog_id) SELECT '9791187712343', c.id FROM catalog c WHERE c.code='COMPUTER_IT' ON DUPLICATE KEY UPDATE catalog_id=catalog_id;
INSERT INTO book_catalog (isbn, catalog_id) SELECT '9791187712329', c.id FROM catalog c WHERE c.code='BUSINESS_SELFHELP' ON DUPLICATE KEY UPDATE catalog_id=catalog_id;
INSERT INTO book_catalog (isbn, catalog_id) SELECT '9791187712374', c.id FROM catalog c WHERE c.code='NOVEL' ON DUPLICATE KEY UPDATE catalog_id=catalog_id;
INSERT INTO book_catalog (isbn, catalog_id) SELECT '9791187712695', c.id FROM catalog c WHERE c.code='SCIENCE_TECH' ON DUPLICATE KEY UPDATE catalog_id=catalog_id;
INSERT INTO book_catalog (isbn, catalog_id) SELECT '9791161971094', c.id FROM catalog c WHERE c.code='COMPUTER_IT' ON DUPLICATE KEY UPDATE catalog_id=catalog_id;
INSERT INTO book_catalog (isbn, catalog_id) SELECT '9791187712435', c.id FROM catalog c WHERE c.code='BUSINESS_SELFHELP' ON DUPLICATE KEY UPDATE catalog_id=catalog_id;
INSERT INTO book_catalog (isbn, catalog_id) SELECT '9791187712312', c.id FROM catalog c WHERE c.code='NOVEL' ON DUPLICATE KEY UPDATE catalog_id=catalog_id;
INSERT INTO book_catalog (isbn, catalog_id) SELECT '9791161971292', c.id FROM catalog c WHERE c.code='SCIENCE_TECH' ON DUPLICATE KEY UPDATE catalog_id=catalog_id;
INSERT INTO book_catalog (isbn, catalog_id) SELECT '9791161971117', c.id FROM catalog c WHERE c.code='COMPUTER_IT' ON DUPLICATE KEY UPDATE catalog_id=catalog_id;
INSERT INTO book_catalog (isbn, catalog_id) SELECT '9788929506315', c.id FROM catalog c WHERE c.code='BUSINESS_SELFHELP' ON DUPLICATE KEY UPDATE catalog_id=catalog_id;
INSERT INTO book_catalog (isbn, catalog_id) SELECT '9788929506322', c.id FROM catalog c WHERE c.code='NOVEL' ON DUPLICATE KEY UPDATE catalog_id=catalog_id;
INSERT INTO book_catalog (isbn, catalog_id) SELECT '9788929506339', c.id FROM catalog c WHERE c.code='SCIENCE_TECH' ON DUPLICATE KEY UPDATE catalog_id=catalog_id;
INSERT INTO book_catalog (isbn, catalog_id) SELECT '9788929506346', c.id FROM catalog c WHERE c.code='COMPUTER_IT' ON DUPLICATE KEY UPDATE catalog_id=catalog_id;
INSERT INTO book_catalog (isbn, catalog_id) SELECT '9788929506353', c.id FROM catalog c WHERE c.code='BUSINESS_SELFHELP' ON DUPLICATE KEY UPDATE catalog_id=catalog_id;
INSERT INTO book_catalog (isbn, catalog_id) SELECT '9788929505622', c.id FROM catalog c WHERE c.code='NOVEL' ON DUPLICATE KEY UPDATE catalog_id=catalog_id;
INSERT INTO book_catalog (isbn, catalog_id) SELECT '9788929505639', c.id FROM catalog c WHERE c.code='SCIENCE_TECH' ON DUPLICATE KEY UPDATE catalog_id=catalog_id;
INSERT INTO book_catalog (isbn, catalog_id) SELECT '9788929505646', c.id FROM catalog c WHERE c.code='COMPUTER_IT' ON DUPLICATE KEY UPDATE catalog_id=catalog_id;
INSERT INTO book_catalog (isbn, catalog_id) SELECT '9788929506414', c.id FROM catalog c WHERE c.code='BUSINESS_SELFHELP' ON DUPLICATE KEY UPDATE catalog_id=catalog_id;
INSERT INTO book_catalog (isbn, catalog_id) SELECT '9788929506421', c.id FROM catalog c WHERE c.code='NOVEL' ON DUPLICATE KEY UPDATE catalog_id=catalog_id;
INSERT INTO book_catalog (isbn, catalog_id) SELECT '9788929506438', c.id FROM catalog c WHERE c.code='SCIENCE_TECH' ON DUPLICATE KEY UPDATE catalog_id=catalog_id;
INSERT INTO book_catalog (isbn, catalog_id) SELECT '9791163045625', c.id FROM catalog c WHERE c.code='COMPUTER_IT' ON DUPLICATE KEY UPDATE catalog_id=catalog_id;
INSERT INTO book_catalog (isbn, catalog_id) SELECT '9791190167031', c.id FROM catalog c WHERE c.code='BUSINESS_SELFHELP' ON DUPLICATE KEY UPDATE catalog_id=catalog_id;
INSERT INTO book_catalog (isbn, catalog_id) SELECT '9788929506445', c.id FROM catalog c WHERE c.code='NOVEL' ON DUPLICATE KEY UPDATE catalog_id=catalog_id;
INSERT INTO book_catalog (isbn, catalog_id) SELECT '9788929505653', c.id FROM catalog c WHERE c.code='SCIENCE_TECH' ON DUPLICATE KEY UPDATE catalog_id=catalog_id;
INSERT INTO book_catalog (isbn, catalog_id) SELECT '9788929505660', c.id FROM catalog c WHERE c.code='COMPUTER_IT' ON DUPLICATE KEY UPDATE catalog_id=catalog_id;
INSERT INTO book_catalog (isbn, catalog_id) SELECT '9788929505677', c.id FROM catalog c WHERE c.code='BUSINESS_SELFHELP' ON DUPLICATE KEY UPDATE catalog_id=catalog_id;
INSERT INTO book_catalog (isbn, catalog_id) SELECT '9788929505813', c.id FROM catalog c WHERE c.code='NOVEL' ON DUPLICATE KEY UPDATE catalog_id=catalog_id;
INSERT INTO book_catalog (isbn, catalog_id) SELECT '9788929505684', c.id FROM catalog c WHERE c.code='SCIENCE_TECH' ON DUPLICATE KEY UPDATE catalog_id=catalog_id;
INSERT INTO book_catalog (isbn, catalog_id) SELECT '9791163046028', c.id FROM catalog c WHERE c.code='COMPUTER_IT' ON DUPLICATE KEY UPDATE catalog_id=catalog_id;
INSERT INTO book_catalog (isbn, catalog_id) SELECT '9791163045953', c.id FROM catalog c WHERE c.code='BUSINESS_SELFHELP' ON DUPLICATE KEY UPDATE catalog_id=catalog_id;
INSERT INTO book_catalog (isbn, catalog_id) SELECT '9791163046080', c.id FROM catalog c WHERE c.code='NOVEL' ON DUPLICATE KEY UPDATE catalog_id=catalog_id;
INSERT INTO book_catalog (isbn, catalog_id) SELECT '9791163045861', c.id FROM catalog c WHERE c.code='SCIENCE_TECH' ON DUPLICATE KEY UPDATE catalog_id=catalog_id;
INSERT INTO book_catalog (isbn, catalog_id) SELECT '9791191843101', c.id FROM catalog c WHERE c.code='COMPUTER_IT' ON DUPLICATE KEY UPDATE catalog_id=catalog_id;
INSERT INTO book_catalog (isbn, catalog_id) SELECT '9791165283063', c.id FROM catalog c WHERE c.code='BUSINESS_SELFHELP' ON DUPLICATE KEY UPDATE catalog_id=catalog_id;
INSERT INTO book_catalog (isbn, catalog_id) SELECT '9791165283056', c.id FROM catalog c WHERE c.code='NOVEL' ON DUPLICATE KEY UPDATE catalog_id=catalog_id;
INSERT INTO book_catalog (isbn, catalog_id) SELECT '9788929503901', c.id FROM catalog c WHERE c.code='SCIENCE_TECH' ON DUPLICATE KEY UPDATE catalog_id=catalog_id;
INSERT INTO book_catalog (isbn, catalog_id) SELECT '9788929505479', c.id FROM catalog c WHERE c.code='COMPUTER_IT' ON DUPLICATE KEY UPDATE catalog_id=catalog_id;
INSERT INTO book_catalog (isbn, catalog_id) SELECT '9788929504564', c.id FROM catalog c WHERE c.code='BUSINESS_SELFHELP' ON DUPLICATE KEY UPDATE catalog_id=catalog_id;
INSERT INTO book_catalog (isbn, catalog_id) SELECT '9788929505691', c.id FROM catalog c WHERE c.code='NOVEL' ON DUPLICATE KEY UPDATE catalog_id=catalog_id;
INSERT INTO book_catalog (isbn, catalog_id) SELECT '9788929506452', c.id FROM catalog c WHERE c.code='SCIENCE_TECH' ON DUPLICATE KEY UPDATE catalog_id=catalog_id;
INSERT INTO book_catalog (isbn, catalog_id) SELECT '9788929506469', c.id FROM catalog c WHERE c.code='COMPUTER_IT' ON DUPLICATE KEY UPDATE catalog_id=catalog_id;
INSERT INTO book_catalog (isbn, catalog_id) SELECT '9788929506476', c.id FROM catalog c WHERE c.code='BUSINESS_SELFHELP' ON DUPLICATE KEY UPDATE catalog_id=catalog_id;
INSERT INTO book_catalog (isbn, catalog_id) SELECT '9788929505707', c.id FROM catalog c WHERE c.code='NOVEL' ON DUPLICATE KEY UPDATE catalog_id=catalog_id;
INSERT INTO book_catalog (isbn, catalog_id) SELECT '9788929505714', c.id FROM catalog c WHERE c.code='SCIENCE_TECH' ON DUPLICATE KEY UPDATE catalog_id=catalog_id;
INSERT INTO book_catalog (isbn, catalog_id) SELECT '9788929505721', c.id FROM catalog c WHERE c.code='COMPUTER_IT' ON DUPLICATE KEY UPDATE catalog_id=catalog_id;
INSERT INTO book_catalog (isbn, catalog_id) SELECT '9788929505820', c.id FROM catalog c WHERE c.code='BUSINESS_SELFHELP' ON DUPLICATE KEY UPDATE catalog_id=catalog_id;
INSERT INTO book_catalog (isbn, catalog_id) SELECT '9788929505776', c.id FROM catalog c WHERE c.code='NOVEL' ON DUPLICATE KEY UPDATE catalog_id=catalog_id;
INSERT INTO book_catalog (isbn, catalog_id) SELECT '9788929505790', c.id FROM catalog c WHERE c.code='SCIENCE_TECH' ON DUPLICATE KEY UPDATE catalog_id=catalog_id;
INSERT INTO book_catalog (isbn, catalog_id) SELECT '9788929505806', c.id FROM catalog c WHERE c.code='COMPUTER_IT' ON DUPLICATE KEY UPDATE catalog_id=catalog_id;
INSERT INTO book_catalog (isbn, catalog_id) SELECT '9788929506483', c.id FROM catalog c WHERE c.code='BUSINESS_SELFHELP' ON DUPLICATE KEY UPDATE catalog_id=catalog_id;
INSERT INTO book_catalog (isbn, catalog_id) SELECT '9788929506209', c.id FROM catalog c WHERE c.code='NOVEL' ON DUPLICATE KEY UPDATE catalog_id=catalog_id;
INSERT INTO book_catalog (isbn, catalog_id) SELECT '9788929506216', c.id FROM catalog c WHERE c.code='SCIENCE_TECH' ON DUPLICATE KEY UPDATE catalog_id=catalog_id;
INSERT INTO book_catalog (isbn, catalog_id) SELECT '9788929505783', c.id FROM catalog c WHERE c.code='COMPUTER_IT' ON DUPLICATE KEY UPDATE catalog_id=catalog_id;
INSERT INTO book_catalog (isbn, catalog_id) SELECT '9788929505738', c.id FROM catalog c WHERE c.code='BUSINESS_SELFHELP' ON DUPLICATE KEY UPDATE catalog_id=catalog_id;
INSERT INTO book_catalog (isbn, catalog_id) SELECT '9788929506490', c.id FROM catalog c WHERE c.code='NOVEL' ON DUPLICATE KEY UPDATE catalog_id=catalog_id;
INSERT INTO book_catalog (isbn, catalog_id) SELECT '9788929506223', c.id FROM catalog c WHERE c.code='SCIENCE_TECH' ON DUPLICATE KEY UPDATE catalog_id=catalog_id;
INSERT INTO book_catalog (isbn, catalog_id) SELECT '9788929506247', c.id FROM catalog c WHERE c.code='COMPUTER_IT' ON DUPLICATE KEY UPDATE catalog_id=catalog_id;
INSERT INTO book_catalog (isbn, catalog_id) SELECT '9788929506506', c.id FROM catalog c WHERE c.code='BUSINESS_SELFHELP' ON DUPLICATE KEY UPDATE catalog_id=catalog_id;
INSERT INTO book_catalog (isbn, catalog_id) SELECT '9791195115587', c.id FROM catalog c WHERE c.code='NOVEL' ON DUPLICATE KEY UPDATE catalog_id=catalog_id;
INSERT INTO book_catalog (isbn, catalog_id) SELECT '9788929505097', c.id FROM catalog c WHERE c.code='SCIENCE_TECH' ON DUPLICATE KEY UPDATE catalog_id=catalog_id;
INSERT INTO book_catalog (isbn, catalog_id) SELECT '9788929505448', c.id FROM catalog c WHERE c.code='COMPUTER_IT' ON DUPLICATE KEY UPDATE catalog_id=catalog_id;
INSERT INTO book_catalog (isbn, catalog_id) SELECT '9788929505004', c.id FROM catalog c WHERE c.code='BUSINESS_SELFHELP' ON DUPLICATE KEY UPDATE catalog_id=catalog_id;
INSERT INTO book_catalog (isbn, catalog_id) SELECT '9788929504519', c.id FROM catalog c WHERE c.code='NOVEL' ON DUPLICATE KEY UPDATE catalog_id=catalog_id;
INSERT INTO book_catalog (isbn, catalog_id) SELECT '9788929505509', c.id FROM catalog c WHERE c.code='SCIENCE_TECH' ON DUPLICATE KEY UPDATE catalog_id=catalog_id;
INSERT INTO book_catalog (isbn, catalog_id) SELECT '9788929506513', c.id FROM catalog c WHERE c.code='COMPUTER_IT' ON DUPLICATE KEY UPDATE catalog_id=catalog_id;
INSERT INTO book_catalog (isbn, catalog_id) SELECT '9788929506520', c.id FROM catalog c WHERE c.code='BUSINESS_SELFHELP' ON DUPLICATE KEY UPDATE catalog_id=catalog_id;
INSERT INTO book_catalog (isbn, catalog_id) SELECT '9788929506537', c.id FROM catalog c WHERE c.code='NOVEL' ON DUPLICATE KEY UPDATE catalog_id=catalog_id;
INSERT INTO book_catalog (isbn, catalog_id) SELECT '9788929506230', c.id FROM catalog c WHERE c.code='SCIENCE_TECH' ON DUPLICATE KEY UPDATE catalog_id=catalog_id;
INSERT INTO book_catalog (isbn, catalog_id) SELECT '9788929506544', c.id FROM catalog c WHERE c.code='COMPUTER_IT' ON DUPLICATE KEY UPDATE catalog_id=catalog_id;
INSERT INTO book_catalog (isbn, catalog_id) SELECT '9788929505745', c.id FROM catalog c WHERE c.code='BUSINESS_SELFHELP' ON DUPLICATE KEY UPDATE catalog_id=catalog_id;
INSERT INTO book_catalog (isbn, catalog_id) SELECT '9788929505752', c.id FROM catalog c WHERE c.code='NOVEL' ON DUPLICATE KEY UPDATE catalog_id=catalog_id;
INSERT INTO book_catalog (isbn, catalog_id) SELECT '9788929505769', c.id FROM catalog c WHERE c.code='SCIENCE_TECH' ON DUPLICATE KEY UPDATE catalog_id=catalog_id;
INSERT INTO book_catalog (isbn, catalog_id) SELECT '9788929506551', c.id FROM catalog c WHERE c.code='COMPUTER_IT' ON DUPLICATE KEY UPDATE catalog_id=catalog_id;
INSERT INTO book_catalog (isbn, catalog_id) SELECT '9788929506254', c.id FROM catalog c WHERE c.code='BUSINESS_SELFHELP' ON DUPLICATE KEY UPDATE catalog_id=catalog_id;
INSERT INTO book_catalog (isbn, catalog_id) SELECT '9788929506261', c.id FROM catalog c WHERE c.code='NOVEL' ON DUPLICATE KEY UPDATE catalog_id=catalog_id;
INSERT INTO book_catalog (isbn, catalog_id) SELECT '9788929506278', c.id FROM catalog c WHERE c.code='SCIENCE_TECH' ON DUPLICATE KEY UPDATE catalog_id=catalog_id;
INSERT INTO book_catalog (isbn, catalog_id) SELECT '9788929506285', c.id FROM catalog c WHERE c.code='COMPUTER_IT' ON DUPLICATE KEY UPDATE catalog_id=catalog_id;
INSERT INTO book_catalog (isbn, catalog_id) SELECT '9788929506292', c.id FROM catalog c WHERE c.code='BUSINESS_SELFHELP' ON DUPLICATE KEY UPDATE catalog_id=catalog_id;
INSERT INTO book_catalog (isbn, catalog_id) SELECT '9788929506308', c.id FROM catalog c WHERE c.code='NOVEL' ON DUPLICATE KEY UPDATE catalog_id=catalog_id;
INSERT INTO book_catalog (isbn, catalog_id) SELECT '9788997907823', c.id FROM catalog c WHERE c.code='SCIENCE_TECH' ON DUPLICATE KEY UPDATE catalog_id=catalog_id;
INSERT INTO book_catalog (isbn, catalog_id) SELECT '9788997907335', c.id FROM catalog c WHERE c.code='COMPUTER_IT' ON DUPLICATE KEY UPDATE catalog_id=catalog_id;
INSERT INTO book_catalog (isbn, catalog_id) SELECT '9791160492095', c.id FROM catalog c WHERE c.code='BUSINESS_SELFHELP' ON DUPLICATE KEY UPDATE catalog_id=catalog_id;
INSERT INTO book_catalog (isbn, catalog_id) SELECT '9791136276148', c.id FROM catalog c WHERE c.code='NOVEL' ON DUPLICATE KEY UPDATE catalog_id=catalog_id;
INSERT INTO book_catalog (isbn, catalog_id) SELECT '9791136282378', c.id FROM catalog c WHERE c.code='SCIENCE_TECH' ON DUPLICATE KEY UPDATE catalog_id=catalog_id;
INSERT INTO book_catalog (isbn, catalog_id) SELECT '9791136276155', c.id FROM catalog c WHERE c.code='COMPUTER_IT' ON DUPLICATE KEY UPDATE catalog_id=catalog_id;
INSERT INTO book_catalog (isbn, catalog_id) SELECT '9788980409907', c.id FROM catalog c WHERE c.code='BUSINESS_SELFHELP' ON DUPLICATE KEY UPDATE catalog_id=catalog_id;
INSERT INTO book_catalog (isbn, catalog_id) SELECT '9791158362676', c.id FROM catalog c WHERE c.code='NOVEL' ON DUPLICATE KEY UPDATE catalog_id=catalog_id;
INSERT INTO book_catalog (isbn, catalog_id) SELECT '9788954682664', c.id FROM catalog c WHERE c.code='SCIENCE_TECH' ON DUPLICATE KEY UPDATE catalog_id=catalog_id;
INSERT INTO book_catalog (isbn, catalog_id) SELECT '9791165796914', c.id FROM catalog c WHERE c.code='COMPUTER_IT' ON DUPLICATE KEY UPDATE catalog_id=catalog_id;
INSERT INTO book_catalog (isbn, catalog_id) SELECT '9788960518889', c.id FROM catalog c WHERE c.code='BUSINESS_SELFHELP' ON DUPLICATE KEY UPDATE catalog_id=catalog_id;
INSERT INTO book_catalog (isbn, catalog_id) SELECT '9791196827335', c.id FROM catalog c WHERE c.code='NOVEL' ON DUPLICATE KEY UPDATE catalog_id=catalog_id;
INSERT INTO book_catalog (isbn, catalog_id) SELECT '9788954682466', c.id FROM catalog c WHERE c.code='SCIENCE_TECH' ON DUPLICATE KEY UPDATE catalog_id=catalog_id;
INSERT INTO book_catalog (isbn, catalog_id) SELECT '9791191278712', c.id FROM catalog c WHERE c.code='COMPUTER_IT' ON DUPLICATE KEY UPDATE catalog_id=catalog_id;
INSERT INTO book_catalog (isbn, catalog_id) SELECT '9788997715794', c.id FROM catalog c WHERE c.code='BUSINESS_SELFHELP' ON DUPLICATE KEY UPDATE catalog_id=catalog_id;
INSERT INTO book_catalog (isbn, catalog_id) SELECT '9791130601304', c.id FROM catalog c WHERE c.code='NOVEL' ON DUPLICATE KEY UPDATE catalog_id=catalog_id;
INSERT INTO book_catalog (isbn, catalog_id) SELECT '9791160947588', c.id FROM catalog c WHERE c.code='SCIENCE_TECH' ON DUPLICATE KEY UPDATE catalog_id=catalog_id;
INSERT INTO book_catalog (isbn, catalog_id) SELECT '9791191057614', c.id FROM catalog c WHERE c.code='COMPUTER_IT' ON DUPLICATE KEY UPDATE catalog_id=catalog_id;
INSERT INTO book_catalog (isbn, catalog_id) SELECT '9791138401944', c.id FROM catalog c WHERE c.code='BUSINESS_SELFHELP' ON DUPLICATE KEY UPDATE catalog_id=catalog_id;
INSERT INTO book_catalog (isbn, catalog_id) SELECT '9791165803735', c.id FROM catalog c WHERE c.code='NOVEL' ON DUPLICATE KEY UPDATE catalog_id=catalog_id;
INSERT INTO book_catalog (isbn, catalog_id) SELECT '9791138401920', c.id FROM catalog c WHERE c.code='SCIENCE_TECH' ON DUPLICATE KEY UPDATE catalog_id=catalog_id;
INSERT INTO book_catalog (isbn, catalog_id) SELECT '9791162356319', c.id FROM catalog c WHERE c.code='COMPUTER_IT' ON DUPLICATE KEY UPDATE catalog_id=catalog_id;
INSERT INTO book_catalog (isbn, catalog_id) SELECT '9791165802899', c.id FROM catalog c WHERE c.code='BUSINESS_SELFHELP' ON DUPLICATE KEY UPDATE catalog_id=catalog_id;
INSERT INTO book_catalog (isbn, catalog_id) SELECT '9791160544794', c.id FROM catalog c WHERE c.code='NOVEL' ON DUPLICATE KEY UPDATE catalog_id=catalog_id;
INSERT INTO book_catalog (isbn, catalog_id) SELECT '9791189010911', c.id FROM catalog c WHERE c.code='SCIENCE_TECH' ON DUPLICATE KEY UPDATE catalog_id=catalog_id;
INSERT INTO book_catalog (isbn, catalog_id) SELECT '9791138401593', c.id FROM catalog c WHERE c.code='COMPUTER_IT' ON DUPLICATE KEY UPDATE catalog_id=catalog_id;
INSERT INTO book_catalog (isbn, catalog_id) SELECT '9791191158618', c.id FROM catalog c WHERE c.code='BUSINESS_SELFHELP' ON DUPLICATE KEY UPDATE catalog_id=catalog_id;
INSERT INTO book_catalog (isbn, catalog_id) SELECT '9791165551292', c.id FROM catalog c WHERE c.code='NOVEL' ON DUPLICATE KEY UPDATE catalog_id=catalog_id;
INSERT INTO book_catalog (isbn, catalog_id) SELECT '9791138401456', c.id FROM catalog c WHERE c.code='SCIENCE_TECH' ON DUPLICATE KEY UPDATE catalog_id=catalog_id;
INSERT INTO book_catalog (isbn, catalog_id) SELECT '9791160684988', c.id FROM catalog c WHERE c.code='COMPUTER_IT' ON DUPLICATE KEY UPDATE catalog_id=catalog_id;
INSERT INTO book_catalog (isbn, catalog_id) SELECT '9791160686074', c.id FROM catalog c WHERE c.code='BUSINESS_SELFHELP' ON DUPLICATE KEY UPDATE catalog_id=catalog_id;
INSERT INTO book_catalog (isbn, catalog_id) SELECT '9788965751427', c.id FROM catalog c WHERE c.code='NOVEL' ON DUPLICATE KEY UPDATE catalog_id=catalog_id;
INSERT INTO book_catalog (isbn, catalog_id) SELECT '9788955626926', c.id FROM catalog c WHERE c.code='SCIENCE_TECH' ON DUPLICATE KEY UPDATE catalog_id=catalog_id;
INSERT INTO book_catalog (isbn, catalog_id) SELECT '9791186519448', c.id FROM catalog c WHERE c.code='COMPUTER_IT' ON DUPLICATE KEY UPDATE catalog_id=catalog_id;
INSERT INTO book_catalog (isbn, catalog_id) SELECT '9788965751434', c.id FROM catalog c WHERE c.code='BUSINESS_SELFHELP' ON DUPLICATE KEY UPDATE catalog_id=catalog_id;
INSERT INTO book_catalog (isbn, catalog_id) SELECT '9788955626933', c.id FROM catalog c WHERE c.code='NOVEL' ON DUPLICATE KEY UPDATE catalog_id=catalog_id;
INSERT INTO book_catalog (isbn, catalog_id) SELECT '9788955626940', c.id FROM catalog c WHERE c.code='SCIENCE_TECH' ON DUPLICATE KEY UPDATE catalog_id=catalog_id;
INSERT INTO book_catalog (isbn, catalog_id) SELECT '9791160684742', c.id FROM catalog c WHERE c.code='COMPUTER_IT' ON DUPLICATE KEY UPDATE catalog_id=catalog_id;
INSERT INTO book_catalog (isbn, catalog_id) SELECT '9788925416229', c.id FROM catalog c WHERE c.code='BUSINESS_SELFHELP' ON DUPLICATE KEY UPDATE catalog_id=catalog_id;
INSERT INTO book_catalog (isbn, catalog_id) SELECT '9788955626957', c.id FROM catalog c WHERE c.code='NOVEL' ON DUPLICATE KEY UPDATE catalog_id=catalog_id;
INSERT INTO book_catalog (isbn, catalog_id) SELECT '9788905052225', c.id FROM catalog c WHERE c.code='SCIENCE_TECH' ON DUPLICATE KEY UPDATE catalog_id=catalog_id;
INSERT INTO book_catalog (isbn, catalog_id) SELECT '9788979447699', c.id FROM catalog c WHERE c.code='COMPUTER_IT' ON DUPLICATE KEY UPDATE catalog_id=catalog_id;
INSERT INTO book_catalog (isbn, catalog_id) SELECT '9788955626964', c.id FROM catalog c WHERE c.code='BUSINESS_SELFHELP' ON DUPLICATE KEY UPDATE catalog_id=catalog_id;
INSERT INTO book_catalog (isbn, catalog_id) SELECT '9788979447705', c.id FROM catalog c WHERE c.code='NOVEL' ON DUPLICATE KEY UPDATE catalog_id=catalog_id;
INSERT INTO book_catalog (isbn, catalog_id) SELECT '9788942614233', c.id FROM catalog c WHERE c.code='SCIENCE_TECH' ON DUPLICATE KEY UPDATE catalog_id=catalog_id;
INSERT INTO book_catalog (isbn, catalog_id) SELECT '9788955626971', c.id FROM catalog c WHERE c.code='COMPUTER_IT' ON DUPLICATE KEY UPDATE catalog_id=catalog_id;
INSERT INTO book_catalog (isbn, catalog_id) SELECT '9788925416205', c.id FROM catalog c WHERE c.code='BUSINESS_SELFHELP' ON DUPLICATE KEY UPDATE catalog_id=catalog_id;
INSERT INTO book_catalog (isbn, catalog_id) SELECT '9788905052294', c.id FROM catalog c WHERE c.code='NOVEL' ON DUPLICATE KEY UPDATE catalog_id=catalog_id;
INSERT INTO book_catalog (isbn, catalog_id) SELECT '9791197296338', c.id FROM catalog c WHERE c.code='SCIENCE_TECH' ON DUPLICATE KEY UPDATE catalog_id=catalog_id;
INSERT INTO book_catalog (isbn, catalog_id) SELECT '9791196062842', c.id FROM catalog c WHERE c.code='COMPUTER_IT' ON DUPLICATE KEY UPDATE catalog_id=catalog_id;
INSERT INTO book_catalog (isbn, catalog_id) SELECT '9788925416250', c.id FROM catalog c WHERE c.code='BUSINESS_SELFHELP' ON DUPLICATE KEY UPDATE catalog_id=catalog_id;
INSERT INTO book_catalog (isbn, catalog_id) SELECT '9791165529840', c.id FROM catalog c WHERE c.code='NOVEL' ON DUPLICATE KEY UPDATE catalog_id=catalog_id;
INSERT INTO book_catalog (isbn, catalog_id) SELECT '9791195254262', c.id FROM catalog c WHERE c.code='SCIENCE_TECH' ON DUPLICATE KEY UPDATE catalog_id=catalog_id;
INSERT INTO book_catalog (isbn, catalog_id) SELECT '9788981604448', c.id FROM catalog c WHERE c.code='COMPUTER_IT' ON DUPLICATE KEY UPDATE catalog_id=catalog_id;
INSERT INTO book_catalog (isbn, catalog_id) SELECT '9788925416311', c.id FROM catalog c WHERE c.code='BUSINESS_SELFHELP' ON DUPLICATE KEY UPDATE catalog_id=catalog_id;
INSERT INTO book_catalog (isbn, catalog_id) SELECT '9788905052300', c.id FROM catalog c WHERE c.code='NOVEL' ON DUPLICATE KEY UPDATE catalog_id=catalog_id;
INSERT INTO book_catalog (isbn, catalog_id) SELECT '9788981604523', c.id FROM catalog c WHERE c.code='SCIENCE_TECH' ON DUPLICATE KEY UPDATE catalog_id=catalog_id;
INSERT INTO book_catalog (isbn, catalog_id) SELECT '9791160453621', c.id FROM catalog c WHERE c.code='COMPUTER_IT' ON DUPLICATE KEY UPDATE catalog_id=catalog_id;
INSERT INTO book_catalog (isbn, catalog_id) SELECT '9788981604561', c.id FROM catalog c WHERE c.code='BUSINESS_SELFHELP' ON DUPLICATE KEY UPDATE catalog_id=catalog_id;
INSERT INTO book_catalog (isbn, catalog_id) SELECT '9791196913441', c.id FROM catalog c WHERE c.code='NOVEL' ON DUPLICATE KEY UPDATE catalog_id=catalog_id;
INSERT INTO book_catalog (isbn, catalog_id) SELECT '9791138304474', c.id FROM catalog c WHERE c.code='SCIENCE_TECH' ON DUPLICATE KEY UPDATE catalog_id=catalog_id;
INSERT INTO book_catalog (isbn, catalog_id) SELECT '9791158588069', c.id FROM catalog c WHERE c.code='COMPUTER_IT' ON DUPLICATE KEY UPDATE catalog_id=catalog_id;
INSERT INTO book_catalog (isbn, catalog_id) SELECT '9788981604622', c.id FROM catalog c WHERE c.code='BUSINESS_SELFHELP' ON DUPLICATE KEY UPDATE catalog_id=catalog_id;
INSERT INTO book_catalog (isbn, catalog_id) SELECT '9788925416298', c.id FROM catalog c WHERE c.code='NOVEL' ON DUPLICATE KEY UPDATE catalog_id=catalog_id;
INSERT INTO book_catalog (isbn, catalog_id) SELECT '9788981604585', c.id FROM catalog c WHERE c.code='SCIENCE_TECH' ON DUPLICATE KEY UPDATE catalog_id=catalog_id;
INSERT INTO book_catalog (isbn, catalog_id) SELECT '9791196983734', c.id FROM catalog c WHERE c.code='COMPUTER_IT' ON DUPLICATE KEY UPDATE catalog_id=catalog_id;
INSERT INTO book_catalog (isbn, catalog_id) SELECT '9791195788040', c.id FROM catalog c WHERE c.code='BUSINESS_SELFHELP' ON DUPLICATE KEY UPDATE catalog_id=catalog_id;
INSERT INTO book_catalog (isbn, catalog_id) SELECT '9791197374111', c.id FROM catalog c WHERE c.code='NOVEL' ON DUPLICATE KEY UPDATE catalog_id=catalog_id;
INSERT INTO book_catalog (isbn, catalog_id) SELECT '9780880130059', c.id FROM catalog c WHERE c.code='SCIENCE_TECH' ON DUPLICATE KEY UPDATE catalog_id=catalog_id;
INSERT INTO book_catalog (isbn, catalog_id) SELECT '9791195788026', c.id FROM catalog c WHERE c.code='COMPUTER_IT' ON DUPLICATE KEY UPDATE catalog_id=catalog_id;
INSERT INTO book_catalog (isbn, catalog_id) SELECT '9788984689978', c.id FROM catalog c WHERE c.code='BUSINESS_SELFHELP' ON DUPLICATE KEY UPDATE catalog_id=catalog_id;
INSERT INTO book_catalog (isbn, catalog_id) SELECT '9791195788033', c.id FROM catalog c WHERE c.code='NOVEL' ON DUPLICATE KEY UPDATE catalog_id=catalog_id;
INSERT INTO book_catalog (isbn, catalog_id) SELECT '9791155504802', c.id FROM catalog c WHERE c.code='SCIENCE_TECH' ON DUPLICATE KEY UPDATE catalog_id=catalog_id;
INSERT INTO book_catalog (isbn, catalog_id) SELECT '9791196876791', c.id FROM catalog c WHERE c.code='COMPUTER_IT' ON DUPLICATE KEY UPDATE catalog_id=catalog_id;
INSERT INTO book_catalog (isbn, catalog_id) SELECT '9788972955283', c.id FROM catalog c WHERE c.code='BUSINESS_SELFHELP' ON DUPLICATE KEY UPDATE catalog_id=catalog_id;
INSERT INTO book_catalog (isbn, catalog_id) SELECT '9788972955290', c.id FROM catalog c WHERE c.code='NOVEL' ON DUPLICATE KEY UPDATE catalog_id=catalog_id;
INSERT INTO book_catalog (isbn, catalog_id) SELECT '9788962259254', c.id FROM catalog c WHERE c.code='SCIENCE_TECH' ON DUPLICATE KEY UPDATE catalog_id=catalog_id;
INSERT INTO book_catalog (isbn, catalog_id) SELECT '9791186563250', c.id FROM catalog c WHERE c.code='COMPUTER_IT' ON DUPLICATE KEY UPDATE catalog_id=catalog_id;
INSERT INTO book_catalog (isbn, catalog_id) SELECT '9791166973017', c.id FROM catalog c WHERE c.code='BUSINESS_SELFHELP' ON DUPLICATE KEY UPDATE catalog_id=catalog_id;
INSERT INTO book_catalog (isbn, catalog_id) SELECT '9791197559808', c.id FROM catalog c WHERE c.code='NOVEL' ON DUPLICATE KEY UPDATE catalog_id=catalog_id;
INSERT INTO book_catalog (isbn, catalog_id) SELECT '9791186451557', c.id FROM catalog c WHERE c.code='SCIENCE_TECH' ON DUPLICATE KEY UPDATE catalog_id=catalog_id;
INSERT INTO book_catalog (isbn, catalog_id) SELECT '9791191268089', c.id FROM catalog c WHERE c.code='COMPUTER_IT' ON DUPLICATE KEY UPDATE catalog_id=catalog_id;
INSERT INTO book_catalog (isbn, catalog_id) SELECT '9788970927718', c.id FROM catalog c WHERE c.code='BUSINESS_SELFHELP' ON DUPLICATE KEY UPDATE catalog_id=catalog_id;
INSERT INTO book_catalog (isbn, catalog_id) SELECT '9785338003923', c.id FROM catalog c WHERE c.code='NOVEL' ON DUPLICATE KEY UPDATE catalog_id=catalog_id;
INSERT INTO book_catalog (isbn, catalog_id) SELECT '9791187847113', c.id FROM catalog c WHERE c.code='SCIENCE_TECH' ON DUPLICATE KEY UPDATE catalog_id=catalog_id;
INSERT INTO book_catalog (isbn, catalog_id) SELECT '9791197339165', c.id FROM catalog c WHERE c.code='COMPUTER_IT' ON DUPLICATE KEY UPDATE catalog_id=catalog_id;
INSERT INTO book_catalog (isbn, catalog_id) SELECT '9788964149270', c.id FROM catalog c WHERE c.code='BUSINESS_SELFHELP' ON DUPLICATE KEY UPDATE catalog_id=catalog_id;
INSERT INTO book_catalog (isbn, catalog_id) SELECT '9791197554209', c.id FROM catalog c WHERE c.code='NOVEL' ON DUPLICATE KEY UPDATE catalog_id=catalog_id;
INSERT INTO book_catalog (isbn, catalog_id) SELECT '9788939844254', c.id FROM catalog c WHERE c.code='SCIENCE_TECH' ON DUPLICATE KEY UPDATE catalog_id=catalog_id;
INSERT INTO book_catalog (isbn, catalog_id) SELECT '9791197339172', c.id FROM catalog c WHERE c.code='COMPUTER_IT' ON DUPLICATE KEY UPDATE catalog_id=catalog_id;
INSERT INTO book_catalog (isbn, catalog_id) SELECT '9791191109375', c.id FROM catalog c WHERE c.code='BUSINESS_SELFHELP' ON DUPLICATE KEY UPDATE catalog_id=catalog_id;
